user_id,name,age,gender,location,user_segment,preferred_category,signup_date
1,Aryan Maharaj,27,Male,Jaipur,Mainstream Buyer,Grocery & Gourmet,2025-01-28
2,Udant Dewan,36,Male,Indore,Value Seeker,Automotive,2025-06-25
3,Gagan Sami,37,Male,Chennai,Premium Buyer,Home & Kitchen,2025-08-17
4,Ayushman Chander,22,Female,Chennai,Mainstream Buyer,Electronics,2024-10-08
5,Viraj Tiwari,24,Male,Chennai,Budget Shopper,Grocery & Gourmet,2024-12-25
6,Rushil Saini,58,Female,Indore,Luxury Enthusiast,Electronics,2025-09-17
7,Saumya Mall,41,Male,Nagpur,Mainstream Buyer,Grocery & Gourmet,2025-11-24
8,Nathaniel Sami,61,Female,Chandigarh,Premium Buyer,Beauty & Personal Care,2025-02-21
9,Arunima Dugal,28,Female,Hyderabad,Budget Shopper,Grocery & Gourmet,2025-09-07
10,Gayathri Chaudry,54,Female,Chandigarh,Value Seeker,Toys & Games,2025-11-27
11,Lajita Chatterjee,33,Female,Chennai,Value Seeker,Electronics,2025-12-11
12,Hemangini Lalla,43,Male,Chandigarh,Premium Buyer,Electronics,2024-11-08
13,Tripti Yadav,25,Female,Nagpur,Mainstream Buyer,Toys & Games,2025-06-20
14,Kritika Brar,52,Female,Lucknow,Premium Buyer,Books & Media,2025-08-25
15,Janaki Handa,27,Male,Nagpur,Value Seeker,Electronics,2026-03-18
16,Chakradev Kari,21,Other,Bengaluru,Budget Shopper,Health & Wellness,2026-05-12
17,Fariq Kaul,48,Male,Coimbatore,Mainstream Buyer,Home & Kitchen,2024-10-10
18,Lajita Mall,37,Female,Mumbai,Budget Shopper,Automotive,2024-02-06
19,Janya Gaba,53,Male,Coimbatore,Premium Buyer,Fashion,2025-09-10
20,Isha Kadakia,33,Female,Kolkata,Mainstream Buyer,Home & Kitchen,2024-05-28
21,Ekbal Garg,36,Male,Nagpur,Mainstream Buyer,Books & Media,2025-01-02
22,Nihal Shere,31,Male,Ahmedabad,Value Seeker,Books & Media,2025-09-29
23,Anamika Kanda,54,Male,Indore,Luxury Enthusiast,Toys & Games,2025-02-03
24,Daksh Karnik,56,Other,Chennai,Premium Buyer,Fashion,2026-03-05
25,Diya Rattan,40,Male,Delhi,Mainstream Buyer,Home & Kitchen,2025-08-29
26,Dominic Kakar,44,Female,Lucknow,Budget Shopper,Home & Kitchen,2024-09-03
27,Simon Tata,40,Female,Hyderabad,Value Seeker,Sports & Outdoors,2024-05-21
28,Tara Dhar,24,Female,Lucknow,Budget Shopper,Health & Wellness,2025-12-13
29,Liam Koshy,34,Male,Ahmedabad,Budget Shopper,Sports & Outdoors,2024-03-28
30,Priya Rastogi,52,Female,Nagpur,Mainstream Buyer,Health & Wellness,2024-12-30
31,Theodore Devi,54,Female,Kolkata,Mainstream Buyer,Home & Kitchen,2025-12-05
32,Gavin Batta,57,Male,Pune,Luxury Enthusiast,Home & Kitchen,2024-07-25
33,Michael Dutta,32,Male,Lucknow,Value Seeker,Fashion,2024-04-24
34,Devansh Rajan,30,Female,Indore,Value Seeker,Home & Kitchen,2025-10-27
35,Upadhriti Wadhwa,37,Male,Bengaluru,Value Seeker,Beauty & Personal Care,2026-03-27
36,Advay Contractor,42,Male,Lucknow,Budget Shopper,Beauty & Personal Care,2025-10-16
37,Harini Choudhury,30,Male,Ahmedabad,Budget Shopper,Grocery & Gourmet,2024-08-15
38,Radhika Dugar,36,Female,Nagpur,Value Seeker,Sports & Outdoors,2026-05-06
39,Aarush Lall,27,Female,Coimbatore,Budget Shopper,Toys & Games,2025-10-12
40,Yashica Cherian,34,Female,Indore,Mainstream Buyer,Electronics,2025-09-14
41,Yashica Issac,30,Female,Kolkata,Value Seeker,Health & Wellness,2026-06-15
42,Kashvi Edwin,44,Male,Chennai,Premium Buyer,Fashion,2025-01-06
43,Ekiya Suresh,52,Male,Indore,Mainstream Buyer,Electronics,2024-07-01
44,Isaac Patil,29,Male,Mumbai,Value Seeker,Sports & Outdoors,2026-02-10
45,Wriddhish Bhardwaj,43,Male,Kochi,Premium Buyer,Toys & Games,2024-04-19
46,Farhan Chada,35,Male,Nagpur,Premium Buyer,Home & Kitchen,2024-02-19
47,Ekapad Walia,38,Female,Nagpur,Value Seeker,Fashion,2024-05-04
48,Kabir Soman,44,Male,Lucknow,Value Seeker,Automotive,2024-09-15
49,Alka Wable,51,Male,Ahmedabad,Mainstream Buyer,Automotive,2025-05-21
50,Siddharth Zacharia,28,Male,Chandigarh,Budget Shopper,Grocery & Gourmet,2025-12-28
51,Devika Rastogi,32,Male,Mumbai,Budget Shopper,Home & Kitchen,2024-03-26
52,Raksha Varughese,25,Male,Indore,Budget Shopper,Books & Media,2025-03-07
53,Jai Kota,47,Male,Hyderabad,Premium Buyer,Toys & Games,2025-05-17
54,Devansh Nigam,39,Male,Lucknow,Mainstream Buyer,Sports & Outdoors,2025-07-11
55,Victor Kannan,37,Female,Kolkata,Mainstream Buyer,Fashion,2025-12-15
56,Ekavir Bhargava,44,Female,Indore,Premium Buyer,Automotive,2025-07-19
57,Ekansh Balay,36,Female,Kochi,Value Seeker,Health & Wellness,2024-07-08
58,Ekavir Varkey,34,Female,Bhubaneswar,Mainstream Buyer,Fashion,2025-02-09
59,Arya Sunder,24,Female,Indore,Budget Shopper,Grocery & Gourmet,2025-07-08
60,Kevin Solanki,42,Female,Bhubaneswar,Budget Shopper,Automotive,2026-03-25
61,Urvashi Ray,61,Female,Bengaluru,Mainstream Buyer,Books & Media,2025-06-20
62,Girindra Chatterjee,21,Female,Pune,Value Seeker,Electronics,2025-12-18
63,Irya Sampath,25,Male,Pune,Mainstream Buyer,Toys & Games,2025-07-06
64,Unni Bhagat,28,Male,Mumbai,Mainstream Buyer,Health & Wellness,2026-02-15
65,Darsh Rau,36,Male,Mumbai,Mainstream Buyer,Home & Kitchen,2024-02-24
66,Ikbal Kothari,45,Male,Mumbai,Mainstream Buyer,Fashion,2026-01-24
67,Ranveer Yadav,42,Female,Indore,Mainstream Buyer,Home & Kitchen,2026-03-10
68,Logan Sami,33,Male,Ahmedabad,Value Seeker,Automotive,2024-11-15
69,Arya Shere,31,Female,Indore,Budget Shopper,Books & Media,2025-08-23
70,Faqid Savant,25,Female,Chandigarh,Value Seeker,Electronics,2024-01-11
71,Chandresh Zachariah,24,Female,Mumbai,Budget Shopper,Books & Media,2025-06-30
72,Girik Khalsa,31,Male,Chandigarh,Value Seeker,Automotive,2024-11-18
73,Niharika Sunder,28,Male,Hyderabad,Premium Buyer,Fashion,2024-06-06
74,Tanay Rattan,18,Male,Pune,Budget Shopper,Books & Media,2024-01-21
75,Nitesh Raghavan,18,Other,Nagpur,Budget Shopper,Home & Kitchen,2024-06-28
76,Madhavi Lanka,38,Female,Chennai,Value Seeker,Electronics,2025-01-24
77,Bhavika Sampath,34,Female,Nagpur,Value Seeker,Sports & Outdoors,2024-06-23
78,Mohammed Gupta,42,Female,Jaipur,Mainstream Buyer,Grocery & Gourmet,2025-10-17
79,Teerth Bhardwaj,20,Female,Mumbai,Mainstream Buyer,Toys & Games,2024-05-04
80,Dipta Bhandari,29,Female,Chandigarh,Premium Buyer,Fashion,2024-05-02
81,Vansha Thakkar,42,Male,Mumbai,Mainstream Buyer,Fashion,2025-07-18
82,Dakshesh Trivedi,18,Male,Coimbatore,Value Seeker,Books & Media,2026-05-01
83,Quincy Biswas,54,Male,Ahmedabad,Premium Buyer,Beauty & Personal Care,2024-10-19
84,Wahab Raval,18,Female,Bengaluru,Budget Shopper,Beauty & Personal Care,2026-03-30
85,Yatin Baral,34,Female,Jaipur,Budget Shopper,Sports & Outdoors,2026-06-15
86,Oni Virk,19,Female,Kolkata,Budget Shopper,Grocery & Gourmet,2024-02-24
87,Advika Jayaraman,46,Female,Delhi,Mainstream Buyer,Books & Media,2025-02-02
88,William Lanka,60,Female,Jaipur,Value Seeker,Automotive,2024-11-19
89,Karan Mital,18,Male,Mumbai,Budget Shopper,Fashion,2024-04-25
90,Diya Bora,38,Male,Jaipur,Value Seeker,Sports & Outdoors,2024-03-12
91,Tara Chaudhry,18,Female,Hyderabad,Budget Shopper,Books & Media,2024-02-16
92,Tanay Toor,40,Female,Chandigarh,Mainstream Buyer,Grocery & Gourmet,2026-03-02
93,Kevin Palla,30,Female,Nagpur,Value Seeker,Books & Media,2025-09-10
94,Yash Pingle,33,Male,Bhubaneswar,Value Seeker,Health & Wellness,2024-08-04
95,Nakul Sarma,23,Female,Nagpur,Value Seeker,Automotive,2026-06-04
96,Abhiram Mistry,44,Female,Delhi,Mainstream Buyer,Toys & Games,2025-11-30
97,Krish Lalla,18,Female,Jaipur,Value Seeker,Beauty & Personal Care,2025-03-22
98,Hredhaan Dugal,38,Male,Hyderabad,Budget Shopper,Beauty & Personal Care,2025-08-24
99,Baghyawati Kade,23,Female,Delhi,Budget Shopper,Books & Media,2026-01-25
100,Samar Lalla,34,Female,Pune,Luxury Enthusiast,Sports & Outdoors,2024-04-08
101,Zayan Behl,57,Female,Pune,Premium Buyer,Electronics,2025-05-21
102,Pallavi Malhotra,36,Female,Chennai,Mainstream Buyer,Home & Kitchen,2025-06-23
103,Aarush Nath,49,Female,Delhi,Value Seeker,Automotive,2024-11-13
104,Adweta Edwin,57,Female,Pune,Luxury Enthusiast,Sports & Outdoors,2024-11-01
105,Prisha Andra,29,Female,Bengaluru,Mainstream Buyer,Health & Wellness,2025-04-11
106,Faqid Dixit,36,Male,Mumbai,Mainstream Buyer,Home & Kitchen,2024-04-19
107,Kala Divan,33,Male,Ahmedabad,Value Seeker,Health & Wellness,2025-10-06
108,Joshua Barman,45,Male,Delhi,Value Seeker,Automotive,2024-05-03
109,Janya Baral,30,Female,Nagpur,Budget Shopper,Beauty & Personal Care,2024-05-06
110,Shivansh Krish,44,Male,Chandigarh,Premium Buyer,Toys & Games,2026-06-22
111,Irya Ray,30,Male,Bhubaneswar,Value Seeker,Health & Wellness,2024-08-16
112,Warjas Gaba,26,Female,Delhi,Budget Shopper,Toys & Games,2026-02-07
113,Nitara Bakshi,43,Female,Ahmedabad,Value Seeker,Health & Wellness,2025-04-17
114,Gaurangi Sabharwal,37,Male,Chandigarh,Mainstream Buyer,Fashion,2024-03-21
115,Amara Dutta,23,Male,Kochi,Budget Shopper,Fashion,2026-01-05
116,Lavanya Barad,37,Female,Chennai,Premium Buyer,Electronics,2025-02-07
117,Tristan Iyengar,32,Male,Chandigarh,Mainstream Buyer,Beauty & Personal Care,2024-07-27
118,Inaya Mody,24,Male,Chennai,Mainstream Buyer,Grocery & Gourmet,2025-04-22
119,Udant Bajwa,25,Male,Nagpur,Value Seeker,Health & Wellness,2026-04-21
120,Mohini Narasimhan,50,Male,Delhi,Mainstream Buyer,Books & Media,2026-05-02
121,Ekaraj Mallick,35,Female,Lucknow,Mainstream Buyer,Sports & Outdoors,2025-03-19
122,Yashodhara Ratta,43,Male,Mumbai,Mainstream Buyer,Health & Wellness,2026-06-08
123,Ayaan D’Alia,18,Female,Bhubaneswar,Budget Shopper,Books & Media,2026-06-17
124,Pranav Lanka,37,Male,Kolkata,Value Seeker,Books & Media,2024-02-19
125,Ikbal Saraf,25,Male,Mumbai,Budget Shopper,Electronics,2025-03-05
126,Dipta Sarin,27,Male,Chandigarh,Value Seeker,Home & Kitchen,2025-04-28
127,Lekha Gupta,33,Female,Nagpur,Value Seeker,Toys & Games,2026-04-01
128,Chaitanya Sarin,22,Male,Bhubaneswar,Budget Shopper,Toys & Games,2024-07-19
129,Zinal Yohannan,18,Male,Ahmedabad,Budget Shopper,Sports & Outdoors,2025-03-26
130,Januja Sankar,45,Male,Mumbai,Mainstream Buyer,Grocery & Gourmet,2025-12-13
131,Ganga Murthy,29,Female,Hyderabad,Budget Shopper,Toys & Games,2024-08-18
132,Charita Tripathi,40,Male,Mumbai,Premium Buyer,Electronics,2025-11-28
133,Nilima Narain,28,Female,Mumbai,Mainstream Buyer,Automotive,2025-04-01
134,Chakrika Datta,18,Female,Bengaluru,Value Seeker,Toys & Games,2025-02-08
135,Osha Raghavan,39,Female,Kochi,Mainstream Buyer,Home & Kitchen,2025-10-21
136,Charvi Ravi,41,Female,Indore,Budget Shopper,Home & Kitchen,2024-04-29
137,Daksha Mangat,48,Male,Kochi,Luxury Enthusiast,Health & Wellness,2024-10-02
138,Qushi Nagy,19,Female,Hyderabad,Value Seeker,Home & Kitchen,2025-10-12
139,Riya Sathe,45,Female,Kochi,Premium Buyer,Electronics,2026-02-09
140,Yasti Solanki,26,Male,Hyderabad,Budget Shopper,Electronics,2025-09-06
141,Frado Mander,39,Female,Ahmedabad,Value Seeker,Home & Kitchen,2025-05-05
142,Girik Keer,37,Male,Bhubaneswar,Value Seeker,Toys & Games,2025-02-17
143,Umang Issac,20,Female,Bengaluru,Luxury Enthusiast,Sports & Outdoors,2025-07-03
144,Aryan Batra,41,Female,Chandigarh,Mainstream Buyer,Grocery & Gourmet,2026-05-25
145,Vaishnavi Bora,22,Female,Chennai,Value Seeker,Home & Kitchen,2024-10-27
146,Oeshi Hayer,19,Male,Coimbatore,Value Seeker,Home & Kitchen,2025-07-23
147,Warda Ratta,30,Female,Chennai,Value Seeker,Sports & Outdoors,2025-08-31
148,Manbir Ahluwalia,35,Female,Bengaluru,Value Seeker,Grocery & Gourmet,2025-02-12
149,Pavani Kanda,18,Male,Ahmedabad,Value Seeker,Books & Media,2024-06-05
150,Zarna Shetty,33,Female,Pune,Budget Shopper,Grocery & Gourmet,2026-06-26
151,Zaid Dara,49,Female,Jaipur,Premium Buyer,Electronics,2024-02-12
152,Kiaan Shetty,43,Female,Hyderabad,Premium Buyer,Sports & Outdoors,2024-11-30
153,Saanvi Thaman,19,Other,Nagpur,Budget Shopper,Sports & Outdoors,2025-02-21
154,Sanaya Dutt,28,Male,Coimbatore,Mainstream Buyer,Electronics,2026-05-15
155,Shivani Lad,36,Male,Chandigarh,Budget Shopper,Beauty & Personal Care,2024-09-25
156,Aradhana Verma,23,Male,Indore,Mainstream Buyer,Home & Kitchen,2024-09-17
157,William Maharaj,41,Male,Lucknow,Value Seeker,Sports & Outdoors,2025-02-08
158,Faras Mangal,35,Male,Bengaluru,Mainstream Buyer,Fashion,2024-07-05
159,Anita Nayak,36,Female,Kochi,Mainstream Buyer,Home & Kitchen,2024-06-01
160,Faris Devi,21,Male,Bhubaneswar,Mainstream Buyer,Health & Wellness,2024-06-01
161,Vihaan Rajagopal,25,Female,Delhi,Budget Shopper,Fashion,2025-09-08
162,Tanish Bhatt,48,Male,Ahmedabad,Premium Buyer,Automotive,2024-10-29
163,Nikita Narayanan,18,Male,Bengaluru,Budget Shopper,Books & Media,2026-05-10
164,Ojasvi Bhatia,31,Female,Indore,Budget Shopper,Electronics,2025-02-07
165,Osha Ramachandran,37,Female,Bhubaneswar,Mainstream Buyer,Sports & Outdoors,2026-02-18
166,Lajita Sood,26,Male,Mumbai,Value Seeker,Books & Media,2025-09-25
167,Indira Misra,50,Female,Indore,Premium Buyer,Home & Kitchen,2024-10-26
168,Oni Yohannan,23,Female,Kolkata,Premium Buyer,Home & Kitchen,2025-06-11
169,Vinaya Kanda,35,Male,Nagpur,Value Seeker,Grocery & Gourmet,2024-05-10
170,Rajata Sunder,61,Female,Mumbai,Luxury Enthusiast,Electronics,2026-04-13
171,Lopa Nayar,44,Female,Hyderabad,Value Seeker,Health & Wellness,2024-02-02
172,Noah Sibal,35,Male,Lucknow,Value Seeker,Beauty & Personal Care,2024-09-29
173,Avi Ramesh,24,Female,Indore,Budget Shopper,Beauty & Personal Care,2025-06-06
174,Fiyaz Sangha,41,Female,Delhi,Luxury Enthusiast,Fashion,2026-06-08
175,Triya Gopal,24,Male,Bengaluru,Budget Shopper,Automotive,2026-05-24
176,Abha Raghavan,31,Female,Kolkata,Budget Shopper,Home & Kitchen,2025-06-21
177,Siddharth Sha,24,Male,Mumbai,Value Seeker,Automotive,2025-01-28
178,Geetika Raghavan,53,Male,Indore,Luxury Enthusiast,Beauty & Personal Care,2025-03-29
179,Oviya Krishnan,62,Male,Coimbatore,Premium Buyer,Electronics,2025-10-04
180,Upma Bahl,36,Male,Lucknow,Mainstream Buyer,Sports & Outdoors,2024-11-19
181,Inaya Kapur,30,Male,Ahmedabad,Premium Buyer,Books & Media,2024-12-22
182,Banjeet Balasubramanian,30,Male,Coimbatore,Premium Buyer,Sports & Outdoors,2025-08-24
183,Ryan Bahri,38,Female,Kochi,Value Seeker,Health & Wellness,2025-09-09
184,William Date,31,Male,Lucknow,Value Seeker,Books & Media,2025-05-26
185,Ishwar Kamdar,44,Male,Ahmedabad,Mainstream Buyer,Grocery & Gourmet,2024-08-27
186,Aahana Pillay,32,Female,Coimbatore,Mainstream Buyer,Beauty & Personal Care,2025-01-15
187,Ishwar Gade,39,Male,Coimbatore,Value Seeker,Fashion,2026-03-07
188,Hritik Bal,25,Female,Coimbatore,Budget Shopper,Sports & Outdoors,2024-03-17
189,Keya Ranganathan,30,Female,Chandigarh,Mainstream Buyer,Books & Media,2025-12-30
190,Faqid Kibe,28,Male,Kolkata,Value Seeker,Sports & Outdoors,2024-10-30
191,Charvi Dara,36,Male,Bhubaneswar,Luxury Enthusiast,Grocery & Gourmet,2026-06-15
192,Idika Walia,44,Female,Mumbai,Budget Shopper,Health & Wellness,2025-11-12
193,Kamala Biswas,26,Male,Ahmedabad,Budget Shopper,Electronics,2025-02-04
194,Advik Salvi,48,Female,Ahmedabad,Premium Buyer,Electronics,2024-05-25
195,Hitesh Sant,22,Female,Chandigarh,Budget Shopper,Home & Kitchen,2025-02-06
196,Tripti Dua,18,Female,Mumbai,Budget Shopper,Books & Media,2026-05-12
197,Patrick Vig,34,Male,Hyderabad,Mainstream Buyer,Electronics,2024-02-17
198,Veda Shroff,52,Female,Ahmedabad,Premium Buyer,Fashion,2025-10-27
199,Amrita Naidu,22,Male,Chandigarh,Budget Shopper,Sports & Outdoors,2025-08-04
200,Gabriel Mallick,24,Female,Ahmedabad,Value Seeker,Beauty & Personal Care,2026-03-25
201,Yagnesh Shetty,38,Female,Coimbatore,Mainstream Buyer,Automotive,2024-10-08
202,Gayathri Balakrishnan,51,Male,Bengaluru,Luxury Enthusiast,Books & Media,2025-05-22
203,Ekta Gopal,46,Male,Nagpur,Value Seeker,Automotive,2025-12-14
204,Simon Pant,30,Male,Indore,Budget Shopper,Grocery & Gourmet,2024-12-01
205,Harini Mammen,32,Female,Mumbai,Budget Shopper,Sports & Outdoors,2026-01-04
206,Advaith Varughese,33,Male,Lucknow,Budget Shopper,Health & Wellness,2025-03-07
207,Frederick Khurana,18,Female,Bengaluru,Budget Shopper,Automotive,2024-11-07
208,Vrinda Khosla,28,Female,Jaipur,Mainstream Buyer,Sports & Outdoors,2024-06-26
209,Vritti Sem,18,Male,Lucknow,Budget Shopper,Automotive,2024-10-10
210,Girik Menon,20,Female,Bhubaneswar,Value Seeker,Home & Kitchen,2025-02-02
211,Nidhi Kohli,44,Male,Delhi,Mainstream Buyer,Home & Kitchen,2026-05-31
212,Jyoti Solanki,39,Male,Chennai,Mainstream Buyer,Grocery & Gourmet,2025-12-02
213,Pavani Narayanan,27,Female,Lucknow,Budget Shopper,Grocery & Gourmet,2025-01-24
214,Sudiksha Madan,19,Male,Chennai,Premium Buyer,Home & Kitchen,2025-03-02
215,Zayan Kashyap,55,Female,Lucknow,Mainstream Buyer,Grocery & Gourmet,2025-03-05
216,Reyansh Mutti,28,Other,Bengaluru,Mainstream Buyer,Books & Media,2024-09-03
217,Qasim Handa,45,Male,Bengaluru,Budget Shopper,Books & Media,2024-04-03
218,Veda Malhotra,18,Female,Jaipur,Budget Shopper,Automotive,2025-04-01
219,Harish Hari,35,Male,Lucknow,Premium Buyer,Fashion,2026-03-01
220,Utkarsh Patel,18,Female,Hyderabad,Value Seeker,Sports & Outdoors,2025-05-27
221,Chasmum Atwal,35,Other,Chandigarh,Value Seeker,Home & Kitchen,2025-11-14
222,Anusha Bath,22,Female,Chandigarh,Value Seeker,Books & Media,2025-03-09
223,Brinda Date,27,Female,Delhi,Mainstream Buyer,Fashion,2025-01-13
224,Harshil Arora,34,Male,Chennai,Luxury Enthusiast,Fashion,2025-02-20
225,Upasna Srinivas,38,Female,Jaipur,Value Seeker,Toys & Games,2025-01-20
226,Harini Gour,49,Male,Ahmedabad,Premium Buyer,Electronics,2025-09-22
227,Zayyan Sridhar,43,Female,Chennai,Budget Shopper,Sports & Outdoors,2026-01-21
228,Dhruv Rattan,30,Male,Jaipur,Mainstream Buyer,Health & Wellness,2024-05-18
229,Ethan Bera,38,Male,Nagpur,Mainstream Buyer,Health & Wellness,2025-07-02
230,Manthan Modi,18,Male,Chennai,Budget Shopper,Fashion,2025-12-25
231,Yuvraj Dani,23,Male,Hyderabad,Budget Shopper,Health & Wellness,2024-01-12
232,Upkaar Virk,27,Male,Lucknow,Value Seeker,Beauty & Personal Care,2026-06-01
233,Shravya Savant,51,Male,Kochi,Luxury Enthusiast,Fashion,2025-08-21
234,Pushti Mody,46,Female,Lucknow,Mainstream Buyer,Books & Media,2024-08-28
235,Hardik Johal,55,Female,Coimbatore,Luxury Enthusiast,Sports & Outdoors,2025-06-24
236,Aishani Bumb,35,Male,Indore,Premium Buyer,Beauty & Personal Care,2024-05-29
237,Wriddhish Ghose,40,Female,Lucknow,Value Seeker,Sports & Outdoors,2025-08-10
238,Naksh Agate,42,Male,Kochi,Premium Buyer,Electronics,2024-11-26
239,Shravya Singhal,24,Female,Ahmedabad,Budget Shopper,Home & Kitchen,2025-06-09
240,Bachittar Kata,20,Male,Ahmedabad,Budget Shopper,Fashion,2025-05-02
241,Barkha Setty,37,Female,Chennai,Premium Buyer,Health & Wellness,2025-04-06
242,Vivaan Lalla,58,Male,Ahmedabad,Premium Buyer,Sports & Outdoors,2024-01-30
243,Pavani Contractor,29,Male,Kochi,Budget Shopper,Books & Media,2024-08-12
244,Manthan Lata,33,Female,Lucknow,Value Seeker,Sports & Outdoors,2025-07-30
245,Ekbal Bhasin,34,Female,Indore,Mainstream Buyer,Automotive,2025-06-18
246,Damyanti Mani,65,Female,Pune,Premium Buyer,Grocery & Gourmet,2025-06-28
247,Jeet Sidhu,48,Male,Lucknow,Mainstream Buyer,Toys & Games,2024-09-02
248,Neha Magar,25,Female,Pune,Value Seeker,Beauty & Personal Care,2025-01-12
249,Raksha Buch,29,Female,Kolkata,Value Seeker,Beauty & Personal Care,2025-03-04
250,Rachana Naidu,30,Male,Bengaluru,Value Seeker,Health & Wellness,2025-06-06
251,Atharv Chand,38,Male,Chennai,Mainstream Buyer,Health & Wellness,2025-07-05
252,Ansh Luthra,36,Male,Coimbatore,Premium Buyer,Home & Kitchen,2025-02-13
253,Parth Singhal,35,Male,Hyderabad,Value Seeker,Beauty & Personal Care,2024-06-08
254,Arunima Golla,40,Male,Delhi,Budget Shopper,Beauty & Personal Care,2024-02-07
255,Vyanjana Chand,18,Male,Chennai,Budget Shopper,Grocery & Gourmet,2026-05-06
256,Ijaya Rege,26,Female,Nagpur,Mainstream Buyer,Health & Wellness,2025-11-28
257,Ekani Cheema,38,Female,Bengaluru,Premium Buyer,Automotive,2024-10-18
258,Forum Sabharwal,23,Female,Bengaluru,Budget Shopper,Automotive,2026-02-16
259,Bhavya Rattan,44,Female,Pune,Budget Shopper,Beauty & Personal Care,2024-12-25
260,Suhani Chakrabarti,46,Male,Pune,Mainstream Buyer,Beauty & Personal Care,2025-06-12
261,Zayyan Naik,35,Female,Bhubaneswar,Budget Shopper,Automotive,2026-01-09
262,Netra Varkey,40,Female,Hyderabad,Premium Buyer,Beauty & Personal Care,2025-03-31
263,Turvi Sachdev,29,Female,Pune,Value Seeker,Home & Kitchen,2025-03-27
264,Raghav Vasa,18,Male,Chennai,Budget Shopper,Automotive,2024-09-23
265,Wishi Sathe,50,Female,Hyderabad,Premium Buyer,Sports & Outdoors,2024-06-13
266,Samar Loke,31,Female,Kolkata,Budget Shopper,Electronics,2024-02-17
267,Bhavna Sarma,43,Female,Chennai,Value Seeker,Automotive,2025-05-29
268,Jairaj Balakrishnan,25,Female,Lucknow,Budget Shopper,Home & Kitchen,2024-10-15
269,Nathan Mukhopadhyay,25,Female,Indore,Budget Shopper,Beauty & Personal Care,2024-07-18
270,Nikita Chander,28,Female,Bengaluru,Budget Shopper,Books & Media,2024-01-19
271,Ishaan Shenoy,35,Female,Ahmedabad,Budget Shopper,Home & Kitchen,2024-11-19
272,Mitesh Tara,18,Female,Chennai,Budget Shopper,Automotive,2025-11-20
273,Yashodhara Mahajan,33,Female,Chandigarh,Budget Shopper,Toys & Games,2025-08-25
274,Vasudha Sodhi,36,Male,Delhi,Mainstream Buyer,Books & Media,2025-12-23
275,Tanmayi Dhillon,27,Female,Pune,Mainstream Buyer,Home & Kitchen,2026-01-03
276,Rayaan Trivedi,18,Male,Kolkata,Value Seeker,Sports & Outdoors,2025-09-26
277,Ekaraj Majumdar,30,Male,Kolkata,Value Seeker,Home & Kitchen,2025-04-06
278,Harini Tripathi,45,Male,Nagpur,Value Seeker,Health & Wellness,2024-07-18
279,Aarnav Mandal,58,Female,Jaipur,Premium Buyer,Grocery & Gourmet,2025-10-10
280,Vrishti Dixit,46,Male,Pune,Premium Buyer,Fashion,2026-01-13
281,Veda Pai,44,Male,Indore,Budget Shopper,Books & Media,2026-03-08
282,Krishna Shah,26,Male,Indore,Budget Shopper,Grocery & Gourmet,2026-01-04
283,Ranbir Khare,35,Female,Bengaluru,Budget Shopper,Books & Media,2025-06-04
284,Vivaan Roy,22,Female,Ahmedabad,Budget Shopper,Fashion,2025-06-23
285,Eesha Solanki,32,Other,Pune,Mainstream Buyer,Fashion,2025-07-05
286,Libni Doshi,25,Male,Ahmedabad,Value Seeker,Grocery & Gourmet,2025-09-16
287,Balhaar Date,18,Male,Kolkata,Budget Shopper,Books & Media,2025-05-16
288,Harish Sarraf,43,Female,Chandigarh,Value Seeker,Books & Media,2024-11-22
289,Tanmayi Aurora,26,Male,Nagpur,Value Seeker,Home & Kitchen,2026-05-21
290,Nimrat Dubey,19,Other,Mumbai,Budget Shopper,Home & Kitchen,2024-04-16
291,Upasna Lanka,32,Female,Chandigarh,Premium Buyer,Sports & Outdoors,2025-09-27
292,Mitali Buch,25,Female,Chandigarh,Budget Shopper,Books & Media,2026-02-25
293,Lajita Nadig,58,Male,Kolkata,Premium Buyer,Sports & Outdoors,2026-01-23
294,Balendra Biswas,45,Male,Ahmedabad,Budget Shopper,Automotive,2025-02-21
295,Bhavna Karan,28,Female,Delhi,Premium Buyer,Fashion,2025-03-16
296,Radha Chaudhari,39,Male,Kolkata,Premium Buyer,Sports & Outdoors,2026-04-11
297,Sachi Ganesan,37,Female,Hyderabad,Luxury Enthusiast,Home & Kitchen,2025-04-05
298,Ayush Batra,51,Female,Bhubaneswar,Premium Buyer,Electronics,2025-12-12
299,Daksh Memon,39,Male,Delhi,Mainstream Buyer,Sports & Outdoors,2024-03-28
300,Kavya Sankar,31,Male,Kolkata,Mainstream Buyer,Electronics,2025-09-24
301,Yash Wali,37,Female,Ahmedabad,Mainstream Buyer,Beauty & Personal Care,2024-01-08
302,Pranit Garde,22,Male,Nagpur,Budget Shopper,Toys & Games,2025-01-22
303,Farhan Raja,46,Female,Chandigarh,Value Seeker,Beauty & Personal Care,2024-02-09
304,Widisha Dhar,36,Female,Bhubaneswar,Value Seeker,Toys & Games,2025-02-13
305,Triya Kumar,49,Female,Chennai,Premium Buyer,Home & Kitchen,2026-03-08
306,Aadhya Andra,18,Male,Chennai,Value Seeker,Sports & Outdoors,2024-11-26
307,Bhavna Dugar,31,Male,Kochi,Value Seeker,Automotive,2025-04-24
308,Riya Pai,55,Female,Kolkata,Mainstream Buyer,Home & Kitchen,2024-06-19
309,Panini Krishna,43,Female,Mumbai,Value Seeker,Books & Media,2025-07-11
310,Chasmum Issac,18,Female,Indore,Budget Shopper,Grocery & Gourmet,2026-01-12
311,Vasudha Chhabra,29,Female,Delhi,Value Seeker,Beauty & Personal Care,2026-03-20
312,Lakshmi Parmer,21,Female,Hyderabad,Value Seeker,Beauty & Personal Care,2024-08-27
313,Chakrika Bains,42,Male,Nagpur,Budget Shopper,Toys & Games,2025-12-02
314,Anvi Anand,34,Male,Lucknow,Value Seeker,Electronics,2024-11-04
315,Watika Mangat,25,Female,Coimbatore,Value Seeker,Home & Kitchen,2026-03-01
316,Indira Kanda,32,Male,Bengaluru,Value Seeker,Sports & Outdoors,2026-04-19
317,Zashil Devan,18,Female,Chennai,Value Seeker,Home & Kitchen,2024-09-26
318,Balveer More,27,Male,Hyderabad,Mainstream Buyer,Books & Media,2025-08-23
319,Bahadurjit Patla,32,Male,Coimbatore,Value Seeker,Toys & Games,2025-02-02
320,Gautam Merchant,54,Male,Jaipur,Luxury Enthusiast,Health & Wellness,2026-06-05
321,Ojasvi Gill,25,Female,Kolkata,Premium Buyer,Toys & Games,2026-01-11
322,Kevin Zacharia,28,Female,Lucknow,Value Seeker,Books & Media,2026-04-10
323,Yachana Mahajan,41,Male,Indore,Value Seeker,Grocery & Gourmet,2025-10-20
324,Aarini Subramaniam,18,Male,Lucknow,Value Seeker,Home & Kitchen,2025-10-17
325,Hamsini Contractor,45,Male,Delhi,Premium Buyer,Sports & Outdoors,2025-07-27
326,Faqid Dhaliwal,37,Male,Kochi,Mainstream Buyer,Automotive,2025-11-22
327,Mekhala Pau,58,Female,Hyderabad,Premium Buyer,Fashion,2025-05-13
328,Megha Atwal,29,Male,Chennai,Value Seeker,Home & Kitchen,2024-04-07
329,Jatin Sha,35,Male,Nagpur,Mainstream Buyer,Home & Kitchen,2026-04-14
330,Adweta Raj,39,Male,Pune,Value Seeker,Health & Wellness,2024-04-13
331,Hritik Kaur,25,Female,Indore,Mainstream Buyer,Beauty & Personal Care,2025-06-22
332,Aryan Narang,25,Female,Hyderabad,Budget Shopper,Beauty & Personal Care,2025-01-24
333,Dev Shetty,32,Female,Nagpur,Mainstream Buyer,Automotive,2024-10-30
334,Nilima Dada,41,Female,Chennai,Premium Buyer,Health & Wellness,2024-09-03
335,Chakradev Barad,34,Female,Bengaluru,Budget Shopper,Electronics,2024-02-27
336,Waida D’Alia,41,Male,Kolkata,Mainstream Buyer,Automotive,2024-01-08
337,Wahab Yogi,20,Female,Bengaluru,Budget Shopper,Grocery & Gourmet,2026-04-02
338,Lipika Setty,38,Female,Kochi,Mainstream Buyer,Automotive,2025-06-24
339,Oni Dubey,40,Male,Bengaluru,Budget Shopper,Electronics,2025-02-28
340,Hardik Suri,39,Female,Hyderabad,Luxury Enthusiast,Electronics,2025-03-15
341,Ati Bali,28,Female,Lucknow,Budget Shopper,Beauty & Personal Care,2024-01-15
342,Teerth Sawhney,45,Female,Mumbai,Luxury Enthusiast,Automotive,2024-11-18
343,Warinder Patil,42,Male,Ahmedabad,Premium Buyer,Sports & Outdoors,2025-07-01
344,Jhalak Parmer,22,Male,Lucknow,Mainstream Buyer,Grocery & Gourmet,2024-03-19
345,Mitali Majumdar,55,Female,Ahmedabad,Premium Buyer,Home & Kitchen,2024-09-07
346,Jason Sha,36,Male,Mumbai,Premium Buyer,Beauty & Personal Care,2024-07-09
347,Simon Bail,56,Male,Bengaluru,Luxury Enthusiast,Automotive,2024-12-10
348,Gauri Kohli,21,Male,Nagpur,Budget Shopper,Sports & Outdoors,2026-05-03
349,Samesh Biswas,31,Female,Indore,Mainstream Buyer,Grocery & Gourmet,2024-02-03
350,Tarak Kaul,37,Female,Kolkata,Budget Shopper,Toys & Games,2024-09-23
351,Manbir Agate,45,Female,Chandigarh,Mainstream Buyer,Fashion,2026-02-15
352,Maanav De,28,Female,Mumbai,Budget Shopper,Health & Wellness,2025-11-14
353,Owen Choudhary,43,Male,Mumbai,Mainstream Buyer,Health & Wellness,2025-08-26
354,Karan Aurora,34,Male,Bhubaneswar,Mainstream Buyer,Grocery & Gourmet,2025-11-12
355,Wazir Naik,31,Male,Coimbatore,Value Seeker,Sports & Outdoors,2024-12-16
356,Owen Lanka,26,Male,Kochi,Value Seeker,Sports & Outdoors,2025-02-20
357,Jonathan Sama,45,Female,Kolkata,Mainstream Buyer,Home & Kitchen,2025-12-20
358,Devansh Soni,36,Male,Chandigarh,Premium Buyer,Toys & Games,2024-10-08
359,Janaki Varghese,45,Male,Kochi,Value Seeker,Beauty & Personal Care,2025-10-14
360,Siya Thakur,34,Female,Pune,Mainstream Buyer,Fashion,2026-02-06
361,Caleb Verma,47,Female,Pune,Luxury Enthusiast,Electronics,2024-02-16
362,Tara Balasubramanian,33,Male,Kolkata,Budget Shopper,Sports & Outdoors,2025-09-19
363,Varenya Ratti,27,Female,Kochi,Budget Shopper,Automotive,2025-12-02
364,Hritik Swaminathan,24,Female,Coimbatore,Budget Shopper,Grocery & Gourmet,2024-09-20
365,Ethan Buch,36,Female,Indore,Mainstream Buyer,Automotive,2024-08-09
366,Manbir Bhatti,40,Female,Pune,Value Seeker,Toys & Games,2026-02-13
367,Anvi Nair,31,Male,Chennai,Mainstream Buyer,Automotive,2026-05-11
368,Chaitaly Setty,35,Male,Jaipur,Mainstream Buyer,Grocery & Gourmet,2024-05-23
369,Hardik Contractor,32,Male,Kochi,Value Seeker,Automotive,2025-03-31
370,Qushi Seth,50,Female,Chennai,Premium Buyer,Books & Media,2025-05-14
371,Odika Nori,36,Female,Delhi,Mainstream Buyer,Electronics,2025-06-15
372,Mohini Sagar,48,Female,Kolkata,Value Seeker,Beauty & Personal Care,2025-01-16
373,Dhriti Sane,30,Female,Delhi,Value Seeker,Automotive,2024-10-29
374,Aadhya Prasad,29,Male,Delhi,Value Seeker,Grocery & Gourmet,2026-04-19
375,Urvi Bhavsar,25,Male,Nagpur,Budget Shopper,Electronics,2025-11-02
376,Frederick Chander,18,Male,Indore,Budget Shopper,Electronics,2024-02-18
377,Gopal Pradhan,37,Male,Mumbai,Luxury Enthusiast,Toys & Games,2026-01-30
378,Darpan Narayan,27,Female,Kolkata,Value Seeker,Health & Wellness,2024-03-31
379,Nirja Pandya,42,Female,Chennai,Value Seeker,Grocery & Gourmet,2025-07-02
380,Charan Mani,36,Male,Nagpur,Mainstream Buyer,Health & Wellness,2026-01-09
381,Indira Chawla,32,Female,Ahmedabad,Mainstream Buyer,Electronics,2025-01-08
382,Mohammed Subramaniam,58,Male,Chennai,Luxury Enthusiast,Automotive,2024-11-07
383,Hritik Palla,56,Female,Coimbatore,Premium Buyer,Fashion,2025-08-18
384,Ishwar Mallick,43,Male,Ahmedabad,Value Seeker,Automotive,2024-07-13
385,Pushti Bal,24,Female,Bengaluru,Value Seeker,Health & Wellness,2026-05-04
386,Ayush Gole,42,Male,Chennai,Luxury Enthusiast,Books & Media,2026-03-12
387,Dayamai Nori,53,Male,Bengaluru,Mainstream Buyer,Books & Media,2024-12-15
388,Abeer Golla,49,Female,Lucknow,Luxury Enthusiast,Sports & Outdoors,2025-01-24
389,Nandini Boase,24,Male,Nagpur,Budget Shopper,Books & Media,2024-10-06
390,Azaan Chand,49,Male,Indore,Premium Buyer,Automotive,2024-05-22
391,Krisha Saini,46,Male,Pune,Mainstream Buyer,Home & Kitchen,2024-03-11
392,Harita Dugar,21,Female,Ahmedabad,Budget Shopper,Home & Kitchen,2025-03-29
393,Devika Nair,38,Male,Mumbai,Mainstream Buyer,Health & Wellness,2025-04-03
394,Charles Dugal,45,Female,Kolkata,Mainstream Buyer,Automotive,2024-03-16
395,Chandran Bumb,18,Female,Mumbai,Budget Shopper,Books & Media,2024-02-12
396,Saanvi Samra,32,Female,Lucknow,Value Seeker,Home & Kitchen,2026-05-18
397,Riya Sachdeva,32,Male,Bhubaneswar,Premium Buyer,Health & Wellness,2025-03-30
398,Tanveer Vala,23,Female,Hyderabad,Value Seeker,Automotive,2024-03-21
399,Hemani Sani,26,Male,Coimbatore,Value Seeker,Beauty & Personal Care,2026-05-15
400,Bhanumati Sur,36,Female,Kochi,Value Seeker,Books & Media,2024-01-28
401,Chakradev Kannan,29,Male,Pune,Value Seeker,Sports & Outdoors,2024-08-22
402,Christopher Amble,37,Female,Lucknow,Premium Buyer,Automotive,2026-02-09
403,Charvi Kakar,43,Female,Coimbatore,Premium Buyer,Toys & Games,2024-11-28
404,Aadhya Mann,18,Male,Chennai,Budget Shopper,Sports & Outdoors,2025-06-05
405,Jagdish Amble,50,Male,Indore,Luxury Enthusiast,Health & Wellness,2025-09-01
406,Qushi Gill,53,Male,Coimbatore,Premium Buyer,Toys & Games,2024-12-16
407,Lajita Walia,31,Female,Chennai,Value Seeker,Sports & Outdoors,2024-09-03
408,Xiti Pandya,41,Male,Lucknow,Premium Buyer,Health & Wellness,2024-04-13
409,Mekhala Basak,30,Female,Coimbatore,Budget Shopper,Sports & Outdoors,2025-06-18
410,Anirudh Sharaf,28,Female,Delhi,Luxury Enthusiast,Sports & Outdoors,2026-02-06
411,Dhriti Sanghvi,41,Female,Bengaluru,Mainstream Buyer,Beauty & Personal Care,2024-05-10
412,Omisha Mann,64,Male,Kolkata,Mainstream Buyer,Home & Kitchen,2025-09-01
413,Nidhi Bail,25,Male,Mumbai,Budget Shopper,Home & Kitchen,2024-08-12
414,Onveer Sharma,41,Male,Pune,Premium Buyer,Electronics,2024-07-08
415,Gaurang Sarkar,33,Female,Ahmedabad,Budget Shopper,Grocery & Gourmet,2026-05-09
416,Yagnesh Sarin,41,Male,Indore,Budget Shopper,Books & Media,2025-06-24
417,Farhan Randhawa,35,Male,Bengaluru,Budget Shopper,Health & Wellness,2026-04-15
418,Harinakshi Kant,18,Male,Kochi,Mainstream Buyer,Toys & Games,2024-12-30
419,Om Bose,32,Female,Coimbatore,Budget Shopper,Electronics,2024-07-11
420,Yashvi Hari,66,Female,Ahmedabad,Premium Buyer,Toys & Games,2025-02-09
421,Indali Divan,42,Male,Bhubaneswar,Mainstream Buyer,Fashion,2025-09-10
422,Harshil Dhingra,18,Male,Kolkata,Budget Shopper,Electronics,2024-02-01
423,Rudra Ghose,29,Male,Pune,Budget Shopper,Toys & Games,2026-04-14
424,Faqid Goel,18,Male,Mumbai,Budget Shopper,Electronics,2026-02-22
425,Ucchal Sen,48,Other,Pune,Mainstream Buyer,Sports & Outdoors,2025-08-03
426,Diya Dora,34,Male,Mumbai,Premium Buyer,Automotive,2024-02-23
427,Ekansh Singh,27,Female,Nagpur,Budget Shopper,Home & Kitchen,2024-04-12
428,Chavvi Maharaj,35,Female,Hyderabad,Premium Buyer,Toys & Games,2025-02-05
429,Indira Tripathi,22,Female,Indore,Budget Shopper,Beauty & Personal Care,2024-02-20
430,Dayita Shenoy,56,Male,Delhi,Premium Buyer,Fashion,2024-04-03
431,Baljiwan Bhandari,43,Female,Chennai,Premium Buyer,Fashion,2025-01-15
432,Bhavini Bose,31,Male,Delhi,Mainstream Buyer,Electronics,2026-03-16
433,Yashica Rajagopalan,26,Male,Kolkata,Mainstream Buyer,Fashion,2024-04-07
434,Benjamin Sengupta,26,Other,Kochi,Premium Buyer,Fashion,2024-11-27
435,Ekanta Soni,18,Male,Pune,Budget Shopper,Automotive,2026-02-23
436,David Seshadri,28,Male,Kochi,Budget Shopper,Automotive,2024-05-31
437,Hemal Chad,35,Male,Indore,Budget Shopper,Beauty & Personal Care,2025-07-05
438,Balveer Kota,26,Male,Mumbai,Value Seeker,Grocery & Gourmet,2024-07-18
439,Reva Viswanathan,51,Female,Pune,Mainstream Buyer,Home & Kitchen,2025-11-06
440,Januja Pradhan,30,Female,Kochi,Mainstream Buyer,Toys & Games,2026-06-22
441,Lila Rege,40,Female,Jaipur,Premium Buyer,Home & Kitchen,2025-05-16
442,Charles Natt,18,Male,Bengaluru,Budget Shopper,Toys & Games,2025-05-17
443,Forum Chandra,45,Male,Hyderabad,Mainstream Buyer,Beauty & Personal Care,2024-05-10
444,Bhanumati Krishnan,45,Male,Pune,Budget Shopper,Automotive,2026-03-18
445,Gauri Bumb,18,Female,Coimbatore,Value Seeker,Automotive,2024-03-26
446,Inaya Mukherjee,33,Female,Nagpur,Mainstream Buyer,Beauty & Personal Care,2026-02-12
447,Kai Chad,58,Female,Kolkata,Luxury Enthusiast,Electronics,2024-03-07
448,Krisha Narasimhan,23,Female,Jaipur,Mainstream Buyer,Beauty & Personal Care,2024-09-29
449,Girik Sampath,32,Female,Chennai,Budget Shopper,Home & Kitchen,2025-08-09
450,Andrew Patil,47,Male,Mumbai,Mainstream Buyer,Sports & Outdoors,2024-02-16
451,Pranit Kala,27,Female,Pune,Budget Shopper,Books & Media,2025-08-09
452,Vedika Handa,47,Female,Kolkata,Premium Buyer,Health & Wellness,2024-12-04
453,Laksh Dubey,52,Female,Bengaluru,Mainstream Buyer,Electronics,2026-06-16
454,Chakrika Chaudhuri,44,Male,Coimbatore,Budget Shopper,Books & Media,2026-03-30
455,Gayathri Deep,26,Female,Chennai,Budget Shopper,Fashion,2025-08-15
456,Mitesh Gaba,22,Male,Hyderabad,Budget Shopper,Books & Media,2025-11-22
457,Noah Sarma,38,Female,Pune,Luxury Enthusiast,Toys & Games,2025-12-07
458,Nirja Patla,40,Female,Nagpur,Value Seeker,Automotive,2025-07-23
459,Sachi Mane,30,Female,Coimbatore,Premium Buyer,Books & Media,2024-12-27
460,Vivaan Walla,34,Male,Pune,Mainstream Buyer,Fashion,2026-03-09
461,Dayamai Singh,37,Male,Chandigarh,Mainstream Buyer,Health & Wellness,2024-08-19
462,Jhalak Sastry,22,Female,Mumbai,Budget Shopper,Sports & Outdoors,2024-05-24
463,Baghyawati Raja,49,Female,Kolkata,Luxury Enthusiast,Sports & Outdoors,2024-06-04
464,Neel Iyengar,55,Female,Jaipur,Value Seeker,Toys & Games,2026-01-05
465,Zashil Ben,35,Male,Ahmedabad,Mainstream Buyer,Home & Kitchen,2024-04-25
466,Kamya Chauhan,33,Female,Coimbatore,Mainstream Buyer,Health & Wellness,2026-03-05
467,Bhavani Chacko,46,Female,Lucknow,Mainstream Buyer,Electronics,2026-03-26
468,Anjali Sengupta,49,Male,Ahmedabad,Luxury Enthusiast,Fashion,2024-09-12
469,Rajeshri Chand,39,Male,Bhubaneswar,Budget Shopper,Health & Wellness,2024-08-11
470,Shravya Palla,33,Female,Bhubaneswar,Value Seeker,Sports & Outdoors,2026-03-08
471,Oeshi Bera,29,Male,Ahmedabad,Value Seeker,Automotive,2025-06-19
472,Yadavi Prakash,18,Female,Bhubaneswar,Value Seeker,Health & Wellness,2025-06-24
473,Libni Bumb,18,Female,Coimbatore,Budget Shopper,Health & Wellness,2024-09-14
474,Udarsh Bala,18,Male,Bengaluru,Budget Shopper,Grocery & Gourmet,2025-03-21
475,Hardik Nayak,35,Male,Delhi,Value Seeker,Toys & Games,2025-01-03
476,Laksh Barad,19,Other,Delhi,Value Seeker,Toys & Games,2026-04-19
477,Urmi Dewan,43,Female,Hyderabad,Value Seeker,Toys & Games,2024-01-28
478,Saumya Ahluwalia,37,Female,Chennai,Mainstream Buyer,Home & Kitchen,2025-02-13
479,Anirudh Kunda,34,Female,Delhi,Mainstream Buyer,Automotive,2024-11-02
480,Mason Wable,24,Female,Kochi,Value Seeker,Fashion,2025-04-22
481,Indrajit Mani,37,Female,Pune,Value Seeker,Sports & Outdoors,2025-11-20
482,Charvi Dara,19,Female,Kochi,Budget Shopper,Beauty & Personal Care,2024-11-03
483,William Saini,28,Female,Jaipur,Mainstream Buyer,Grocery & Gourmet,2025-10-12
484,Dev Choudhry,42,Male,Chennai,Value Seeker,Home & Kitchen,2025-12-14
485,Amol Varma,30,Male,Kochi,Budget Shopper,Home & Kitchen,2025-02-16
486,Maanas Manne,29,Female,Nagpur,Value Seeker,Automotive,2025-08-12
487,Aarav Pandit,37,Male,Kolkata,Value Seeker,Sports & Outdoors,2024-04-12
488,Omaja Grover,27,Female,Chennai,Budget Shopper,Grocery & Gourmet,2024-11-11
489,Jalsa Bir,40,Female,Jaipur,Mainstream Buyer,Automotive,2025-07-28
490,Madhavi Singhal,29,Male,Indore,Mainstream Buyer,Automotive,2026-05-29
491,Lila Prakash,55,Male,Jaipur,Mainstream Buyer,Beauty & Personal Care,2025-08-26
492,Amol Parikh,31,Female,Chandigarh,Mainstream Buyer,Fashion,2026-03-18
493,Hemani Khosla,51,Male,Delhi,Mainstream Buyer,Health & Wellness,2025-12-14
494,Gaurangi Deol,30,Female,Delhi,Value Seeker,Beauty & Personal Care,2025-10-17
495,Indira Nigam,50,Female,Pune,Premium Buyer,Grocery & Gourmet,2024-11-17
496,Ucchal Srinivas,43,Female,Hyderabad,Mainstream Buyer,Grocery & Gourmet,2026-03-26
497,Krishna Bhatnagar,42,Female,Mumbai,Value Seeker,Sports & Outdoors,2026-02-04
498,Balhaar Memon,29,Female,Hyderabad,Mainstream Buyer,Fashion,2026-05-26
499,Caleb Iyengar,41,Male,Chennai,Value Seeker,Sports & Outdoors,2024-03-23
500,Diya Mukherjee,48,Male,Bhubaneswar,Value Seeker,Fashion,2024-01-19
501,Urvashi Kulkarni,34,Male,Indore,Mainstream Buyer,Beauty & Personal Care,2025-10-04
502,Rayaan Mangal,43,Female,Kolkata,Premium Buyer,Beauty & Personal Care,2025-05-14
503,Champak Narula,38,Male,Nagpur,Premium Buyer,Books & Media,2025-10-01
504,Jeet Pillai,28,Male,Chandigarh,Value Seeker,Fashion,2025-03-05
505,Mugdha Sarraf,47,Male,Chennai,Value Seeker,Automotive,2025-02-17
506,Harinakshi Grover,33,Male,Ahmedabad,Premium Buyer,Electronics,2025-11-12
507,Widisha Pillai,23,Male,Bhubaneswar,Value Seeker,Health & Wellness,2024-11-24
508,Fitan Samra,57,Female,Ahmedabad,Premium Buyer,Beauty & Personal Care,2026-06-24
509,Qushi Gole,37,Male,Kolkata,Value Seeker,Sports & Outdoors,2024-11-24
510,Ekani Chauhan,46,Female,Bhubaneswar,Budget Shopper,Automotive,2024-08-20
511,Falak Merchant,22,Male,Coimbatore,Budget Shopper,Toys & Games,2026-05-14
512,Sanaya Sandhu,44,Male,Ahmedabad,Premium Buyer,Electronics,2024-09-14
513,Sachi Panchal,21,Male,Chandigarh,Budget Shopper,Toys & Games,2024-09-01
514,Brijesh Pandit,33,Female,Lucknow,Value Seeker,Books & Media,2024-02-01
515,Anvi Bhandari,18,Female,Kolkata,Value Seeker,Health & Wellness,2024-07-01
516,Nidra Patla,33,Male,Pune,Budget Shopper,Books & Media,2026-06-11
517,Azaan Dhar,34,Female,Mumbai,Value Seeker,Health & Wellness,2026-04-18
518,Bakhshi Date,36,Male,Delhi,Mainstream Buyer,Books & Media,2026-02-26
519,Warinder Peri,23,Female,Nagpur,Budget Shopper,Fashion,2025-01-20
520,Leela Bali,34,Female,Mumbai,Premium Buyer,Books & Media,2024-09-24
521,Shivani Prabhakar,49,Male,Chandigarh,Premium Buyer,Health & Wellness,2024-11-12
522,Sachi Bose,21,Male,Hyderabad,Value Seeker,Electronics,2025-09-05
523,Jeevika Rao,31,Male,Jaipur,Budget Shopper,Beauty & Personal Care,2025-12-31
524,Arya Krish,55,Female,Lucknow,Mainstream Buyer,Electronics,2026-05-04
525,Atharv Grewal,40,Male,Nagpur,Budget Shopper,Automotive,2025-07-27
526,Zarna Ram,18,Female,Kolkata,Value Seeker,Books & Media,2025-10-01
527,Adweta Lad,42,Male,Bhubaneswar,Luxury Enthusiast,Grocery & Gourmet,2025-09-29
528,Tanish Mangal,50,Female,Ahmedabad,Luxury Enthusiast,Health & Wellness,2026-04-12
529,Ryan Das,36,Male,Chandigarh,Mainstream Buyer,Automotive,2025-10-10
530,Ethan Seth,19,Female,Delhi,Value Seeker,Sports & Outdoors,2024-06-02
531,Sai Chahal,40,Male,Chennai,Mainstream Buyer,Health & Wellness,2025-11-25
532,Idika Bhattacharyya,36,Male,Kochi,Mainstream Buyer,Sports & Outdoors,2024-04-28
533,Charita Dugar,49,Male,Lucknow,Value Seeker,Health & Wellness,2026-04-13
534,Janaki Trivedi,34,Female,Indore,Mainstream Buyer,Health & Wellness,2024-12-01
535,Jairaj Iyer,37,Male,Kolkata,Budget Shopper,Home & Kitchen,2026-03-25
536,Warjas Tak,18,Female,Kochi,Budget Shopper,Grocery & Gourmet,2025-07-17
537,Jalsa Pillay,22,Other,Kochi,Value Seeker,Toys & Games,2024-02-18
538,Kai Chadha,33,Male,Nagpur,Budget Shopper,Grocery & Gourmet,2024-08-04
539,Dayamai Rao,36,Male,Delhi,Budget Shopper,Fashion,2025-03-23
540,Nirja Rout,34,Male,Mumbai,Premium Buyer,Books & Media,2024-12-06
541,Jeremiah Nadig,47,Male,Kochi,Luxury Enthusiast,Fashion,2024-11-10
542,Shivani Shukla,24,Male,Mumbai,Mainstream Buyer,Automotive,2024-07-14
543,Kabir Gopal,41,Female,Hyderabad,Premium Buyer,Automotive,2025-01-10
544,Rachita Thakkar,54,Male,Jaipur,Luxury Enthusiast,Books & Media,2025-03-25
545,Jeet Vasa,23,Male,Chennai,Budget Shopper,Fashion,2026-04-23
546,Daksha Gala,29,Female,Chennai,Value Seeker,Toys & Games,2024-02-14
547,Ekantika Kar,21,Male,Kolkata,Value Seeker,Sports & Outdoors,2025-02-03
548,Zilmil Mander,21,Female,Coimbatore,Budget Shopper,Grocery & Gourmet,2025-10-11
549,Zashil Hegde,52,Female,Kolkata,Mainstream Buyer,Electronics,2026-02-28
550,Jeremiah Mitter,32,Male,Indore,Value Seeker,Sports & Outdoors,2024-12-31
551,Yadavi Ganguly,22,Female,Bengaluru,Value Seeker,Beauty & Personal Care,2024-07-22
552,Onveer Nazareth,24,Female,Delhi,Budget Shopper,Health & Wellness,2024-06-29
553,Ayush Bumb,18,Female,Bengaluru,Budget Shopper,Home & Kitchen,2024-04-20
554,Alka Kade,33,Female,Bhubaneswar,Premium Buyer,Health & Wellness,2024-04-13
555,Azaan Tank,39,Female,Chennai,Budget Shopper,Health & Wellness,2024-12-14
556,Chasmum Subramanian,25,Female,Mumbai,Budget Shopper,Books & Media,2024-02-25
557,Nidra Mishra,49,Female,Kolkata,Value Seeker,Fashion,2026-04-24
558,Elijah Bhasin,31,Female,Lucknow,Value Seeker,Home & Kitchen,2025-07-08
559,Ria Sagar,36,Female,Kolkata,Mainstream Buyer,Electronics,2025-04-19
560,Ucchal Jani,37,Female,Pune,Value Seeker,Grocery & Gourmet,2024-10-06
561,Maanas Munshi,18,Male,Delhi,Budget Shopper,Grocery & Gourmet,2025-10-03
562,Hemani Rastogi,28,Female,Coimbatore,Budget Shopper,Beauty & Personal Care,2025-10-11
563,Kamala Varma,42,Male,Hyderabad,Premium Buyer,Grocery & Gourmet,2024-04-04
564,Eiravati Khurana,50,Male,Delhi,Mainstream Buyer,Books & Media,2024-11-20
565,Jason Loke,45,Male,Lucknow,Mainstream Buyer,Automotive,2024-12-03
566,Yug Dhaliwal,26,Male,Bhubaneswar,Mainstream Buyer,Electronics,2026-01-15
567,Chandresh Mannan,48,Female,Kochi,Mainstream Buyer,Fashion,2025-04-04
568,Omya Kothari,24,Male,Bhubaneswar,Budget Shopper,Automotive,2025-06-14
569,Falak Munshi,23,Female,Pune,Value Seeker,Beauty & Personal Care,2024-12-16
570,Nathaniel Tara,33,Female,Jaipur,Value Seeker,Health & Wellness,2024-03-20
571,Wishi Morar,30,Male,Kolkata,Value Seeker,Automotive,2025-10-21
572,Arin Chana,56,Male,Jaipur,Premium Buyer,Electronics,2024-06-27
573,Yashasvi Shankar,35,Female,Bhubaneswar,Value Seeker,Sports & Outdoors,2024-12-04
574,Tanveer Pandit,38,Female,Coimbatore,Mainstream Buyer,Grocery & Gourmet,2025-04-07
575,Chandresh Manda,51,Male,Mumbai,Premium Buyer,Fashion,2024-02-22
576,Upma Mangal,41,Male,Kochi,Value Seeker,Automotive,2026-02-18
577,Hritik Sankar,50,Male,Pune,Premium Buyer,Electronics,2024-10-25
578,Aishani Pau,49,Male,Jaipur,Mainstream Buyer,Fashion,2025-07-05
579,Jasmit Bath,48,Male,Jaipur,Premium Buyer,Books & Media,2024-10-21
580,Charan Hayer,33,Other,Kochi,Value Seeker,Home & Kitchen,2026-02-25
581,Bhavya Borah,43,Male,Chandigarh,Value Seeker,Toys & Games,2024-09-02
582,Yamini Seshadri,31,Male,Chandigarh,Value Seeker,Beauty & Personal Care,2026-04-29
583,Jagat Dave,27,Female,Nagpur,Budget Shopper,Home & Kitchen,2025-08-19
584,Meera Prakash,47,Female,Kochi,Value Seeker,Automotive,2024-04-01
585,Jasmit Dhawan,57,Male,Chennai,Premium Buyer,Fashion,2024-12-05
586,Yashodhara Ratti,36,Female,Hyderabad,Mainstream Buyer,Sports & Outdoors,2025-04-12
587,Chakradev Barad,22,Female,Chandigarh,Budget Shopper,Fashion,2025-09-04
588,Gauri Som,45,Male,Bhubaneswar,Value Seeker,Fashion,2026-04-11
589,Manthan Varma,34,Male,Mumbai,Budget Shopper,Home & Kitchen,2026-03-22
590,Falak Nagar,29,Female,Hyderabad,Budget Shopper,Home & Kitchen,2024-09-20
591,Maya Mistry,40,Female,Coimbatore,Premium Buyer,Sports & Outdoors,2025-10-25
592,Yashica Upadhyay,34,Other,Bengaluru,Value Seeker,Sports & Outdoors,2026-04-24
593,Chandani Soman,31,Male,Mumbai,Value Seeker,Fashion,2025-05-30
594,Jyoti Narula,31,Female,Nagpur,Mainstream Buyer,Electronics,2025-07-07
595,Omaja Morar,28,Male,Delhi,Budget Shopper,Electronics,2024-02-15
596,Urvi Lanka,34,Female,Hyderabad,Value Seeker,Toys & Games,2025-12-04
597,Charan Srinivasan,33,Female,Nagpur,Mainstream Buyer,Health & Wellness,2025-10-31
598,Lajita Divan,45,Male,Delhi,Mainstream Buyer,Electronics,2026-02-02
599,Azad Choudhary,58,Male,Indore,Luxury Enthusiast,Electronics,2026-01-11
600,Anirudh Sastry,45,Female,Jaipur,Mainstream Buyer,Grocery & Gourmet,2025-03-05
601,Omya Doshi,29,Female,Jaipur,Value Seeker,Grocery & Gourmet,2025-12-11
602,Samar Roy,43,Male,Chandigarh,Mainstream Buyer,Grocery & Gourmet,2024-09-17
603,David Devi,43,Female,Mumbai,Premium Buyer,Fashion,2024-06-21
604,Ekta Sridhar,25,Male,Mumbai,Mainstream Buyer,Automotive,2025-04-16
605,Dipta Ghose,53,Male,Hyderabad,Luxury Enthusiast,Toys & Games,2025-11-26
606,Hema Pandya,44,Male,Ahmedabad,Premium Buyer,Fashion,2024-06-18
607,Veda Handa,66,Female,Nagpur,Premium Buyer,Fashion,2024-02-07
608,Arya Misra,40,Male,Delhi,Budget Shopper,Toys & Games,2024-03-22
609,Chameli Mani,43,Female,Pune,Mainstream Buyer,Grocery & Gourmet,2024-03-20
610,Vrinda Nadig,34,Male,Pune,Value Seeker,Grocery & Gourmet,2024-06-30
611,Ikshita Mahal,38,Female,Hyderabad,Mainstream Buyer,Books & Media,2024-08-31
612,Jairaj Raghavan,27,Female,Kolkata,Mainstream Buyer,Books & Media,2024-02-16
613,Hemani Dhingra,31,Male,Hyderabad,Luxury Enthusiast,Toys & Games,2025-08-27
614,Brijesh Mani,39,Male,Bengaluru,Luxury Enthusiast,Fashion,2024-03-12
615,Hiral Sathe,31,Male,Jaipur,Value Seeker,Beauty & Personal Care,2026-06-12
616,Varenya Kala,18,Male,Bhubaneswar,Mainstream Buyer,Electronics,2024-06-07
617,Anika Magar,32,Female,Pune,Mainstream Buyer,Automotive,2025-09-01
618,Ikbal Khatri,29,Female,Coimbatore,Value Seeker,Toys & Games,2025-10-09
619,Chandresh Wali,25,Male,Coimbatore,Budget Shopper,Grocery & Gourmet,2024-10-27
620,Viraj Ben,21,Female,Chandigarh,Budget Shopper,Sports & Outdoors,2026-01-24
621,Odika Narayanan,33,Male,Chandigarh,Mainstream Buyer,Health & Wellness,2024-01-13
622,Harish Devan,47,Male,Bhubaneswar,Value Seeker,Health & Wellness,2024-09-11
623,Nakul Ray,52,Male,Chandigarh,Luxury Enthusiast,Toys & Games,2026-06-13
624,Vansha Iyengar,26,Male,Bhubaneswar,Value Seeker,Automotive,2024-05-26
625,Ekani Mangal,46,Female,Nagpur,Luxury Enthusiast,Toys & Games,2026-03-25
626,Gaurav Kata,31,Male,Lucknow,Value Seeker,Grocery & Gourmet,2024-06-16
627,Parth Sahni,36,Female,Ahmedabad,Premium Buyer,Home & Kitchen,2024-06-25
628,Balhaar Ranganathan,20,Male,Chennai,Budget Shopper,Health & Wellness,2024-11-25
629,Quincy Mann,46,Female,Kochi,Mainstream Buyer,Fashion,2025-01-03
630,Aditya Misra,39,Male,Chandigarh,Premium Buyer,Toys & Games,2024-06-09
631,Gautami Mane,33,Male,Indore,Premium Buyer,Toys & Games,2024-05-22
632,Wakeeta Desai,42,Male,Jaipur,Premium Buyer,Electronics,2024-09-29
633,Anjali Hans,28,Male,Delhi,Budget Shopper,Grocery & Gourmet,2026-01-27
634,Ganga Gaba,18,Male,Chennai,Value Seeker,Electronics,2024-11-05
635,Aarini Grewal,26,Male,Kochi,Budget Shopper,Books & Media,2025-12-30
636,Geetika Merchant,34,Female,Pune,Budget Shopper,Automotive,2026-05-19
637,Parth Ravi,41,Male,Ahmedabad,Mainstream Buyer,Fashion,2026-02-13
638,Yutika Narang,57,Female,Chennai,Mainstream Buyer,Beauty & Personal Care,2025-05-10
639,Nandini Chandran,48,Female,Delhi,Mainstream Buyer,Books & Media,2024-02-09
640,Logan Sood,56,Female,Ahmedabad,Premium Buyer,Health & Wellness,2026-05-31
641,Yuvraj Ahuja,62,Female,Ahmedabad,Mainstream Buyer,Beauty & Personal Care,2026-04-24
642,Leela Keer,49,Male,Indore,Premium Buyer,Fashion,2026-04-08
643,Amara Narayan,28,Female,Delhi,Budget Shopper,Fashion,2026-01-09
644,Advay Lal,35,Female,Ahmedabad,Budget Shopper,Fashion,2025-02-26
645,Warinder Bhatia,31,Female,Chandigarh,Mainstream Buyer,Automotive,2024-06-17
646,Udyati Mohanty,43,Male,Chennai,Premium Buyer,Grocery & Gourmet,2026-05-19
647,Nidra Thakkar,21,Female,Kolkata,Budget Shopper,Sports & Outdoors,2024-07-02
648,Jacob Merchant,35,Male,Delhi,Value Seeker,Automotive,2024-03-26
649,Timothy Kanda,31,Female,Kochi,Mainstream Buyer,Health & Wellness,2026-04-20
650,Vanya Dua,20,Male,Chandigarh,Budget Shopper,Automotive,2025-05-19
651,Kashvi Sagar,35,Male,Ahmedabad,Value Seeker,Electronics,2024-06-23
652,Tejas Kota,41,Female,Pune,Premium Buyer,Electronics,2024-10-05
653,Sanya Wable,19,Female,Lucknow,Mainstream Buyer,Grocery & Gourmet,2026-01-14
654,Faras Choudhury,18,Male,Ahmedabad,Budget Shopper,Beauty & Personal Care,2026-02-17
655,Yashasvi Jain,32,Female,Pune,Premium Buyer,Fashion,2025-05-23
656,Nitesh Narang,24,Female,Indore,Value Seeker,Toys & Games,2024-05-24
657,Jackson Jha,46,Female,Chennai,Premium Buyer,Beauty & Personal Care,2024-02-23
658,Gavin Uppal,33,Female,Chandigarh,Value Seeker,Health & Wellness,2025-04-24
659,Christopher Setty,46,Male,Chennai,Mainstream Buyer,Books & Media,2025-03-08
660,Yochana Sagar,38,Male,Jaipur,Value Seeker,Home & Kitchen,2025-02-10
661,Dalbir Shere,41,Female,Chennai,Value Seeker,Health & Wellness,2025-04-13
662,Anthony Randhawa,48,Male,Coimbatore,Premium Buyer,Toys & Games,2024-11-21
663,Aarush Kamdar,28,Female,Pune,Budget Shopper,Home & Kitchen,2025-10-26
664,Chakradev Sampath,36,Female,Hyderabad,Budget Shopper,Fashion,2025-02-27
665,Devansh Bhasin,40,Female,Lucknow,Value Seeker,Books & Media,2024-12-23
666,Urmi Balay,40,Male,Bhubaneswar,Mainstream Buyer,Grocery & Gourmet,2025-02-06
667,Nilima Gole,54,Female,Mumbai,Premium Buyer,Automotive,2024-01-30
668,Osha Prasad,25,Female,Kochi,Luxury Enthusiast,Fashion,2024-08-26
669,Saumya Purohit,29,Male,Lucknow,Value Seeker,Sports & Outdoors,2024-09-04
670,Faris Zacharia,29,Male,Lucknow,Value Seeker,Health & Wellness,2024-07-01
671,Ijaya Dani,37,Male,Hyderabad,Budget Shopper,Toys & Games,2025-03-10
672,Maya Wadhwa,51,Male,Delhi,Mainstream Buyer,Electronics,2025-09-26
673,Udant Aggarwal,33,Female,Jaipur,Luxury Enthusiast,Health & Wellness,2025-03-03
674,Chanchal Sheth,49,Female,Coimbatore,Mainstream Buyer,Toys & Games,2024-03-18
675,Ladli Karpe,26,Male,Chennai,Mainstream Buyer,Sports & Outdoors,2024-04-26
676,Triveni Pal,21,Female,Kolkata,Value Seeker,Grocery & Gourmet,2025-08-14
677,Anya Gulati,40,Male,Jaipur,Premium Buyer,Toys & Games,2025-04-19
678,Azad Saini,29,Male,Ahmedabad,Value Seeker,Home & Kitchen,2025-10-27
679,Wridesh Jhaveri,18,Male,Ahmedabad,Budget Shopper,Grocery & Gourmet,2026-06-19
680,Harrison Bandi,37,Female,Coimbatore,Value Seeker,Home & Kitchen,2025-09-22
681,Chanakya Konda,33,Female,Nagpur,Budget Shopper,Home & Kitchen,2026-03-31
682,Neelima Sarna,36,Female,Indore,Budget Shopper,Books & Media,2025-08-10
683,Teerth Bhalla,23,Female,Mumbai,Budget Shopper,Electronics,2026-05-13
684,Yahvi Mann,31,Male,Kolkata,Value Seeker,Toys & Games,2025-09-17
685,Eiravati Nagi,36,Female,Mumbai,Mainstream Buyer,Books & Media,2024-09-22
686,Chasmum Dhar,47,Male,Chandigarh,Value Seeker,Grocery & Gourmet,2024-05-28
687,Odika Mital,18,Male,Coimbatore,Value Seeker,Fashion,2024-04-18
688,Darsh Gill,38,Female,Hyderabad,Luxury Enthusiast,Books & Media,2025-02-08
689,Warhi Batta,37,Male,Chandigarh,Mainstream Buyer,Sports & Outdoors,2025-02-21
690,Lakshmi Vohra,27,Male,Kochi,Mainstream Buyer,Fashion,2024-02-06
691,Omaja Rege,29,Male,Mumbai,Value Seeker,Sports & Outdoors,2025-02-13
692,Charita Puri,41,Male,Bengaluru,Premium Buyer,Health & Wellness,2026-04-16
693,Urvashi Khosla,21,Female,Indore,Budget Shopper,Automotive,2024-03-05
694,Charita Dhawan,32,Male,Chennai,Value Seeker,Fashion,2024-12-22
695,Dalbir Sachar,48,Female,Jaipur,Premium Buyer,Automotive,2024-11-04
696,Krish Rama,29,Other,Bhubaneswar,Value Seeker,Books & Media,2026-04-05
697,Aadhya Jani,32,Female,Chennai,Mainstream Buyer,Electronics,2025-05-01
698,Farhan Sengupta,35,Male,Mumbai,Mainstream Buyer,Health & Wellness,2025-05-11
699,George Wason,36,Female,Delhi,Mainstream Buyer,Books & Media,2024-06-23
700,Charan Loyal,18,Male,Bhubaneswar,Value Seeker,Health & Wellness,2025-07-19
701,Balveer Bora,31,Male,Kochi,Budget Shopper,Electronics,2025-08-24
702,Teerth Srinivas,27,Female,Kolkata,Value Seeker,Fashion,2024-10-22
703,Gaurangi Mitter,38,Male,Delhi,Budget Shopper,Health & Wellness,2026-06-16
704,Siddharth Gupta,48,Female,Lucknow,Premium Buyer,Home & Kitchen,2024-08-25
705,Varenya Kibe,42,Male,Mumbai,Value Seeker,Books & Media,2026-06-24
706,Mekhala Khatri,27,Female,Delhi,Mainstream Buyer,Toys & Games,2025-11-27
707,Barkha Rai,39,Female,Kochi,Premium Buyer,Health & Wellness,2025-04-06
708,Jagrati Morar,31,Other,Coimbatore,Premium Buyer,Beauty & Personal Care,2026-01-06
709,Jagvi Varghese,25,Male,Kochi,Value Seeker,Grocery & Gourmet,2026-05-30
710,Unnati Chaudhari,43,Male,Bhubaneswar,Value Seeker,Grocery & Gourmet,2025-06-16
711,Ekaja Jani,60,Female,Chennai,Luxury Enthusiast,Grocery & Gourmet,2024-09-29
712,Dhriti Sachdev,26,Female,Jaipur,Mainstream Buyer,Books & Media,2025-11-24
713,Timothy Dhingra,38,Male,Chennai,Premium Buyer,Electronics,2025-10-25
714,Advika Sahni,42,Male,Kolkata,Premium Buyer,Home & Kitchen,2024-10-26
715,Michael Hayre,48,Female,Bengaluru,Premium Buyer,Books & Media,2024-02-24
716,Victor Raghavan,18,Female,Indore,Budget Shopper,Sports & Outdoors,2025-03-19
717,Xalak Nazareth,22,Female,Lucknow,Mainstream Buyer,Fashion,2025-02-10
718,Vrinda Swaminathan,31,Female,Lucknow,Budget Shopper,Toys & Games,2024-06-12
719,Om Pandey,19,Male,Bengaluru,Mainstream Buyer,Sports & Outdoors,2026-05-02
720,Logan Suresh,42,Male,Delhi,Luxury Enthusiast,Grocery & Gourmet,2024-01-24
721,Daniel Viswanathan,33,Female,Indore,Value Seeker,Books & Media,2025-04-26
722,Falan Bava,35,Female,Coimbatore,Value Seeker,Beauty & Personal Care,2025-07-23
723,Nitara Devan,25,Male,Mumbai,Budget Shopper,Fashion,2024-12-18
724,Ekansh Dora,43,Female,Coimbatore,Luxury Enthusiast,Fashion,2024-03-27
725,Tejas Tiwari,34,Male,Nagpur,Budget Shopper,Books & Media,2024-03-04
726,Kashvi Bhasin,29,Male,Indore,Budget Shopper,Beauty & Personal Care,2024-07-27
727,Vinaya Babu,21,Female,Chennai,Budget Shopper,Grocery & Gourmet,2025-04-19
728,Nisha Arora,27,Male,Kolkata,Budget Shopper,Toys & Games,2026-02-16
729,Anvi Wason,35,Male,Indore,Value Seeker,Home & Kitchen,2026-01-09
730,Anay Thakkar,47,Female,Pune,Value Seeker,Grocery & Gourmet,2024-06-04
731,Praneel Chhabra,39,Male,Lucknow,Value Seeker,Books & Media,2026-03-09
732,Manthan Khosla,37,Male,Nagpur,Budget Shopper,Automotive,2025-04-21
733,Zayyan Pandya,21,Female,Pune,Budget Shopper,Health & Wellness,2025-06-27
734,Mekhala Brar,27,Male,Kochi,Value Seeker,Health & Wellness,2024-09-27
735,Nidra Sharaf,24,Female,Ahmedabad,Budget Shopper,Fashion,2025-08-24
736,Upkaar Mital,35,Male,Jaipur,Mainstream Buyer,Books & Media,2024-10-03
737,Azad Chander,18,Male,Delhi,Budget Shopper,Electronics,2025-03-28
738,Ladli Purohit,43,Female,Nagpur,Value Seeker,Automotive,2024-04-20
739,Daksh Andra,39,Male,Jaipur,Value Seeker,Grocery & Gourmet,2026-01-12
740,Fitan Tata,29,Female,Hyderabad,Value Seeker,Home & Kitchen,2024-08-11
741,Garima Chandran,32,Female,Kochi,Budget Shopper,Toys & Games,2024-09-15
742,Victor Kakar,29,Female,Pune,Budget Shopper,Books & Media,2024-06-14
743,Anika Batra,49,Male,Chandigarh,Premium Buyer,Books & Media,2025-04-13
744,Avni Bali,18,Male,Indore,Budget Shopper,Books & Media,2025-09-13
745,Divya Babu,30,Female,Pune,Value Seeker,Health & Wellness,2025-03-20
746,Maanas Rao,31,Male,Lucknow,Value Seeker,Grocery & Gourmet,2024-02-01
747,Chandani Gaba,37,Female,Mumbai,Value Seeker,Sports & Outdoors,2026-01-05
748,Lopa Zachariah,26,Female,Nagpur,Value Seeker,Grocery & Gourmet,2024-11-09
749,Leena Dey,20,Male,Jaipur,Premium Buyer,Fashion,2025-12-09
750,Xiti Pal,33,Male,Coimbatore,Premium Buyer,Home & Kitchen,2024-07-30
751,Guneet Sarkar,31,Female,Coimbatore,Value Seeker,Fashion,2025-06-12
752,Faqid Oak,32,Female,Kolkata,Value Seeker,Automotive,2024-05-14
753,Eta Balan,42,Male,Lucknow,Budget Shopper,Electronics,2026-02-03
754,Shravya Swaminathan,37,Female,Pune,Value Seeker,Automotive,2026-03-10
755,Ishani Prashad,37,Female,Coimbatore,Mainstream Buyer,Automotive,2024-02-21
756,Quincy Rai,26,Male,Delhi,Budget Shopper,Health & Wellness,2025-08-30
757,Chakrika Koshy,41,Male,Bengaluru,Value Seeker,Grocery & Gourmet,2026-04-15
758,Fitan Loyal,41,Female,Bhubaneswar,Luxury Enthusiast,Sports & Outdoors,2024-06-04
759,Lajita Dube,25,Female,Lucknow,Budget Shopper,Automotive,2025-06-21
760,Edhitha Patel,22,Female,Bengaluru,Value Seeker,Health & Wellness,2024-03-18
761,Gavin Ahluwalia,49,Male,Hyderabad,Mainstream Buyer,Automotive,2025-05-30
762,Sai Parsa,30,Female,Jaipur,Budget Shopper,Grocery & Gourmet,2024-08-15
763,Harsh Deo,20,Female,Mumbai,Budget Shopper,Grocery & Gourmet,2025-01-23
764,Rachit Sankar,25,Female,Pune,Budget Shopper,Toys & Games,2025-04-20
765,Yauvani Reddy,47,Male,Kolkata,Premium Buyer,Automotive,2025-04-17
766,Atharv Chakraborty,24,Male,Bengaluru,Budget Shopper,Sports & Outdoors,2025-11-15
767,Girik Nair,22,Female,Chennai,Budget Shopper,Books & Media,2024-09-02
768,Advik Manne,21,Male,Chennai,Budget Shopper,Automotive,2025-03-12
769,Lipika Chad,30,Male,Delhi,Budget Shopper,Home & Kitchen,2026-06-29
770,Omkaar Rai,33,Female,Coimbatore,Mainstream Buyer,Grocery & Gourmet,2025-07-06
771,Liam Luthra,22,Male,Chennai,Budget Shopper,Fashion,2025-06-28
772,Amrita Tailor,24,Female,Mumbai,Mainstream Buyer,Books & Media,2024-04-20
773,Dev Ganesh,37,Female,Mumbai,Mainstream Buyer,Electronics,2025-06-09
774,Anya Sama,41,Female,Nagpur,Premium Buyer,Health & Wellness,2025-02-02
775,Veda Bose,24,Male,Delhi,Budget Shopper,Automotive,2026-04-17
776,Zayan Koshy,44,Female,Bhubaneswar,Premium Buyer,Home & Kitchen,2025-07-11
777,Rohan Shankar,43,Female,Bengaluru,Mainstream Buyer,Fashion,2025-10-16
778,Krishna Modi,33,Female,Delhi,Budget Shopper,Toys & Games,2025-04-05
779,Meghana Natarajan,41,Male,Jaipur,Mainstream Buyer,Health & Wellness,2024-04-08
780,Forum Sarraf,40,Male,Chandigarh,Premium Buyer,Beauty & Personal Care,2024-03-08
781,Qushi Deshpande,21,Female,Delhi,Budget Shopper,Health & Wellness,2025-10-14
782,Ekani Iyer,33,Male,Kolkata,Premium Buyer,Sports & Outdoors,2024-12-23
783,Dipta Goel,26,Female,Indore,Value Seeker,Sports & Outdoors,2024-02-18
784,Eiravati Manne,37,Male,Delhi,Mainstream Buyer,Beauty & Personal Care,2025-12-05
785,Xavier Nanda,39,Male,Bengaluru,Luxury Enthusiast,Home & Kitchen,2025-05-30
786,Avni Ramaswamy,32,Female,Chennai,Value Seeker,Beauty & Personal Care,2025-04-04
787,Ishaan Iyengar,34,Female,Indore,Premium Buyer,Fashion,2026-06-28
788,Avi Shenoy,18,Female,Indore,Value Seeker,Beauty & Personal Care,2025-05-05
789,Raksha Manne,50,Male,Lucknow,Premium Buyer,Home & Kitchen,2026-03-13
790,Nilima Tata,32,Female,Coimbatore,Mainstream Buyer,Electronics,2025-09-23
791,Chavvi Khurana,19,Other,Mumbai,Budget Shopper,Beauty & Personal Care,2026-03-18
792,Mitesh Sampath,22,Male,Hyderabad,Value Seeker,Electronics,2024-09-02
793,Ethan Sen,35,Male,Bhubaneswar,Value Seeker,Fashion,2024-06-05
794,Nandini Warrior,39,Male,Lucknow,Budget Shopper,Grocery & Gourmet,2025-10-31
795,Balhaar Parsa,23,Female,Hyderabad,Budget Shopper,Electronics,2026-05-25
796,Ikbal Kothari,30,Male,Lucknow,Value Seeker,Beauty & Personal Care,2025-04-11
797,Ojas Basu,36,Female,Lucknow,Budget Shopper,Toys & Games,2026-03-19
798,Garima Sani,18,Male,Lucknow,Budget Shopper,Electronics,2025-05-27
799,Advaith Chaudhari,54,Female,Nagpur,Mainstream Buyer,Grocery & Gourmet,2025-02-23
800,Tristan Uppal,58,Female,Jaipur,Mainstream Buyer,Electronics,2025-05-04
801,Sanaya Prasad,18,Female,Mumbai,Mainstream Buyer,Electronics,2025-03-15
802,Ubika Tella,31,Male,Chandigarh,Value Seeker,Fashion,2025-02-03
803,Hemani Bakshi,36,Male,Mumbai,Premium Buyer,Automotive,2026-02-02
804,Henry Merchant,34,Female,Coimbatore,Mainstream Buyer,Electronics,2024-10-20
805,Frederick D’Alia,23,Male,Indore,Budget Shopper,Electronics,2024-11-03
806,Ijaya Muni,34,Female,Bengaluru,Budget Shopper,Health & Wellness,2026-02-21
807,Tamanna Jhaveri,35,Male,Indore,Mainstream Buyer,Toys & Games,2025-06-03
808,Ijaya Soni,18,Male,Indore,Budget Shopper,Books & Media,2025-10-13
809,Raksha Sethi,30,Male,Coimbatore,Value Seeker,Electronics,2025-07-06
810,Ekalinga Mital,51,Female,Kolkata,Luxury Enthusiast,Beauty & Personal Care,2024-07-31
811,Ishwar Bajaj,18,Female,Hyderabad,Budget Shopper,Books & Media,2025-01-07
812,Ikbal Gala,18,Male,Lucknow,Budget Shopper,Books & Media,2024-03-31
813,Zaitra Ghosh,64,Male,Bengaluru,Luxury Enthusiast,Books & Media,2025-01-31
814,Ganga Sandhu,31,Male,Coimbatore,Mainstream Buyer,Fashion,2026-05-21
815,Vincent Ravel,25,Female,Bengaluru,Budget Shopper,Health & Wellness,2024-09-25
816,Quincy Sankaran,39,Female,Kolkata,Premium Buyer,Grocery & Gourmet,2026-04-25
817,Ayush Hora,47,Male,Jaipur,Premium Buyer,Home & Kitchen,2025-08-25
818,Pushti Ramachandran,47,Female,Bengaluru,Value Seeker,Health & Wellness,2024-03-07
819,Tanish Jha,42,Female,Indore,Mainstream Buyer,Beauty & Personal Care,2024-01-17
820,Dev Chaudry,18,Female,Lucknow,Value Seeker,Fashion,2026-02-17
821,Jasmit Nanda,18,Female,Mumbai,Budget Shopper,Automotive,2024-01-21
822,Tanvi Comar,33,Female,Chandigarh,Mainstream Buyer,Fashion,2024-01-26
823,Vrishti Wable,29,Female,Lucknow,Value Seeker,Electronics,2024-04-27
824,Lipika Ramanathan,21,Male,Chandigarh,Mainstream Buyer,Toys & Games,2024-06-11
825,Ijaya Pandey,50,Male,Kochi,Premium Buyer,Home & Kitchen,2026-04-24
826,Orinder Mishra,18,Male,Coimbatore,Budget Shopper,Fashion,2026-03-13
827,Krish Munshi,50,Male,Pune,Mainstream Buyer,Fashion,2024-12-22
828,William Mody,43,Male,Hyderabad,Budget Shopper,Fashion,2026-03-30
829,Qadim Prakash,40,Female,Hyderabad,Premium Buyer,Health & Wellness,2025-11-15
830,Yasti Rama,30,Female,Kolkata,Budget Shopper,Toys & Games,2024-01-28
831,Lakshit Rajagopal,25,Male,Chennai,Mainstream Buyer,Automotive,2024-03-28
832,Quincy Sur,42,Male,Indore,Mainstream Buyer,Toys & Games,2025-11-12
833,Ojas Suri,27,Female,Jaipur,Value Seeker,Books & Media,2025-02-28
834,Logan Grover,27,Female,Pune,Mainstream Buyer,Home & Kitchen,2025-02-28
835,Shravya Bera,34,Male,Lucknow,Mainstream Buyer,Health & Wellness,2025-11-05
836,Aditya Sundaram,32,Female,Lucknow,Mainstream Buyer,Automotive,2025-11-29
837,Robert Rajagopalan,34,Male,Bhubaneswar,Mainstream Buyer,Books & Media,2025-05-31
838,Nilima Swamy,55,Male,Chennai,Luxury Enthusiast,Fashion,2025-01-03
839,Sachi Suresh,24,Female,Hyderabad,Value Seeker,Grocery & Gourmet,2024-07-03
840,Fitan Balasubramanian,47,Female,Mumbai,Value Seeker,Beauty & Personal Care,2024-05-31
841,Brinda Bali,18,Male,Bengaluru,Budget Shopper,Home & Kitchen,2026-06-12
842,Umang Yogi,57,Female,Kochi,Premium Buyer,Grocery & Gourmet,2024-11-13
843,Om Shankar,22,Female,Indore,Value Seeker,Automotive,2024-12-20
844,Yasti Chowdhury,31,Male,Kochi,Value Seeker,Toys & Games,2026-05-19
845,Amrita Peri,22,Female,Nagpur,Budget Shopper,Electronics,2024-06-05
846,Ridhi Kamdar,39,Male,Coimbatore,Premium Buyer,Toys & Games,2025-01-08
847,Harsh Kota,39,Male,Bhubaneswar,Value Seeker,Health & Wellness,2024-09-18
848,Bachittar Sengupta,50,Male,Chennai,Mainstream Buyer,Toys & Games,2024-11-09
849,Ijaya Chahal,37,Male,Kolkata,Budget Shopper,Home & Kitchen,2025-09-01
850,Jacob Khalsa,43,Male,Indore,Luxury Enthusiast,Toys & Games,2025-12-31
851,Indali Sangha,28,Female,Coimbatore,Budget Shopper,Home & Kitchen,2025-07-24
852,Liam Jhaveri,19,Male,Ahmedabad,Budget Shopper,Automotive,2024-08-10
853,Daniel Panchal,34,Female,Nagpur,Premium Buyer,Automotive,2024-12-01
854,Om Naik,32,Male,Indore,Premium Buyer,Books & Media,2024-12-10
855,Bimala Loke,23,Female,Chennai,Budget Shopper,Fashion,2026-03-05
856,Krishna Sabharwal,34,Female,Kochi,Value Seeker,Sports & Outdoors,2026-06-22
857,Aradhana Date,19,Male,Pune,Mainstream Buyer,Fashion,2024-11-03
858,Zaid Dhingra,42,Female,Pune,Premium Buyer,Grocery & Gourmet,2024-02-21
859,Yug Ramaswamy,45,Female,Indore,Value Seeker,Toys & Games,2025-08-10
860,Lucky Luthra,42,Female,Coimbatore,Value Seeker,Home & Kitchen,2025-05-23
861,Keya Seth,31,Male,Mumbai,Mainstream Buyer,Automotive,2024-02-15
862,Girik Rau,24,Female,Kochi,Mainstream Buyer,Grocery & Gourmet,2025-12-02
863,Jyoti Sha,47,Female,Coimbatore,Premium Buyer,Health & Wellness,2025-03-15
864,Falak Agate,18,Male,Jaipur,Mainstream Buyer,Home & Kitchen,2026-04-13
865,Tara Parmar,36,Female,Chennai,Budget Shopper,Fashion,2025-11-04
866,Mitali Kamdar,41,Male,Coimbatore,Premium Buyer,Sports & Outdoors,2025-07-27
867,Siddharth Talwar,59,Male,Nagpur,Premium Buyer,Home & Kitchen,2024-10-18
868,Ekantika Mander,27,Female,Delhi,Premium Buyer,Grocery & Gourmet,2025-09-25
869,Kalpit Sundaram,35,Other,Kochi,Budget Shopper,Sports & Outdoors,2025-05-10
870,Chanakya Batra,26,Male,Bhubaneswar,Budget Shopper,Toys & Games,2025-10-04
871,Tripti Babu,34,Male,Pune,Mainstream Buyer,Fashion,2026-02-23
872,Nakul Sastry,18,Male,Kolkata,Budget Shopper,Electronics,2024-07-13
873,Aadi Sangha,52,Female,Hyderabad,Luxury Enthusiast,Health & Wellness,2024-10-30
874,Kevin Mittal,38,Male,Hyderabad,Value Seeker,Sports & Outdoors,2024-11-23
875,Anusha Chander,53,Male,Pune,Mainstream Buyer,Fashion,2025-01-19
876,Zashil Butala,52,Male,Indore,Premium Buyer,Automotive,2026-03-02
877,Noah Ben,26,Female,Bengaluru,Value Seeker,Fashion,2025-03-21
878,Dalaja Kaur,22,Male,Hyderabad,Value Seeker,Health & Wellness,2024-09-28
879,Gavin Chandran,24,Female,Nagpur,Mainstream Buyer,Beauty & Personal Care,2025-04-09
880,Tanay Sood,50,Male,Nagpur,Mainstream Buyer,Sports & Outdoors,2024-09-14
881,Kevin Kara,24,Male,Hyderabad,Value Seeker,Home & Kitchen,2025-09-06
882,Aditya Anand,50,Male,Pune,Mainstream Buyer,Electronics,2025-03-22
883,Jai Sami,51,Male,Pune,Luxury Enthusiast,Sports & Outdoors,2025-07-21
884,Vanya Bobal,34,Male,Chennai,Value Seeker,Beauty & Personal Care,2024-01-11
885,Leela Chakraborty,24,Male,Bengaluru,Budget Shopper,Sports & Outdoors,2026-01-19
886,Harshil Munshi,37,Male,Mumbai,Value Seeker,Sports & Outdoors,2025-10-17
887,Chandani Devan,31,Male,Kochi,Value Seeker,Toys & Games,2024-10-22
888,Kiaan Dhar,23,Male,Mumbai,Budget Shopper,Electronics,2026-05-09
889,Abhiram Gala,33,Male,Kochi,Budget Shopper,Beauty & Personal Care,2025-03-23
890,Indali Kala,35,Male,Delhi,Mainstream Buyer,Automotive,2026-06-04
891,Nisha Savant,24,Male,Bengaluru,Value Seeker,Health & Wellness,2025-03-10
892,Gabriel Chaudhry,52,Female,Mumbai,Luxury Enthusiast,Books & Media,2025-09-13
893,Jatin Rajagopalan,26,Female,Pune,Budget Shopper,Beauty & Personal Care,2026-01-10
894,Pushti Murty,31,Female,Kolkata,Budget Shopper,Sports & Outdoors,2025-04-06
895,Yug Malhotra,32,Male,Kolkata,Mainstream Buyer,Grocery & Gourmet,2025-09-04
896,Yuvraj Mane,32,Other,Chennai,Premium Buyer,Beauty & Personal Care,2026-04-21
897,Charvi Jha,47,Other,Nagpur,Value Seeker,Health & Wellness,2025-03-05
898,Manya Merchant,40,Male,Pune,Budget Shopper,Electronics,2025-02-03
899,Wriddhish Talwar,34,Male,Indore,Budget Shopper,Toys & Games,2024-11-08
900,Isaiah Khosla,28,Female,Hyderabad,Value Seeker,Books & Media,2024-04-06
901,Ekavir Wable,29,Female,Ahmedabad,Value Seeker,Sports & Outdoors,2024-10-03
902,Jalsa Nadig,39,Female,Delhi,Budget Shopper,Sports & Outdoors,2024-07-09
903,Lila Salvi,23,Female,Chennai,Budget Shopper,Fashion,2024-11-21
904,Orinder Sinha,26,Female,Delhi,Value Seeker,Beauty & Personal Care,2024-10-30
905,Anay Bir,63,Other,Mumbai,Luxury Enthusiast,Beauty & Personal Care,2024-07-13
906,Adweta Kale,36,Male,Bengaluru,Mainstream Buyer,Toys & Games,2024-11-09
907,Darpan Rao,47,Male,Bengaluru,Value Seeker,Books & Media,2025-04-02
908,Yachana Sagar,18,Female,Kolkata,Budget Shopper,Sports & Outdoors,2024-09-08
909,Neelima Butala,31,Male,Lucknow,Budget Shopper,Books & Media,2024-02-08
910,Arunima Chacko,50,Male,Bengaluru,Value Seeker,Books & Media,2025-04-09
911,Farhan Vaidya,37,Male,Kochi,Mainstream Buyer,Electronics,2025-12-08
912,Nachiket Yadav,40,Male,Kolkata,Premium Buyer,Automotive,2025-07-02
913,Mahika Bhatti,32,Male,Pune,Premium Buyer,Automotive,2026-06-18
914,Rajeshri Khare,56,Female,Bhubaneswar,Luxury Enthusiast,Beauty & Personal Care,2025-09-26
915,Yash Chadha,40,Male,Ahmedabad,Luxury Enthusiast,Grocery & Gourmet,2024-04-19
916,Jack Setty,46,Female,Chennai,Luxury Enthusiast,Beauty & Personal Care,2026-04-01
917,Dayamai Gill,18,Male,Hyderabad,Budget Shopper,Electronics,2024-04-18
918,Advik Devan,41,Female,Bengaluru,Budget Shopper,Automotive,2025-02-07
919,Nihal Taneja,42,Female,Indore,Value Seeker,Home & Kitchen,2025-09-15
920,Zansi Lad,36,Female,Coimbatore,Mainstream Buyer,Beauty & Personal Care,2025-04-29
921,Kamya Date,18,Male,Chennai,Budget Shopper,Books & Media,2024-04-26
922,Jacob Balan,56,Male,Ahmedabad,Premium Buyer,Sports & Outdoors,2026-03-15
923,Pushti Magar,33,Female,Jaipur,Mainstream Buyer,Home & Kitchen,2025-02-03
924,Adya Bose,27,Female,Mumbai,Mainstream Buyer,Automotive,2025-10-31
925,Tamanna Vaidya,18,Male,Bhubaneswar,Budget Shopper,Beauty & Personal Care,2025-02-26
926,Christopher Tata,21,Female,Indore,Budget Shopper,Books & Media,2024-07-18
927,Jhalak Dugar,18,Female,Jaipur,Budget Shopper,Toys & Games,2024-03-19
928,Harshil D’Alia,37,Male,Lucknow,Premium Buyer,Health & Wellness,2025-11-11
929,Yashodhara Agate,43,Female,Delhi,Mainstream Buyer,Sports & Outdoors,2024-11-07
930,Advik Konda,33,Male,Nagpur,Mainstream Buyer,Sports & Outdoors,2025-06-10
931,Urmi Patla,35,Male,Coimbatore,Value Seeker,Health & Wellness,2025-04-02
932,Mason Gola,25,Female,Nagpur,Value Seeker,Sports & Outdoors,2026-02-05
933,Oni Kapur,32,Female,Chandigarh,Value Seeker,Home & Kitchen,2024-05-16
934,Yuvraj Saha,54,Female,Kochi,Mainstream Buyer,Electronics,2026-01-28
935,Anika Brahmbhatt,33,Female,Chennai,Mainstream Buyer,Beauty & Personal Care,2026-05-25
936,Jagdish Thakkar,30,Other,Coimbatore,Budget Shopper,Fashion,2024-08-15
937,Praneel Kapoor,32,Male,Jaipur,Luxury Enthusiast,Beauty & Personal Care,2025-06-28
938,Nandini Biswas,40,Male,Pune,Budget Shopper,Books & Media,2026-05-01
939,Barkha Mukhopadhyay,38,Male,Lucknow,Premium Buyer,Books & Media,2024-10-22
940,Gabriel Shan,36,Female,Bhubaneswar,Budget Shopper,Fashion,2025-10-16
941,Jyoti Iyer,30,Female,Bengaluru,Value Seeker,Sports & Outdoors,2024-01-29
942,Daksha Kibe,48,Female,Jaipur,Premium Buyer,Sports & Outdoors,2024-01-25
943,Jyoti Tak,33,Male,Indore,Budget Shopper,Electronics,2025-02-17
944,Yatan Dora,27,Male,Kolkata,Value Seeker,Home & Kitchen,2025-04-26
945,Nimrat Bajwa,41,Female,Kolkata,Value Seeker,Grocery & Gourmet,2025-05-24
946,Hiral Andra,20,Female,Mumbai,Budget Shopper,Electronics,2024-12-29
947,Aarav Puri,44,Male,Kolkata,Mainstream Buyer,Beauty & Personal Care,2024-03-30
948,Hemang Jha,39,Female,Kochi,Premium Buyer,Sports & Outdoors,2024-11-28
949,Oni Swamy,46,Female,Nagpur,Premium Buyer,Fashion,2026-04-02
950,Lucky Mammen,27,Female,Jaipur,Value Seeker,Toys & Games,2026-01-04
951,Caleb Kata,32,Male,Chennai,Value Seeker,Grocery & Gourmet,2024-12-08
952,Kashish Shanker,18,Female,Indore,Budget Shopper,Beauty & Personal Care,2025-07-31
953,Girish Tiwari,29,Male,Hyderabad,Budget Shopper,Home & Kitchen,2025-04-23
954,Meera Borde,27,Male,Bengaluru,Budget Shopper,Grocery & Gourmet,2025-07-03
955,Radhika De,42,Female,Jaipur,Luxury Enthusiast,Home & Kitchen,2025-01-07
956,Bishakha Lal,42,Male,Chandigarh,Premium Buyer,Fashion,2025-12-04
957,Maya Narain,38,Male,Hyderabad,Mainstream Buyer,Electronics,2026-04-25
958,Sneha Magar,26,Male,Mumbai,Value Seeker,Electronics,2025-12-01
959,Falan Jain,30,Male,Lucknow,Value Seeker,Automotive,2024-11-03
960,Ikbal Dugal,22,Female,Kochi,Value Seeker,Health & Wellness,2024-12-27
961,Nitesh Sengupta,53,Male,Coimbatore,Value Seeker,Books & Media,2024-06-28
962,Dipta Ray,41,Female,Pune,Value Seeker,Health & Wellness,2026-03-24
963,Ishita Johal,29,Female,Delhi,Budget Shopper,Grocery & Gourmet,2026-02-22
964,Darika Sheth,37,Male,Kolkata,Budget Shopper,Sports & Outdoors,2026-03-06
965,Jagdish Chana,29,Female,Ahmedabad,Luxury Enthusiast,Grocery & Gourmet,2025-02-06
966,Daksha Baria,18,Male,Pune,Value Seeker,Sports & Outdoors,2025-01-28
967,Falak Divan,43,Male,Bhubaneswar,Luxury Enthusiast,Health & Wellness,2026-02-06
968,Yuvraj Parekh,18,Male,Hyderabad,Budget Shopper,Automotive,2025-05-20
969,Yochana Bawa,34,Male,Chennai,Mainstream Buyer,Automotive,2026-05-15
970,Abha Ghosh,28,Male,Bengaluru,Budget Shopper,Books & Media,2024-12-24
971,Nidhi Sethi,35,Male,Kochi,Budget Shopper,Books & Media,2025-01-31
972,Girindra Shere,18,Female,Indore,Budget Shopper,Fashion,2026-06-06
973,Logan Dara,30,Female,Bhubaneswar,Budget Shopper,Toys & Games,2026-04-11
974,David Kapadia,43,Female,Hyderabad,Premium Buyer,Fashion,2024-10-01
975,Rudra Rattan,35,Female,Pune,Value Seeker,Books & Media,2024-04-08
976,Frado Lad,32,Female,Lucknow,Mainstream Buyer,Fashion,2024-05-22
977,Anthony Bhattacharyya,44,Male,Mumbai,Value Seeker,Sports & Outdoors,2025-02-02
978,Sachi Dave,31,Female,Lucknow,Value Seeker,Grocery & Gourmet,2025-03-13
979,Garima Das,47,Male,Bengaluru,Value Seeker,Beauty & Personal Care,2024-06-29
980,Triya Bedi,19,Female,Mumbai,Budget Shopper,Toys & Games,2024-05-31
981,Rachita Rana,53,Female,Delhi,Luxury Enthusiast,Home & Kitchen,2024-04-01
982,Ayushman Raja,42,Male,Bhubaneswar,Premium Buyer,Home & Kitchen,2025-07-04
983,Orinder Pandya,34,Female,Coimbatore,Mainstream Buyer,Fashion,2025-04-26
984,Rachit Maharaj,37,Female,Indore,Value Seeker,Fashion,2026-04-20
985,Sanaya Dixit,24,Female,Lucknow,Budget Shopper,Beauty & Personal Care,2026-01-23
986,Yatan Merchant,19,Male,Indore,Premium Buyer,Fashion,2025-07-24
987,Nisha Srinivas,18,Female,Ahmedabad,Value Seeker,Automotive,2024-06-28
988,Gagan Mammen,38,Female,Indore,Budget Shopper,Grocery & Gourmet,2025-05-23
989,Laksh Saini,43,Male,Mumbai,Value Seeker,Home & Kitchen,2025-01-15
990,Zaid Bahl,59,Female,Kochi,Premium Buyer,Automotive,2024-05-08
991,Jagrati Srinivasan,36,Male,Indore,Mainstream Buyer,Beauty & Personal Care,2025-04-26
992,Hemangini Thakkar,25,Female,Nagpur,Mainstream Buyer,Books & Media,2025-09-01
993,Lipika Madan,39,Male,Kolkata,Premium Buyer,Toys & Games,2024-09-08
994,Atharv Nagar,27,Male,Bengaluru,Budget Shopper,Grocery & Gourmet,2025-09-18
995,Ayushman Mand,33,Male,Lucknow,Premium Buyer,Electronics,2025-07-14
996,Urmi Wagle,46,Female,Delhi,Value Seeker,Home & Kitchen,2024-04-18
997,Viraj Dutta,57,Female,Indore,Mainstream Buyer,Beauty & Personal Care,2025-05-31
998,Yug Khosla,31,Male,Lucknow,Budget Shopper,Books & Media,2025-11-15
999,Daksh Kanda,46,Male,Lucknow,Luxury Enthusiast,Automotive,2024-06-05
1000,Isha Ghose,20,Female,Chennai,Value Seeker,Sports & Outdoors,2024-11-26
1001,Warjas Nadkarni,40,Male,Delhi,Budget Shopper,Sports & Outdoors,2024-08-05
1002,Ayaan Pandey,32,Male,Kochi,Value Seeker,Electronics,2025-09-08
1003,Raghav Tailor,24,Female,Kolkata,Budget Shopper,Books & Media,2024-07-23
1004,Parth Swaminathan,31,Male,Pune,Budget Shopper,Sports & Outdoors,2024-02-20
1005,Gautam Bhalla,31,Female,Hyderabad,Mainstream Buyer,Toys & Games,2026-02-03
1006,Theodore Bahri,33,Male,Kolkata,Value Seeker,Automotive,2026-01-10
1007,Aadi Narula,30,Female,Chandigarh,Premium Buyer,Books & Media,2025-02-05
1008,Kalpit Oak,41,Female,Bhubaneswar,Value Seeker,Electronics,2024-09-13
1009,Ekiya Bhargava,36,Male,Kolkata,Mainstream Buyer,Automotive,2026-06-30
1010,Manbir Dhar,42,Female,Bengaluru,Value Seeker,Sports & Outdoors,2025-02-18
1011,Janya Bora,35,Female,Mumbai,Mainstream Buyer,Sports & Outdoors,2026-03-07
1012,Meghana Chaudhuri,35,Female,Hyderabad,Mainstream Buyer,Automotive,2024-01-27
1013,Chasmum Naidu,21,Male,Mumbai,Value Seeker,Books & Media,2024-09-11
1014,Nakul Sarkar,53,Male,Coimbatore,Luxury Enthusiast,Grocery & Gourmet,2024-01-13
1015,Edhitha Ghosh,24,Female,Coimbatore,Value Seeker,Automotive,2025-12-15
1016,Udant Gill,22,Male,Indore,Budget Shopper,Sports & Outdoors,2024-07-12
1017,Damyanti Menon,37,Male,Kolkata,Mainstream Buyer,Health & Wellness,2025-07-20
1018,Peter Agarwal,44,Male,Chandigarh,Premium Buyer,Fashion,2026-03-29
1019,Bachittar Gopal,18,Female,Bengaluru,Budget Shopper,Automotive,2025-04-22
1020,Timothy Chawla,29,Male,Hyderabad,Value Seeker,Automotive,2025-05-02
1021,Lohit Narula,50,Male,Bhubaneswar,Premium Buyer,Electronics,2025-04-04
1022,Wazir Palan,33,Female,Bhubaneswar,Mainstream Buyer,Fashion,2024-05-18
1023,Oliver Chakrabarti,44,Male,Kochi,Luxury Enthusiast,Electronics,2025-10-21
1024,Sanya Apte,33,Male,Kochi,Value Seeker,Home & Kitchen,2024-11-30
1025,Shaurya Krish,35,Male,Lucknow,Mainstream Buyer,Health & Wellness,2026-01-01
1026,Inaya Kunda,22,Male,Chandigarh,Value Seeker,Fashion,2024-04-26
1027,Aarav Bava,46,Other,Hyderabad,Luxury Enthusiast,Electronics,2025-05-12
1028,Raksha Saini,40,Male,Delhi,Value Seeker,Sports & Outdoors,2024-07-07
1029,Odika Tailor,27,Female,Bengaluru,Mainstream Buyer,Beauty & Personal Care,2025-10-30
1030,Indali Prashad,28,Male,Kolkata,Value Seeker,Toys & Games,2025-09-20
1031,Varenya Kar,24,Male,Hyderabad,Mainstream Buyer,Toys & Games,2024-01-23
1032,Siya Borah,45,Male,Jaipur,Mainstream Buyer,Automotive,2026-01-05
1033,Chaitaly Bahri,31,Female,Bengaluru,Value Seeker,Sports & Outdoors,2025-02-08
1034,Advika Cheema,35,Male,Kochi,Premium Buyer,Sports & Outdoors,2025-09-12
1035,Hema Garde,32,Male,Lucknow,Value Seeker,Electronics,2025-07-12
1036,Naveen Borde,26,Female,Delhi,Mainstream Buyer,Health & Wellness,2024-10-09
1037,Hamsini Subramanian,22,Male,Chennai,Value Seeker,Home & Kitchen,2024-07-23
1038,Raagini Gala,18,Female,Jaipur,Value Seeker,Books & Media,2025-04-21
1039,Naksh Bera,22,Male,Delhi,Value Seeker,Automotive,2024-11-30
1040,Garima Jha,39,Male,Coimbatore,Budget Shopper,Toys & Games,2026-05-22
1041,Nimrat Zachariah,20,Female,Indore,Budget Shopper,Toys & Games,2025-12-01
1042,Baghyawati Mishra,41,Male,Kolkata,Mainstream Buyer,Fashion,2024-08-28
1043,Gopal Bawa,29,Male,Mumbai,Mainstream Buyer,Grocery & Gourmet,2024-11-05
1044,Vritti Dube,43,Male,Jaipur,Mainstream Buyer,Fashion,2026-05-21
1045,Jalsa Aggarwal,18,Male,Chandigarh,Budget Shopper,Toys & Games,2024-04-15
1046,Gagan Menon,32,Female,Chennai,Value Seeker,Books & Media,2025-06-25
1047,Ryan Chatterjee,27,Male,Chandigarh,Budget Shopper,Sports & Outdoors,2025-09-29
1048,Samuel Garde,57,Other,Chandigarh,Mainstream Buyer,Grocery & Gourmet,2025-05-08
1049,Finn Solanki,48,Male,Chennai,Premium Buyer,Grocery & Gourmet,2025-07-08
1050,Darika Rao,21,Male,Kochi,Budget Shopper,Home & Kitchen,2025-04-01
1051,Vrinda Lanka,43,Male,Mumbai,Mainstream Buyer,Beauty & Personal Care,2026-02-02
1052,Lila Goyal,46,Female,Jaipur,Budget Shopper,Sports & Outdoors,2026-02-25
1053,Lakshmi Pingle,18,Female,Bhubaneswar,Value Seeker,Fashion,2024-01-17
1054,Sanaya Basu,19,Female,Nagpur,Budget Shopper,Beauty & Personal Care,2024-08-23
1055,Ria Shroff,29,Male,Hyderabad,Value Seeker,Electronics,2025-08-08
1056,Upkaar Luthra,33,Male,Coimbatore,Mainstream Buyer,Sports & Outdoors,2024-05-23
1057,Matthew Chatterjee,40,Female,Delhi,Premium Buyer,Home & Kitchen,2024-07-11
1058,Hemangini Sachdev,18,Male,Chennai,Budget Shopper,Home & Kitchen,2024-10-07
1059,Darsh Ram,49,Female,Chandigarh,Mainstream Buyer,Automotive,2024-09-16
1060,Vaishnavi Keer,24,Male,Coimbatore,Mainstream Buyer,Fashion,2024-02-21
1061,Chandani Brar,45,Male,Pune,Luxury Enthusiast,Fashion,2024-06-06
1062,Bakhshi Thakkar,46,Male,Nagpur,Mainstream Buyer,Beauty & Personal Care,2025-11-09
1063,Jai Sen,26,Male,Indore,Budget Shopper,Electronics,2024-09-11
1064,Oliver Kakar,28,Female,Mumbai,Mainstream Buyer,Automotive,2026-02-05
1065,Jonathan Basak,19,Female,Delhi,Value Seeker,Health & Wellness,2025-04-02
1066,Farhan Saran,44,Female,Coimbatore,Luxury Enthusiast,Automotive,2026-05-01
1067,Manbir Kuruvilla,25,Female,Bhubaneswar,Value Seeker,Grocery & Gourmet,2026-01-28
1068,Ekalinga Chahal,38,Male,Bengaluru,Mainstream Buyer,Fashion,2024-09-16
1069,Mekhala Nanda,18,Female,Jaipur,Budget Shopper,Books & Media,2025-07-29
1070,Zinal Shanker,39,Male,Chandigarh,Value Seeker,Electronics,2026-02-04
1071,Oni Chowdhury,44,Female,Chandigarh,Premium Buyer,Beauty & Personal Care,2024-01-26
1072,Mason Divan,38,Male,Coimbatore,Mainstream Buyer,Sports & Outdoors,2024-03-03
1073,Hitesh Chaudhuri,44,Female,Nagpur,Value Seeker,Toys & Games,2025-12-05
1074,Hemangini Roy,43,Female,Bhubaneswar,Luxury Enthusiast,Home & Kitchen,2025-01-05
1075,Leela Sunder,36,Female,Chandigarh,Premium Buyer,Home & Kitchen,2025-10-08
1076,Baljiwan Gera,27,Female,Coimbatore,Value Seeker,Automotive,2024-07-03
1077,Neha Dhawan,35,Female,Nagpur,Mainstream Buyer,Home & Kitchen,2024-10-16
1078,Balvan Randhawa,31,Female,Mumbai,Value Seeker,Sports & Outdoors,2025-06-02
1079,Wazir Bawa,29,Female,Delhi,Mainstream Buyer,Home & Kitchen,2024-03-10
1080,Amruta Pradhan,18,Male,Jaipur,Value Seeker,Automotive,2024-09-03
1081,Geetika Mitter,21,Female,Coimbatore,Budget Shopper,Books & Media,2026-02-14
1082,Avni Swamy,46,Male,Bhubaneswar,Premium Buyer,Fashion,2025-05-25
1083,Vedant Desai,44,Female,Coimbatore,Premium Buyer,Fashion,2024-06-10
1084,Saanvi Nagi,53,Female,Hyderabad,Premium Buyer,Health & Wellness,2025-02-28
1085,Omaja Chakraborty,64,Male,Bhubaneswar,Luxury Enthusiast,Health & Wellness,2026-04-01
1086,Riya Kakar,43,Female,Delhi,Mainstream Buyer,Grocery & Gourmet,2024-07-30
1087,Vedhika Varty,49,Male,Delhi,Mainstream Buyer,Electronics,2025-04-21
1088,Daksh Varma,43,Female,Lucknow,Mainstream Buyer,Grocery & Gourmet,2025-11-27
1089,Dominic Mukhopadhyay,47,Female,Nagpur,Value Seeker,Toys & Games,2024-06-22
1090,Krishna Viswanathan,48,Female,Jaipur,Value Seeker,Health & Wellness,2024-04-21
1091,Oscar Hans,35,Female,Bengaluru,Budget Shopper,Sports & Outdoors,2025-01-15
1092,Dalbir Krish,43,Male,Mumbai,Mainstream Buyer,Sports & Outdoors,2024-09-20
1093,Tanmayi Bedi,30,Male,Nagpur,Value Seeker,Toys & Games,2025-11-24
1094,Rushil Mahal,26,Female,Chennai,Budget Shopper,Fashion,2024-08-24
1095,Ucchal Tiwari,33,Male,Coimbatore,Mainstream Buyer,Grocery & Gourmet,2024-04-03
1096,Jatin Balasubramanian,37,Male,Kolkata,Value Seeker,Sports & Outdoors,2025-11-27
1097,Kashish Suresh,20,Male,Hyderabad,Budget Shopper,Fashion,2024-02-28
1098,Peter Som,41,Male,Coimbatore,Premium Buyer,Automotive,2026-04-10
1099,Hemangini Gade,21,Other,Lucknow,Premium Buyer,Home & Kitchen,2025-05-23
1100,Gautam Mane,42,Male,Ahmedabad,Budget Shopper,Automotive,2026-04-26
1101,Libni Bawa,25,Male,Jaipur,Budget Shopper,Home & Kitchen,2025-05-22
1102,Tanish Kant,36,Female,Ahmedabad,Value Seeker,Sports & Outdoors,2024-11-22
1103,Samuel Luthra,56,Female,Kochi,Premium Buyer,Sports & Outdoors,2024-05-04
1104,Yochana Bahri,45,Male,Indore,Premium Buyer,Grocery & Gourmet,2026-02-15
1105,Urvi Deo,39,Female,Lucknow,Budget Shopper,Fashion,2024-04-18
1106,Abhiram Kapur,25,Male,Chennai,Mainstream Buyer,Home & Kitchen,2024-01-08
1107,Dalaja Maharaj,48,Female,Hyderabad,Budget Shopper,Fashion,2026-05-01
1108,Krisha Palla,41,Male,Coimbatore,Value Seeker,Home & Kitchen,2024-02-12
1109,Zayyan Kamdar,48,Male,Coimbatore,Luxury Enthusiast,Sports & Outdoors,2024-04-01
1110,Chasmum Verma,39,Male,Kolkata,Budget Shopper,Books & Media,2026-06-04
1111,Harsh Amble,18,Female,Chandigarh,Budget Shopper,Automotive,2026-05-04
1112,Barkha Misra,29,Male,Pune,Value Seeker,Sports & Outdoors,2024-09-12
1113,Vasatika Bhatt,49,Male,Kolkata,Mainstream Buyer,Sports & Outdoors,2025-06-16
1114,Aradhana Nair,30,Female,Jaipur,Luxury Enthusiast,Fashion,2025-11-07
1115,Advika Misra,52,Male,Hyderabad,Luxury Enthusiast,Electronics,2025-06-30
1116,Mason Varughese,31,Female,Lucknow,Budget Shopper,Grocery & Gourmet,2025-08-26
1117,Dakshesh Raval,44,Male,Bhubaneswar,Budget Shopper,Toys & Games,2024-01-30
1118,Logan Bal,28,Male,Nagpur,Premium Buyer,Books & Media,2025-11-25
1119,Chakrika Lad,46,Male,Ahmedabad,Value Seeker,Sports & Outdoors,2026-04-11
1120,Nidhi Rama,37,Male,Chennai,Premium Buyer,Books & Media,2024-06-09
1121,Ranveer Oza,32,Male,Ahmedabad,Mainstream Buyer,Automotive,2024-05-31
1122,Vamakshi Parmer,18,Female,Delhi,Budget Shopper,Fashion,2024-04-13
1123,Onkar Golla,33,Female,Coimbatore,Premium Buyer,Sports & Outdoors,2024-02-03
1124,Gunbir Sinha,30,Male,Pune,Budget Shopper,Home & Kitchen,2026-05-25
1125,Aarna Goswami,21,Male,Delhi,Value Seeker,Fashion,2024-08-04
1126,Gaurav Kapadia,43,Female,Jaipur,Mainstream Buyer,Toys & Games,2025-10-29
1127,Udant Mohanty,26,Male,Lucknow,Value Seeker,Grocery & Gourmet,2025-06-14
1128,Garima Prabhu,26,Female,Hyderabad,Mainstream Buyer,Automotive,2025-05-20
1129,Chaitaly Sheth,32,Female,Pune,Mainstream Buyer,Electronics,2024-01-21
1130,Upma Bera,50,Male,Bhubaneswar,Luxury Enthusiast,Fashion,2025-03-15
1131,Urmi Hayer,44,Female,Lucknow,Luxury Enthusiast,Books & Media,2025-12-11
1132,Lakshmi Wagle,32,Female,Indore,Value Seeker,Automotive,2026-04-12
1133,Odika Bhagat,33,Female,Ahmedabad,Budget Shopper,Health & Wellness,2025-01-14
1134,Laksh Iyer,46,Other,Ahmedabad,Mainstream Buyer,Grocery & Gourmet,2024-06-09
1135,Nimrat Shankar,44,Male,Ahmedabad,Luxury Enthusiast,Health & Wellness,2024-09-26
1136,Diya Gole,22,Female,Ahmedabad,Value Seeker,Automotive,2024-03-07
1137,Vinaya Natarajan,32,Male,Bengaluru,Value Seeker,Beauty & Personal Care,2026-05-24
1138,Dhriti Bhardwaj,36,Male,Mumbai,Value Seeker,Books & Media,2025-07-01
1139,Siya Mahal,18,Other,Chandigarh,Budget Shopper,Toys & Games,2024-12-24
1140,Om Dutt,28,Male,Jaipur,Mainstream Buyer,Beauty & Personal Care,2024-05-16
1141,Gaurang Dayal,25,Other,Jaipur,Value Seeker,Automotive,2025-09-21
1142,Pushti Raval,41,Female,Kochi,Premium Buyer,Grocery & Gourmet,2024-10-26
1143,Vansha Rajagopal,36,Female,Pune,Premium Buyer,Books & Media,2025-12-24
1144,Baljiwan Walla,49,Female,Bhubaneswar,Premium Buyer,Sports & Outdoors,2025-01-11
1145,Kashvi Atwal,18,Female,Ahmedabad,Value Seeker,Grocery & Gourmet,2024-07-29
1146,Rayaan Badami,18,Other,Jaipur,Value Seeker,Home & Kitchen,2024-06-19
1147,Yuvraj Kara,33,Female,Jaipur,Mainstream Buyer,Home & Kitchen,2025-05-18
1148,Devika Dayal,41,Female,Bengaluru,Premium Buyer,Sports & Outdoors,2025-04-28
1149,Leela Thakur,18,Female,Bengaluru,Value Seeker,Fashion,2024-04-23
1150,Oliver Bhattacharyya,37,Male,Bengaluru,Premium Buyer,Sports & Outdoors,2025-02-20
1151,Chanchal Mannan,23,Male,Chennai,Budget Shopper,Sports & Outdoors,2025-08-18
1152,Zinal Viswanathan,39,Male,Bengaluru,Premium Buyer,Books & Media,2025-10-25
1153,Radha Desai,28,Male,Hyderabad,Budget Shopper,Sports & Outdoors,2024-09-24
1154,Vrishti Parmer,21,Male,Nagpur,Budget Shopper,Automotive,2024-09-24
1155,Nitesh Raval,45,Female,Kolkata,Value Seeker,Home & Kitchen,2025-03-01
1156,Vedant Kapur,31,Female,Indore,Budget Shopper,Sports & Outdoors,2026-02-07
1157,Siddharth Bains,19,Female,Pune,Budget Shopper,Grocery & Gourmet,2026-02-04
1158,Jatin Peri,27,Female,Chandigarh,Budget Shopper,Home & Kitchen,2025-11-22
1159,Keya Kumer,33,Female,Indore,Value Seeker,Toys & Games,2026-06-20
1160,Chanakya Chokshi,47,Female,Chandigarh,Mainstream Buyer,Health & Wellness,2025-04-22
1161,Chanakya D’Alia,21,Female,Chennai,Budget Shopper,Beauty & Personal Care,2025-06-20
1162,Sachi Rai,43,Male,Delhi,Mainstream Buyer,Home & Kitchen,2025-07-17
1163,Zayyan Som,43,Female,Chennai,Premium Buyer,Fashion,2024-03-06
1164,Samesh Andra,40,Male,Lucknow,Budget Shopper,Electronics,2025-11-26
1165,Osha Chaudhuri,38,Male,Coimbatore,Budget Shopper,Home & Kitchen,2024-06-28
1166,Laksh Sahota,44,Male,Lucknow,Premium Buyer,Automotive,2026-01-08
1167,Yasti Dalal,40,Female,Nagpur,Premium Buyer,Home & Kitchen,2024-12-24
1168,Ishaan Cherian,36,Female,Hyderabad,Value Seeker,Health & Wellness,2024-05-12
1169,Rushil Iyengar,41,Male,Ahmedabad,Premium Buyer,Health & Wellness,2024-06-02
1170,Saksham Parmar,42,Female,Ahmedabad,Budget Shopper,Toys & Games,2025-01-12
1171,Chakrika Dyal,32,Male,Bengaluru,Value Seeker,Health & Wellness,2025-12-25
1172,Watika Johal,33,Male,Coimbatore,Mainstream Buyer,Sports & Outdoors,2025-07-24
1173,Ganga Keer,22,Male,Mumbai,Budget Shopper,Health & Wellness,2025-06-11
1174,Agastya Chakraborty,26,Male,Bhubaneswar,Mainstream Buyer,Books & Media,2024-05-26
1175,Wakeeta Dixit,37,Female,Delhi,Value Seeker,Electronics,2025-07-24
1176,Yasti Borde,29,Male,Delhi,Mainstream Buyer,Automotive,2024-06-14
1177,Aahana Kashyap,41,Male,Bengaluru,Value Seeker,Health & Wellness,2024-02-20
1178,Chaman Lalla,20,Male,Bhubaneswar,Value Seeker,Automotive,2026-03-22
1179,Chandresh Chaudhry,28,Female,Chandigarh,Budget Shopper,Sports & Outdoors,2024-03-06
1180,Balveer Mannan,37,Other,Bhubaneswar,Budget Shopper,Fashion,2025-02-02
1181,Dhriti Sandhu,18,Female,Chandigarh,Mainstream Buyer,Books & Media,2025-01-03
1182,Girish Bath,45,Female,Bhubaneswar,Budget Shopper,Automotive,2025-09-27
1183,Lakshit Garde,23,Female,Ahmedabad,Budget Shopper,Automotive,2025-09-01
1184,Ishita Sarma,28,Male,Mumbai,Budget Shopper,Toys & Games,2025-02-26
1185,Girik Pradhan,32,Male,Ahmedabad,Budget Shopper,Grocery & Gourmet,2026-01-01
1186,Qadim Comar,49,Female,Hyderabad,Premium Buyer,Electronics,2024-09-19
1187,Mugdha Shan,34,Male,Hyderabad,Value Seeker,Toys & Games,2024-11-04
1188,Lekha Sridhar,55,Male,Lucknow,Luxury Enthusiast,Fashion,2026-06-23
1189,Ojas Chowdhury,31,Male,Bengaluru,Budget Shopper,Grocery & Gourmet,2025-12-22
1190,Daniel Dutta,52,Male,Kolkata,Mainstream Buyer,Electronics,2025-03-23
1191,Omaja Subramanian,36,Female,Pune,Value Seeker,Books & Media,2024-08-28
1192,Pratyush Raghavan,49,Male,Mumbai,Value Seeker,Health & Wellness,2025-10-09
1193,Ayush De,51,Male,Lucknow,Premium Buyer,Fashion,2024-04-19
1194,Vinaya Chowdhury,30,Female,Indore,Luxury Enthusiast,Sports & Outdoors,2025-03-04
1195,Ridhi Batra,66,Female,Jaipur,Premium Buyer,Electronics,2025-02-28
1196,Advika Murthy,21,Male,Mumbai,Budget Shopper,Grocery & Gourmet,2026-03-23
1197,Udarsh Nigam,40,Male,Indore,Budget Shopper,Health & Wellness,2024-12-09
1198,Rachita Kothari,37,Male,Ahmedabad,Mainstream Buyer,Electronics,2024-06-21
1199,Hiral Rajan,41,Male,Chennai,Value Seeker,Books & Media,2025-12-21
1200,Chatura Apte,30,Male,Nagpur,Mainstream Buyer,Grocery & Gourmet,2025-02-23
1201,Yashasvi Singh,42,Male,Chandigarh,Mainstream Buyer,Electronics,2026-06-25
1202,Noah Borde,34,Female,Ahmedabad,Mainstream Buyer,Sports & Outdoors,2025-12-21
1203,Ekani Khosla,57,Female,Ahmedabad,Premium Buyer,Fashion,2026-04-27
1204,Arunima Bedi,40,Female,Bhubaneswar,Mainstream Buyer,Health & Wellness,2024-08-03
1205,Kritika Rau,35,Female,Hyderabad,Budget Shopper,Books & Media,2024-01-11
1206,Farhan Sharaf,18,Female,Pune,Budget Shopper,Books & Media,2026-05-27
1207,Sara Chakrabarti,36,Female,Kochi,Mainstream Buyer,Health & Wellness,2024-10-03
1208,Sanya Mutti,35,Female,Kolkata,Value Seeker,Grocery & Gourmet,2025-01-10
1209,Widisha Badami,34,Female,Kolkata,Value Seeker,Beauty & Personal Care,2024-10-03
1210,Netra Sachar,40,Female,Delhi,Value Seeker,Toys & Games,2025-04-02
1211,Aadi Chand,33,Female,Chennai,Mainstream Buyer,Home & Kitchen,2024-01-15
1212,Yashoda Jhaveri,43,Female,Kolkata,Premium Buyer,Books & Media,2026-05-26
1213,Harita Patla,47,Male,Chandigarh,Mainstream Buyer,Automotive,2026-02-15
1214,Udant Sha,18,Male,Kolkata,Value Seeker,Health & Wellness,2025-11-17
1215,Urvashi Patla,37,Male,Bengaluru,Value Seeker,Health & Wellness,2024-07-22
1216,Ishaan Chatterjee,28,Male,Chandigarh,Value Seeker,Sports & Outdoors,2026-04-22
1217,Aarnav Om,23,Male,Kolkata,Value Seeker,Automotive,2026-03-11
1218,Bishakha Vig,40,Male,Bhubaneswar,Mainstream Buyer,Automotive,2024-09-06
1219,Hitesh Bath,48,Male,Delhi,Mainstream Buyer,Books & Media,2025-06-17
1220,Waida Dey,36,Female,Mumbai,Budget Shopper,Electronics,2024-09-30
1221,Hredhaan Kumar,25,Male,Bhubaneswar,Budget Shopper,Fashion,2025-08-03
1222,Raghav Dara,34,Male,Delhi,Budget Shopper,Toys & Games,2026-04-11
1223,Tanveer Shankar,50,Male,Mumbai,Premium Buyer,Automotive,2025-01-06
1224,Hamsini Chokshi,36,Male,Coimbatore,Mainstream Buyer,Health & Wellness,2026-03-24
1225,Chakradhar Dasgupta,20,Female,Kolkata,Budget Shopper,Home & Kitchen,2025-04-23
1226,Tanvi Thaman,37,Female,Ahmedabad,Premium Buyer,Automotive,2024-04-25
1227,Wishi Agrawal,39,Male,Pune,Value Seeker,Automotive,2026-01-16
1228,Rachita Subramanian,31,Female,Chennai,Value Seeker,Sports & Outdoors,2025-12-31
1229,Oscar Dave,37,Male,Ahmedabad,Luxury Enthusiast,Beauty & Personal Care,2024-02-23
1230,Lila Nagy,18,Female,Chennai,Budget Shopper,Sports & Outdoors,2025-09-29
1231,Omya Kothari,34,Female,Hyderabad,Budget Shopper,Toys & Games,2025-07-28
1232,Mitali Oza,32,Female,Hyderabad,Mainstream Buyer,Automotive,2024-10-19
1233,Sneha Deol,29,Male,Delhi,Budget Shopper,Fashion,2026-03-07
1234,Nitara Vala,48,Female,Jaipur,Mainstream Buyer,Beauty & Personal Care,2026-05-07
1235,Dipta Kalla,18,Female,Jaipur,Budget Shopper,Fashion,2024-05-28
1236,Shaurya Mannan,26,Female,Mumbai,Budget Shopper,Health & Wellness,2024-02-24
1237,Kevin Gokhale,25,Male,Ahmedabad,Budget Shopper,Sports & Outdoors,2024-01-19
1238,Jack Pandey,35,Male,Lucknow,Value Seeker,Home & Kitchen,2026-06-10
1239,Omisha Walla,38,Male,Mumbai,Budget Shopper,Home & Kitchen,2025-03-08
1240,Pahal Arya,18,Male,Chennai,Budget Shopper,Electronics,2024-05-23
1241,Aryan Raj,48,Female,Nagpur,Premium Buyer,Sports & Outdoors,2024-05-27
1242,Chatresh Bhalla,41,Male,Pune,Value Seeker,Grocery & Gourmet,2025-08-08
1243,Amara Dyal,30,Male,Mumbai,Value Seeker,Beauty & Personal Care,2025-04-13
1244,Zashil Dhingra,25,Female,Jaipur,Budget Shopper,Sports & Outdoors,2026-02-15
1245,Chakrika Jani,35,Female,Pune,Value Seeker,Toys & Games,2026-02-25
1246,Jagrati Sethi,35,Other,Hyderabad,Value Seeker,Beauty & Personal Care,2025-07-24
1247,Udarsh Ramachandran,42,Female,Delhi,Mainstream Buyer,Grocery & Gourmet,2025-12-04
1248,Yasti Mani,32,Female,Bhubaneswar,Budget Shopper,Beauty & Personal Care,2024-02-01
1249,Lakshmi Ram,34,Female,Chandigarh,Premium Buyer,Sports & Outdoors,2026-04-19
1250,Dhriti Bhagat,51,Male,Coimbatore,Premium Buyer,Health & Wellness,2025-03-09
1251,Zayan Jain,37,Male,Mumbai,Budget Shopper,Automotive,2025-02-12
1252,Umang Pillai,28,Female,Chandigarh,Budget Shopper,Books & Media,2026-05-08
1253,Rishi Menon,18,Male,Ahmedabad,Budget Shopper,Beauty & Personal Care,2025-05-28
1254,Peter Borde,35,Male,Ahmedabad,Mainstream Buyer,Health & Wellness,2024-02-29
1255,Oscar Varkey,28,Female,Bhubaneswar,Budget Shopper,Sports & Outdoors,2026-03-23
1256,Krishna Baria,32,Male,Pune,Premium Buyer,Beauty & Personal Care,2026-02-21
1257,Arya Lalla,33,Male,Hyderabad,Mainstream Buyer,Books & Media,2026-02-01
1258,Naveen Kumer,30,Male,Hyderabad,Premium Buyer,Sports & Outdoors,2026-05-12
1259,Ganga Shukla,37,Male,Bhubaneswar,Value Seeker,Automotive,2024-04-21
1260,Balveer Dube,48,Female,Jaipur,Luxury Enthusiast,Home & Kitchen,2026-05-20
1261,Charan Mitra,18,Male,Kochi,Budget Shopper,Electronics,2025-10-19
1262,Ishita Bora,35,Female,Kochi,Value Seeker,Sports & Outdoors,2024-06-13
1263,Thomas Gour,31,Male,Hyderabad,Value Seeker,Health & Wellness,2024-01-12
1264,Yashasvi Dutta,51,Female,Pune,Luxury Enthusiast,Electronics,2026-02-12
1265,Netra Chanda,33,Male,Nagpur,Mainstream Buyer,Automotive,2025-08-09
1266,Timothy Kala,35,Male,Bengaluru,Premium Buyer,Electronics,2026-01-20
1267,Garima Patel,20,Female,Nagpur,Budget Shopper,Books & Media,2026-01-07
1268,Tejas Wali,42,Male,Chennai,Luxury Enthusiast,Sports & Outdoors,2024-02-27
1269,Aditya Contractor,32,Female,Chennai,Value Seeker,Fashion,2025-08-29
1270,Sanaya Khosla,33,Male,Mumbai,Value Seeker,Grocery & Gourmet,2024-12-24
1271,Balveer Nagi,45,Male,Coimbatore,Luxury Enthusiast,Fashion,2026-02-09
1272,Ishaan Raju,28,Male,Kolkata,Value Seeker,Sports & Outdoors,2025-10-15
1273,Barkha Bakshi,28,Female,Ahmedabad,Value Seeker,Books & Media,2025-08-08
1274,Yoshita Trivedi,59,Male,Kochi,Mainstream Buyer,Books & Media,2025-01-16
1275,Vidhi Bassi,20,Male,Coimbatore,Budget Shopper,Electronics,2024-04-07
1276,Reyansh Nagi,26,Female,Nagpur,Value Seeker,Sports & Outdoors,2025-11-23
1277,Gopal Ganesh,56,Male,Jaipur,Budget Shopper,Toys & Games,2024-11-24
1278,Dominic Kade,30,Female,Bengaluru,Budget Shopper,Books & Media,2025-04-09
1279,Panini Chawla,30,Other,Lucknow,Premium Buyer,Grocery & Gourmet,2024-07-11
1280,Radhika Bora,44,Female,Mumbai,Mainstream Buyer,Grocery & Gourmet,2025-09-01
1281,Arjun Sharaf,23,Male,Chandigarh,Value Seeker,Fashion,2025-06-12
1282,Baljiwan Chahal,40,Male,Chennai,Value Seeker,Automotive,2024-12-14
1283,Chatura Gokhale,30,Other,Lucknow,Value Seeker,Automotive,2025-05-26
1284,Ekavir Kari,33,Female,Bengaluru,Mainstream Buyer,Automotive,2024-08-13
1285,Nikita Rama,57,Male,Pune,Premium Buyer,Automotive,2026-06-18
1286,Nidhi Sant,52,Female,Lucknow,Luxury Enthusiast,Home & Kitchen,2025-08-19
1287,Anay Ramachandran,40,Female,Kochi,Value Seeker,Toys & Games,2026-01-24
1288,Abeer Bhatnagar,35,Male,Mumbai,Value Seeker,Sports & Outdoors,2026-02-20
1289,Elijah Parmar,27,Male,Mumbai,Value Seeker,Health & Wellness,2026-05-13
1290,Bimala Mitra,42,Female,Nagpur,Mainstream Buyer,Automotive,2025-08-13
1291,Baghyawati Sarma,42,Female,Jaipur,Value Seeker,Fashion,2025-12-16
1292,Megha Balasubramanian,38,Female,Chandigarh,Mainstream Buyer,Health & Wellness,2024-08-13
1293,Naksh Walla,53,Male,Delhi,Mainstream Buyer,Toys & Games,2025-04-02
1294,Laban Raman,39,Male,Ahmedabad,Value Seeker,Books & Media,2024-07-18
1295,Maanas Misra,33,Male,Kochi,Value Seeker,Sports & Outdoors,2024-04-20
1296,Advay Dhaliwal,34,Male,Bhubaneswar,Value Seeker,Sports & Outdoors,2024-07-20
1297,Benjamin Ahluwalia,28,Female,Lucknow,Budget Shopper,Grocery & Gourmet,2025-06-15
1298,Frederick Mody,18,Male,Coimbatore,Budget Shopper,Grocery & Gourmet,2024-01-31
1299,Hemangini Kakar,36,Male,Chennai,Mainstream Buyer,Books & Media,2025-07-17
1300,Yauvani Dhar,33,Female,Nagpur,Value Seeker,Health & Wellness,2024-06-14
1301,Qarin Kant,23,Male,Kolkata,Budget Shopper,Home & Kitchen,2026-01-25
1302,Rishi Contractor,40,Male,Chennai,Mainstream Buyer,Sports & Outdoors,2024-02-05
1303,Chatura Shenoy,37,Female,Lucknow,Mainstream Buyer,Books & Media,2025-09-29
1304,Bina Bhavsar,33,Male,Nagpur,Budget Shopper,Fashion,2024-12-10
1305,Guneet Hora,48,Female,Chandigarh,Premium Buyer,Sports & Outdoors,2025-08-14
1306,Ganga Parikh,44,Male,Bengaluru,Premium Buyer,Automotive,2025-12-05
1307,Wahab Chaudhry,24,Male,Chandigarh,Mainstream Buyer,Toys & Games,2025-09-05
1308,Ekaraj Hari,53,Female,Kolkata,Mainstream Buyer,Grocery & Gourmet,2024-12-27
1309,Vedika Seshadri,25,Male,Hyderabad,Budget Shopper,Fashion,2026-03-21
1310,Damini Dua,46,Female,Bhubaneswar,Luxury Enthusiast,Fashion,2026-01-02
1311,Diya Sangha,28,Male,Nagpur,Value Seeker,Sports & Outdoors,2024-03-20
1312,Aayush Munshi,38,Female,Kolkata,Premium Buyer,Beauty & Personal Care,2026-04-14
1313,Timothy Sarin,50,Male,Mumbai,Mainstream Buyer,Electronics,2024-09-15
1314,Jagvi Desai,39,Female,Hyderabad,Budget Shopper,Books & Media,2025-10-01
1315,Varsha Shere,30,Female,Jaipur,Budget Shopper,Grocery & Gourmet,2025-09-15
1316,Jagrati Mody,36,Female,Mumbai,Mainstream Buyer,Grocery & Gourmet,2025-08-06
1317,Ikbal Gill,42,Male,Hyderabad,Mainstream Buyer,Fashion,2025-07-19
1318,Avni Dey,27,Female,Bengaluru,Budget Shopper,Grocery & Gourmet,2024-09-27
1319,Adya Bose,35,Female,Nagpur,Mainstream Buyer,Beauty & Personal Care,2024-07-02
1320,Anirudh Tripathi,46,Male,Kolkata,Premium Buyer,Fashion,2025-08-06
1321,Nidhi Kala,28,Female,Pune,Value Seeker,Sports & Outdoors,2026-01-26
1322,Abha Zacharia,34,Male,Pune,Value Seeker,Home & Kitchen,2026-06-28
1323,Manthan Pau,28,Male,Mumbai,Budget Shopper,Toys & Games,2024-09-13
1324,Udant Mannan,48,Female,Jaipur,Premium Buyer,Grocery & Gourmet,2024-03-23
1325,Ucchal Thaker,26,Male,Bhubaneswar,Value Seeker,Grocery & Gourmet,2026-05-31
1326,Mekhala Patla,49,Male,Chandigarh,Premium Buyer,Fashion,2025-01-13
1327,William Gandhi,23,Female,Chennai,Value Seeker,Beauty & Personal Care,2025-12-15
1328,Sanaya Dutta,31,Female,Mumbai,Mainstream Buyer,Sports & Outdoors,2025-12-22
1329,Madhav Sule,27,Male,Indore,Value Seeker,Health & Wellness,2024-06-11
1330,Banjeet Kanda,18,Male,Chandigarh,Budget Shopper,Books & Media,2025-11-14
1331,Vincent Bhatnagar,46,Male,Bhubaneswar,Mainstream Buyer,Toys & Games,2025-09-29
1332,Kala Kaur,23,Female,Kochi,Value Seeker,Beauty & Personal Care,2026-03-10
1333,Samuel Vasa,25,Male,Ahmedabad,Value Seeker,Home & Kitchen,2024-04-03
1334,Lipika Singh,58,Female,Indore,Luxury Enthusiast,Grocery & Gourmet,2024-04-01
1335,Chakradhar Baral,41,Female,Lucknow,Luxury Enthusiast,Automotive,2024-03-26
1336,Harshil Verma,41,Female,Indore,Premium Buyer,Electronics,2025-12-04
1337,Adya Ghosh,18,Male,Chennai,Budget Shopper,Books & Media,2026-01-12
1338,Kritika Pau,44,Male,Bhubaneswar,Mainstream Buyer,Grocery & Gourmet,2024-03-01
1339,Zansi Krishnamurthy,50,Male,Mumbai,Premium Buyer,Fashion,2024-12-23
1340,Udant Varty,38,Male,Delhi,Value Seeker,Toys & Games,2025-11-03
1341,Ira Pai,31,Male,Coimbatore,Budget Shopper,Sports & Outdoors,2026-05-19
1342,Vasatika Ahuja,43,Female,Kochi,Premium Buyer,Books & Media,2024-07-07
1343,Ria Gandhi,27,Male,Jaipur,Value Seeker,Books & Media,2024-07-05
1344,Faraj Varkey,29,Male,Bhubaneswar,Mainstream Buyer,Automotive,2026-06-21
1345,Siddharth Doctor,58,Female,Chandigarh,Luxury Enthusiast,Electronics,2025-04-24
1346,Nakul Pathak,43,Other,Lucknow,Mainstream Buyer,Home & Kitchen,2025-04-19
1347,Victor Sachdeva,25,Male,Bengaluru,Value Seeker,Beauty & Personal Care,2025-05-07
1348,Ishaan Subramaniam,32,Female,Delhi,Value Seeker,Automotive,2025-07-31
1349,Varenya Kade,29,Female,Bengaluru,Value Seeker,Books & Media,2025-09-06
1350,Nirja Bains,18,Male,Kochi,Budget Shopper,Fashion,2025-09-01
1351,Caleb Datta,44,Female,Lucknow,Premium Buyer,Electronics,2024-03-20
1352,Krish Vala,39,Male,Indore,Premium Buyer,Health & Wellness,2024-01-15
1353,Manan Bhalla,23,Male,Delhi,Value Seeker,Fashion,2026-03-21
1354,Aarna Gole,18,Male,Chennai,Value Seeker,Electronics,2024-09-16
1355,Anirudh Mander,28,Male,Kolkata,Premium Buyer,Sports & Outdoors,2025-01-28
1356,Tarak Sen,23,Female,Coimbatore,Budget Shopper,Books & Media,2025-11-11
1357,Vasatika Garde,31,Female,Mumbai,Value Seeker,Home & Kitchen,2026-01-13
1358,Nirja Dhar,24,Male,Chandigarh,Value Seeker,Fashion,2024-08-19
1359,Yasti Lalla,42,Female,Delhi,Mainstream Buyer,Electronics,2025-08-05
1360,Hema Setty,26,Male,Jaipur,Budget Shopper,Sports & Outdoors,2026-03-05
1361,Victor Radhakrishnan,42,Male,Bhubaneswar,Mainstream Buyer,Health & Wellness,2024-02-04
1362,Kevin Chopra,30,Female,Hyderabad,Value Seeker,Fashion,2024-03-15
1363,Samaksh Virk,29,Male,Coimbatore,Mainstream Buyer,Books & Media,2025-06-17
1364,Mason Char,28,Female,Jaipur,Budget Shopper,Fashion,2025-06-10
1365,Vamakshi Barad,20,Male,Chandigarh,Value Seeker,Toys & Games,2025-06-15
1366,Girik Subramaniam,36,Female,Kochi,Value Seeker,Electronics,2026-01-09
1367,Aarav Sankar,18,Male,Chandigarh,Budget Shopper,Home & Kitchen,2026-03-27
1368,Kamala Bassi,35,Male,Pune,Budget Shopper,Electronics,2025-10-27
1369,Veer Subramaniam,23,Female,Bengaluru,Budget Shopper,Toys & Games,2025-07-15
1370,Inaya Chaudhari,41,Female,Coimbatore,Value Seeker,Grocery & Gourmet,2026-02-10
1371,Krish Kumar,18,Male,Nagpur,Budget Shopper,Fashion,2026-05-29
1372,Viraj Chacko,40,Female,Pune,Luxury Enthusiast,Sports & Outdoors,2024-03-10
1373,Nilima Kurian,35,Male,Chandigarh,Value Seeker,Home & Kitchen,2024-04-27
1374,Abdul Amble,53,Male,Bhubaneswar,Premium Buyer,Electronics,2025-09-27
1375,Zinal Amble,61,Male,Coimbatore,Luxury Enthusiast,Electronics,2024-12-21
1376,Samesh Mutti,27,Female,Indore,Budget Shopper,Health & Wellness,2026-02-21
1377,Janaki Chhabra,53,Female,Kochi,Mainstream Buyer,Toys & Games,2024-03-14
1378,Pooja Kulkarni,40,Female,Indore,Premium Buyer,Toys & Games,2024-06-25
1379,Pallavi Pau,46,Female,Kolkata,Mainstream Buyer,Home & Kitchen,2026-01-22
1380,Mekhala Jani,23,Male,Jaipur,Value Seeker,Home & Kitchen,2025-12-20
1381,Vasudha Gola,35,Male,Delhi,Value Seeker,Grocery & Gourmet,2025-09-02
1382,Veda Kulkarni,18,Male,Hyderabad,Budget Shopper,Sports & Outdoors,2026-04-06
1383,Hemangini Rao,21,Female,Kochi,Value Seeker,Fashion,2025-08-21
1384,Jagat Karpe,51,Male,Lucknow,Luxury Enthusiast,Sports & Outdoors,2024-11-03
1385,Neel Chaudhry,35,Female,Mumbai,Luxury Enthusiast,Books & Media,2024-09-11
1386,Yashoda Rattan,30,Female,Delhi,Budget Shopper,Books & Media,2026-06-24
1387,Charles Dyal,45,Female,Mumbai,Mainstream Buyer,Books & Media,2025-08-16
1388,Abdul Chand,27,Male,Jaipur,Value Seeker,Automotive,2024-06-07
1389,Urishilla Saran,34,Male,Kolkata,Premium Buyer,Home & Kitchen,2024-05-04
1390,Devansh Lall,22,Female,Mumbai,Budget Shopper,Books & Media,2025-02-06
1391,Kamala Buch,38,Female,Indore,Luxury Enthusiast,Automotive,2024-09-03
1392,Leena Rattan,42,Male,Jaipur,Premium Buyer,Health & Wellness,2025-11-19
1393,Dakshesh Gill,27,Female,Mumbai,Budget Shopper,Health & Wellness,2024-05-06
1394,Reva Anne,24,Female,Coimbatore,Budget Shopper,Grocery & Gourmet,2025-04-28
1395,Zarna Mangal,58,Male,Bhubaneswar,Premium Buyer,Fashion,2024-10-13
1396,Bahadurjit Uppal,20,Female,Pune,Budget Shopper,Health & Wellness,2025-11-05
1397,Omkaar Banik,44,Male,Nagpur,Value Seeker,Electronics,2026-01-25
1398,William Acharya,33,Other,Pune,Premium Buyer,Books & Media,2025-03-05
1399,Gabriel Majumdar,37,Male,Delhi,Mainstream Buyer,Sports & Outdoors,2025-03-15
1400,Ira Rana,42,Male,Delhi,Value Seeker,Toys & Games,2025-01-29
1401,Sai Vasa,42,Male,Delhi,Value Seeker,Grocery & Gourmet,2024-06-29
1402,Ekapad Chana,23,Female,Chennai,Budget Shopper,Grocery & Gourmet,2024-08-01
1403,Ijaya Palan,51,Other,Pune,Luxury Enthusiast,Home & Kitchen,2025-09-30
1404,Upkaar Hayer,35,Male,Ahmedabad,Value Seeker,Grocery & Gourmet,2025-05-05
1405,Netra Agrawal,22,Male,Ahmedabad,Budget Shopper,Grocery & Gourmet,2026-04-14
1406,Parth Ray,37,Male,Chandigarh,Value Seeker,Electronics,2024-07-19
1407,Elijah Thakur,63,Male,Mumbai,Luxury Enthusiast,Toys & Games,2026-02-28
1408,Harini Dada,31,Female,Bhubaneswar,Budget Shopper,Fashion,2026-04-29
1409,Zashil Savant,48,Male,Hyderabad,Premium Buyer,Books & Media,2025-03-17
1410,Veda Kohli,43,Female,Nagpur,Mainstream Buyer,Home & Kitchen,2024-03-19
1411,Tara Sharma,29,Female,Bengaluru,Premium Buyer,Beauty & Personal Care,2025-07-25
1412,Vasatika Dada,51,Male,Delhi,Luxury Enthusiast,Home & Kitchen,2026-01-14
1413,Ekansh Raja,33,Female,Delhi,Premium Buyer,Automotive,2026-01-15
1414,Victor Mutti,41,Other,Chennai,Luxury Enthusiast,Health & Wellness,2024-06-03
1415,Ira Varty,46,Female,Nagpur,Budget Shopper,Grocery & Gourmet,2024-11-10
1416,Adya Kothari,40,Female,Ahmedabad,Premium Buyer,Grocery & Gourmet,2025-04-09
1417,Girik Rastogi,30,Male,Bengaluru,Mainstream Buyer,Beauty & Personal Care,2024-03-13
1418,Faqid Gokhale,47,Male,Coimbatore,Mainstream Buyer,Fashion,2026-03-28
1419,Dipta Pandya,34,Female,Jaipur,Premium Buyer,Books & Media,2024-12-20
1420,Amruta Goswami,42,Male,Lucknow,Luxury Enthusiast,Sports & Outdoors,2025-08-09
1421,Wishi Iyengar,48,Female,Lucknow,Mainstream Buyer,Home & Kitchen,2025-12-01
1422,Wyatt Lanka,32,Female,Indore,Value Seeker,Home & Kitchen,2024-03-21
1423,Veer Jain,18,Male,Bengaluru,Value Seeker,Fashion,2024-02-16
1424,Ishani Dugal,36,Male,Ahmedabad,Value Seeker,Automotive,2024-06-05
1425,Jagdish Brar,28,Male,Coimbatore,Value Seeker,Beauty & Personal Care,2026-02-16
1426,Abeer Basak,45,Female,Jaipur,Value Seeker,Health & Wellness,2024-09-15
1427,Kamya Murty,21,Male,Nagpur,Budget Shopper,Toys & Games,2025-08-10
1428,Anvi Swaminathan,36,Male,Nagpur,Budget Shopper,Fashion,2025-07-22
1429,Yasti Mammen,52,Female,Indore,Mainstream Buyer,Electronics,2026-01-06
1430,Tristan Dave,24,Female,Hyderabad,Value Seeker,Sports & Outdoors,2025-01-14
1431,Pallavi Sridhar,45,Female,Jaipur,Luxury Enthusiast,Electronics,2024-05-16
1432,Yadavi Palan,40,Female,Indore,Mainstream Buyer,Health & Wellness,2025-12-02
1433,Owen Shankar,19,Male,Chennai,Budget Shopper,Health & Wellness,2025-03-01
1434,Zarna Sharma,29,Other,Lucknow,Budget Shopper,Toys & Games,2024-11-21
1435,Abhiram Arora,24,Female,Hyderabad,Budget Shopper,Home & Kitchen,2024-12-07
1436,Ladli Chaudhuri,44,Male,Bengaluru,Luxury Enthusiast,Automotive,2025-11-06
1437,Janaki Lad,27,Male,Hyderabad,Budget Shopper,Toys & Games,2026-06-04
1438,Adya Khalsa,32,Male,Bhubaneswar,Value Seeker,Beauty & Personal Care,2024-06-10
1439,Urishilla Oza,48,Female,Nagpur,Luxury Enthusiast,Automotive,2025-01-07
1440,Qarin Tara,41,Female,Chandigarh,Luxury Enthusiast,Home & Kitchen,2024-10-01
1441,Shivansh Saini,22,Female,Chennai,Budget Shopper,Books & Media,2025-03-06
1442,Janya Rattan,25,Female,Indore,Budget Shopper,Toys & Games,2025-07-16
1443,Shravya Gole,26,Male,Hyderabad,Budget Shopper,Health & Wellness,2025-11-15
1444,Veer Chaudhry,23,Female,Bengaluru,Budget Shopper,Fashion,2024-11-11
1445,Warinder Sankaran,29,Female,Chennai,Budget Shopper,Home & Kitchen,2024-06-08
1446,Rohan Dhingra,20,Female,Bengaluru,Mainstream Buyer,Automotive,2025-09-09
1447,Urvashi Andra,36,Male,Coimbatore,Premium Buyer,Sports & Outdoors,2026-06-09
1448,Oviya Tata,29,Female,Coimbatore,Value Seeker,Grocery & Gourmet,2026-02-10
1449,Zansi Walla,29,Female,Mumbai,Mainstream Buyer,Grocery & Gourmet,2025-01-22
1450,Vidhi Mital,41,Male,Delhi,Budget Shopper,Beauty & Personal Care,2025-11-30
1451,Champak Rao,43,Female,Ahmedabad,Premium Buyer,Beauty & Personal Care,2024-06-24
1452,Nihal Bhasin,38,Male,Delhi,Mainstream Buyer,Sports & Outdoors,2025-10-28
1453,Aachal Soni,38,Male,Chandigarh,Premium Buyer,Electronics,2025-04-10
1454,Shivani Natt,46,Female,Pune,Luxury Enthusiast,Grocery & Gourmet,2025-12-07
1455,Jalsa Parsa,21,Male,Pune,Value Seeker,Fashion,2025-05-15
1456,Hemangini Bahri,25,Female,Mumbai,Budget Shopper,Health & Wellness,2024-10-25
1457,Jairaj Panchal,18,Female,Lucknow,Budget Shopper,Grocery & Gourmet,2024-07-10
1458,Owen Mane,29,Male,Lucknow,Value Seeker,Beauty & Personal Care,2024-08-30
1459,Ekta Uppal,23,Male,Indore,Luxury Enthusiast,Electronics,2025-03-28
1460,Sanya Brar,21,Male,Jaipur,Value Seeker,Grocery & Gourmet,2025-05-13
1461,Bhavini Sheth,50,Male,Chennai,Mainstream Buyer,Sports & Outdoors,2025-09-09
1462,Oliver Nazareth,44,Female,Delhi,Mainstream Buyer,Fashion,2024-01-19
1463,Nidhi Bora,38,Male,Kolkata,Budget Shopper,Sports & Outdoors,2024-09-05
1464,Neel Oza,44,Female,Jaipur,Value Seeker,Health & Wellness,2024-04-15
1465,Dipta Nadig,43,Male,Delhi,Mainstream Buyer,Toys & Games,2024-08-30
1466,Amara Rana,32,Male,Mumbai,Mainstream Buyer,Toys & Games,2026-04-13
1467,Sai Patil,22,Female,Hyderabad,Value Seeker,Books & Media,2025-11-02
1468,Odika Ganesh,37,Female,Delhi,Budget Shopper,Fashion,2025-05-10
1469,Arin Dass,37,Female,Mumbai,Mainstream Buyer,Health & Wellness,2025-09-19
1470,Zayan Buch,49,Female,Ahmedabad,Budget Shopper,Grocery & Gourmet,2024-03-30
1471,Ojas Ranganathan,43,Female,Lucknow,Luxury Enthusiast,Books & Media,2025-04-11
1472,Girish Bhatt,44,Male,Ahmedabad,Budget Shopper,Grocery & Gourmet,2025-12-13
1473,Chatura Bal,25,Male,Delhi,Budget Shopper,Beauty & Personal Care,2025-01-05
1474,Fiyaz Chawla,44,Other,Kolkata,Value Seeker,Grocery & Gourmet,2025-07-23
1475,Nachiket Chad,47,Male,Mumbai,Value Seeker,Health & Wellness,2026-03-07
1476,Dayamai Karnik,22,Female,Kochi,Value Seeker,Beauty & Personal Care,2024-02-25
1477,Bhanumati Savant,27,Female,Hyderabad,Value Seeker,Electronics,2024-02-26
1478,Karan Vyas,37,Female,Pune,Luxury Enthusiast,Grocery & Gourmet,2024-07-28
1479,Ayush Banerjee,20,Female,Bhubaneswar,Value Seeker,Automotive,2025-09-19
1480,Eshana Soni,38,Other,Kochi,Value Seeker,Automotive,2024-06-07
1481,Anita Saxena,30,Male,Indore,Value Seeker,Health & Wellness,2025-10-13
1482,Peter Shan,27,Female,Kolkata,Budget Shopper,Beauty & Personal Care,2024-04-26
1483,Dayita Palan,42,Female,Bhubaneswar,Mainstream Buyer,Health & Wellness,2024-04-21
1484,Utkarsh Chakraborty,18,Male,Lucknow,Budget Shopper,Home & Kitchen,2026-01-27
1485,Darika Pau,48,Female,Jaipur,Mainstream Buyer,Books & Media,2025-09-19
1486,Abha Dugal,23,Male,Kochi,Budget Shopper,Automotive,2024-10-06
1487,Advaith Acharya,51,Male,Kochi,Luxury Enthusiast,Health & Wellness,2025-12-01
1488,Hemangini Mangat,37,Female,Bengaluru,Value Seeker,Toys & Games,2024-07-04
1489,Abhiram Swamy,55,Female,Chennai,Premium Buyer,Books & Media,2024-10-24
1490,Chandani Andra,31,Male,Coimbatore,Value Seeker,Sports & Outdoors,2025-12-08
1491,Brinda Kashyap,18,Female,Ahmedabad,Budget Shopper,Automotive,2024-07-28
1492,Kashvi Gulati,43,Male,Indore,Premium Buyer,Automotive,2026-05-22
1493,Rajeshri Rana,38,Male,Jaipur,Mainstream Buyer,Home & Kitchen,2025-07-18
1494,Nihal Ramakrishnan,33,Male,Delhi,Premium Buyer,Fashion,2026-01-20
1495,Thomas Lall,33,Female,Coimbatore,Value Seeker,Automotive,2026-06-30
1496,Pahal Khatri,33,Male,Kochi,Mainstream Buyer,Automotive,2024-08-29
1497,Bhavani Wali,30,Male,Kolkata,Premium Buyer,Electronics,2026-02-12
1498,Nitara Guha,43,Female,Indore,Mainstream Buyer,Sports & Outdoors,2024-10-10
1499,Qabil Deshpande,26,Male,Kolkata,Value Seeker,Books & Media,2026-04-23
1500,Indrajit Shah,33,Male,Delhi,Mainstream Buyer,Electronics,2024-04-14
1501,Anita Swamy,32,Male,Delhi,Mainstream Buyer,Toys & Games,2024-01-28
1502,Ekani Bahl,58,Female,Bhubaneswar,Luxury Enthusiast,Health & Wellness,2025-09-17
1503,Chandran Warrior,31,Female,Pune,Value Seeker,Home & Kitchen,2025-04-16
1504,Quincy Chaudry,32,Female,Pune,Value Seeker,Grocery & Gourmet,2024-12-15
1505,Amruta Dass,39,Male,Chennai,Premium Buyer,Electronics,2025-01-13
1506,Abhiram Kaul,36,Male,Lucknow,Value Seeker,Home & Kitchen,2026-06-06
1507,Matthew Aurora,49,Female,Kochi,Mainstream Buyer,Books & Media,2024-01-26
1508,Teerth Oommen,37,Male,Bhubaneswar,Value Seeker,Health & Wellness,2024-03-06
1509,Devika Tara,33,Male,Bhubaneswar,Budget Shopper,Automotive,2025-04-16
1510,Ubika Balay,42,Male,Nagpur,Mainstream Buyer,Health & Wellness,2025-02-14
1511,Faris Dhingra,18,Male,Kolkata,Budget Shopper,Health & Wellness,2026-01-28
1512,Amaira Ramanathan,19,Male,Kochi,Budget Shopper,Automotive,2024-08-22
1513,Upma Golla,35,Female,Kolkata,Mainstream Buyer,Beauty & Personal Care,2025-03-22
1514,Zashil Raj,30,Female,Lucknow,Mainstream Buyer,Fashion,2025-10-17
1515,Jairaj Kothari,33,Female,Lucknow,Premium Buyer,Automotive,2025-09-26
1516,Saanvi Kota,18,Male,Chennai,Value Seeker,Fashion,2026-04-17
1517,Rushil Sharma,18,Female,Chandigarh,Budget Shopper,Books & Media,2024-07-17
1518,Sathvik Solanki,44,Female,Chennai,Luxury Enthusiast,Grocery & Gourmet,2026-05-05
1519,Devika Naidu,26,Female,Nagpur,Budget Shopper,Electronics,2025-02-06
1520,Brijesh Verma,19,Male,Chandigarh,Budget Shopper,Health & Wellness,2024-06-23
1521,Zehaan Srivastava,32,Female,Mumbai,Value Seeker,Beauty & Personal Care,2026-05-14
1522,Rushil Patel,28,Male,Pune,Value Seeker,Home & Kitchen,2026-02-13
1523,Tejas Chowdhury,52,Female,Pune,Premium Buyer,Beauty & Personal Care,2024-08-10
1524,Radha Nair,35,Female,Chandigarh,Mainstream Buyer,Sports & Outdoors,2024-06-15
1525,Oliver Majumdar,43,Female,Lucknow,Mainstream Buyer,Sports & Outdoors,2026-04-18
1526,Meghana Kibe,28,Female,Mumbai,Budget Shopper,Fashion,2025-11-02
1527,Brijesh Soman,19,Female,Chandigarh,Value Seeker,Fashion,2024-12-29
1528,Kamya Chakraborty,31,Female,Hyderabad,Value Seeker,Sports & Outdoors,2025-02-26
1529,Nakul Tata,18,Male,Kolkata,Budget Shopper,Home & Kitchen,2025-03-20
1530,Hamsini Bhasin,31,Male,Bengaluru,Value Seeker,Toys & Games,2025-11-05
1531,Ishani Dube,25,Female,Bengaluru,Value Seeker,Automotive,2025-02-28
1532,Jeremiah Sura,30,Other,Jaipur,Budget Shopper,Electronics,2026-05-16
1533,Edhitha Palan,24,Female,Delhi,Mainstream Buyer,Electronics,2024-05-02
1534,Reyansh Bail,37,Male,Delhi,Mainstream Buyer,Toys & Games,2025-02-25
1535,Ishita Desai,32,Female,Indore,Budget Shopper,Electronics,2025-07-28
1536,Balveer Sundaram,40,Male,Kolkata,Value Seeker,Toys & Games,2025-08-02
1537,Chaitaly Suri,36,Male,Coimbatore,Premium Buyer,Sports & Outdoors,2025-07-31
1538,Rachit Pall,37,Male,Nagpur,Mainstream Buyer,Sports & Outdoors,2025-06-02
1539,Upadhriti Maharaj,44,Male,Mumbai,Premium Buyer,Toys & Games,2026-01-07
1540,Ekapad Wali,45,Female,Indore,Value Seeker,Automotive,2025-01-02
1541,Shivani Merchant,29,Male,Delhi,Premium Buyer,Fashion,2026-01-15
1542,Jeevika Setty,18,Male,Indore,Budget Shopper,Fashion,2025-09-20
1543,Yashawini Raghavan,57,Female,Chennai,Value Seeker,Toys & Games,2024-05-03
1544,Anirudh Patla,24,Male,Bengaluru,Budget Shopper,Electronics,2025-02-05
1545,Ekani Bhatnagar,18,Male,Hyderabad,Value Seeker,Sports & Outdoors,2024-04-04
1546,Ranveer Viswanathan,26,Male,Kolkata,Value Seeker,Sports & Outdoors,2024-11-12
1547,Mitesh Mandal,18,Male,Lucknow,Budget Shopper,Beauty & Personal Care,2024-07-21
1548,Nimrat Nagy,39,Female,Coimbatore,Mainstream Buyer,Books & Media,2026-04-10
1549,Gopal Virk,39,Male,Lucknow,Value Seeker,Fashion,2025-03-31
1550,Caleb Dayal,23,Male,Mumbai,Value Seeker,Home & Kitchen,2025-08-18
1551,Azad Jaggi,22,Male,Nagpur,Budget Shopper,Electronics,2026-06-15
1552,Vedika Handa,40,Male,Pune,Value Seeker,Health & Wellness,2026-04-10
1553,Azad Rama,18,Male,Delhi,Value Seeker,Automotive,2026-01-10
1554,Aahana Bawa,20,Male,Bhubaneswar,Value Seeker,Home & Kitchen,2026-06-24
1555,Timothy Bobal,24,Male,Indore,Budget Shopper,Electronics,2025-05-31
1556,Sathvik Swamy,30,Male,Delhi,Mainstream Buyer,Home & Kitchen,2026-05-15
1557,Upadhriti Bhat,44,Female,Pune,Luxury Enthusiast,Health & Wellness,2024-06-14
1558,Ojasvi Pillay,20,Male,Bhubaneswar,Value Seeker,Automotive,2025-01-11
1559,Amaira Wadhwa,38,Male,Coimbatore,Mainstream Buyer,Toys & Games,2024-02-10
1560,Ekavir Modi,41,Female,Hyderabad,Premium Buyer,Health & Wellness,2026-04-15
1561,Tarak Venkataraman,51,Male,Lucknow,Luxury Enthusiast,Fashion,2026-04-19
1562,Harrison Kashyap,38,Female,Hyderabad,Mainstream Buyer,Books & Media,2024-05-06
1563,Ranveer Hans,44,Male,Kolkata,Premium Buyer,Grocery & Gourmet,2025-07-11
1564,Praneel Sagar,29,Male,Hyderabad,Premium Buyer,Electronics,2024-08-12
1565,Ishita Shanker,47,Female,Lucknow,Premium Buyer,Sports & Outdoors,2026-01-10
1566,Hemang Ganesan,29,Male,Bhubaneswar,Value Seeker,Beauty & Personal Care,2026-06-23
1567,Neelima Thaman,25,Male,Mumbai,Budget Shopper,Fashion,2025-04-06
1568,Nakul Walla,36,Female,Kochi,Budget Shopper,Home & Kitchen,2025-01-28
1569,Indira Murty,25,Other,Hyderabad,Value Seeker,Health & Wellness,2026-03-22
1570,Kamya Sachar,44,Male,Indore,Value Seeker,Books & Media,2026-06-21
1571,Ekiya Khosla,45,Female,Bengaluru,Value Seeker,Electronics,2025-12-21
1572,Keya Kumar,43,Male,Kolkata,Mainstream Buyer,Toys & Games,2026-03-24
1573,Sneha Sem,28,Female,Hyderabad,Mainstream Buyer,Books & Media,2024-01-11
1574,Aadi Banerjee,23,Male,Chandigarh,Premium Buyer,Beauty & Personal Care,2024-01-18
1575,Amol Vasa,36,Female,Delhi,Budget Shopper,Beauty & Personal Care,2026-06-16
1576,Chasmum Ahuja,28,Male,Kochi,Budget Shopper,Books & Media,2025-05-13
1577,Tristan Kala,36,Female,Delhi,Premium Buyer,Health & Wellness,2025-07-18
1578,Anthony Majumdar,53,Male,Kochi,Premium Buyer,Grocery & Gourmet,2026-06-06
1579,Girindra Barad,39,Female,Indore,Luxury Enthusiast,Sports & Outdoors,2024-11-04
1580,Ishani Dugal,39,Female,Indore,Premium Buyer,Home & Kitchen,2024-05-22
1581,Alka Peri,47,Female,Mumbai,Premium Buyer,Fashion,2024-12-24
1582,Viraj Kunda,21,Other,Indore,Value Seeker,Fashion,2024-03-22
1583,George Ratta,31,Male,Chennai,Value Seeker,Fashion,2024-12-01
1584,Faras Nair,41,Female,Coimbatore,Value Seeker,Automotive,2025-02-19
1585,Oscar Sura,38,Male,Nagpur,Mainstream Buyer,Books & Media,2024-02-24
1586,Charita Barad,58,Female,Delhi,Luxury Enthusiast,Electronics,2024-09-30
1587,Farhan Bhalla,42,Female,Kolkata,Value Seeker,Health & Wellness,2024-08-08
1588,Ijaya Saraf,37,Male,Chandigarh,Mainstream Buyer,Fashion,2024-07-24
1589,Jai Karan,18,Male,Bengaluru,Value Seeker,Toys & Games,2026-06-02
1590,Lavanya Bhagat,18,Female,Chennai,Budget Shopper,Electronics,2024-09-04
1591,Benjamin Nagar,33,Female,Jaipur,Budget Shopper,Books & Media,2024-08-22
1592,Eta Thakkar,18,Female,Nagpur,Budget Shopper,Books & Media,2025-04-09
1593,Michael Bedi,44,Female,Chennai,Luxury Enthusiast,Health & Wellness,2025-02-05
1594,Sanaya Thaman,35,Male,Pune,Value Seeker,Toys & Games,2024-06-07
1595,Tristan Sankaran,56,Female,Indore,Premium Buyer,Sports & Outdoors,2026-02-22
1596,Meera Divan,31,Female,Delhi,Mainstream Buyer,Books & Media,2025-03-10
1597,Gayathri Butala,21,Female,Kolkata,Budget Shopper,Toys & Games,2024-08-02
1598,Chandran Rastogi,26,Female,Kolkata,Budget Shopper,Sports & Outdoors,2025-11-08
1599,Frederick Rastogi,46,Female,Pune,Premium Buyer,Grocery & Gourmet,2025-11-04
1600,Kalpit Deshmukh,30,Female,Kochi,Value Seeker,Books & Media,2026-06-27
1601,Rudra Sura,52,Female,Hyderabad,Premium Buyer,Health & Wellness,2025-09-21
1602,Rohan Viswanathan,19,Female,Pune,Budget Shopper,Fashion,2025-08-10
1603,Xavier Bora,38,Female,Bhubaneswar,Mainstream Buyer,Grocery & Gourmet,2024-02-20
1604,Qushi Naik,47,Male,Chandigarh,Premium Buyer,Automotive,2026-04-17
1605,Isaiah Sachdev,23,Male,Nagpur,Budget Shopper,Grocery & Gourmet,2024-11-23
1606,Jasmit Pall,39,Female,Coimbatore,Value Seeker,Health & Wellness,2026-05-04
1607,Ekani Padmanabhan,48,Female,Kochi,Luxury Enthusiast,Sports & Outdoors,2024-07-07
1608,Dalaja Gara,39,Female,Hyderabad,Value Seeker,Books & Media,2025-05-02
1609,Riya Dhingra,33,Female,Bengaluru,Value Seeker,Fashion,2025-06-10
1610,Chaitanya Kaur,35,Male,Jaipur,Value Seeker,Beauty & Personal Care,2024-02-27
1611,Kashvi Dugal,21,Male,Pune,Budget Shopper,Fashion,2024-08-22
1612,Isaiah Bhagat,31,Female,Indore,Mainstream Buyer,Grocery & Gourmet,2026-03-27
1613,Manbir Mani,48,Female,Mumbai,Mainstream Buyer,Grocery & Gourmet,2025-11-02
1614,Hemal Choudhry,37,Male,Bhubaneswar,Value Seeker,Fashion,2025-10-26
1615,Shivani Sinha,33,Male,Bengaluru,Premium Buyer,Automotive,2024-12-26
1616,Garima Kadakia,28,Male,Pune,Budget Shopper,Beauty & Personal Care,2024-06-09
1617,Samar Virk,18,Male,Kolkata,Budget Shopper,Grocery & Gourmet,2024-11-30
1618,Vasudha Dhaliwal,31,Female,Bhubaneswar,Mainstream Buyer,Health & Wellness,2025-07-02
1619,Krisha Vyas,55,Male,Lucknow,Luxury Enthusiast,Automotive,2024-08-24
1620,Aadhya Garde,25,Male,Mumbai,Budget Shopper,Fashion,2024-08-13
1621,Bhanumati Iyer,28,Female,Chandigarh,Budget Shopper,Fashion,2026-04-19
1622,Chatresh Shroff,18,Female,Coimbatore,Value Seeker,Fashion,2025-02-25
1623,Ekalinga Rama,39,Female,Delhi,Premium Buyer,Automotive,2024-09-25
1624,Jagvi Chokshi,30,Male,Indore,Budget Shopper,Books & Media,2024-12-31
1625,Brinda Raju,36,Male,Mumbai,Value Seeker,Fashion,2025-11-21
1626,Lajita Trivedi,45,Male,Pune,Mainstream Buyer,Books & Media,2026-02-05
1627,Diya Sundaram,30,Female,Bengaluru,Value Seeker,Books & Media,2025-10-10
1628,Quincy Issac,25,Male,Mumbai,Budget Shopper,Books & Media,2025-08-16
1629,Anthony Baral,18,Female,Jaipur,Budget Shopper,Toys & Games,2024-03-19
1630,Dalaja Nath,30,Female,Coimbatore,Value Seeker,Fashion,2024-12-15
1631,Maya Dugar,20,Female,Ahmedabad,Value Seeker,Beauty & Personal Care,2024-06-04
1632,Idika Pandey,26,Male,Kolkata,Premium Buyer,Grocery & Gourmet,2026-06-06
1633,Chasmum Keer,27,Male,Jaipur,Mainstream Buyer,Health & Wellness,2024-07-21
1634,David Kurian,50,Female,Bengaluru,Mainstream Buyer,Home & Kitchen,2026-01-11
1635,Ayushman Mammen,44,Male,Mumbai,Luxury Enthusiast,Books & Media,2025-02-03
1636,Max Om,33,Female,Bengaluru,Value Seeker,Health & Wellness,2025-07-16
1637,Laksh Chahal,27,Male,Mumbai,Value Seeker,Toys & Games,2024-05-10
1638,Utkarsh Sahni,26,Other,Indore,Premium Buyer,Home & Kitchen,2024-10-28
1639,Michael Sandhu,35,Female,Kochi,Budget Shopper,Books & Media,2025-05-10
1640,Forum Sen,18,Male,Bengaluru,Mainstream Buyer,Electronics,2025-03-26
1641,Samuel Devi,32,Female,Kochi,Mainstream Buyer,Sports & Outdoors,2024-09-29
1642,Lakshit More,26,Female,Ahmedabad,Budget Shopper,Books & Media,2024-09-18
1643,Qushi Dhillon,34,Female,Delhi,Value Seeker,Electronics,2025-01-28
1644,Eesha Bir,20,Male,Nagpur,Budget Shopper,Home & Kitchen,2024-09-11
1645,Qarin Nadkarni,18,Male,Nagpur,Budget Shopper,Health & Wellness,2024-07-16
1646,Ayushman Nagar,24,Female,Indore,Value Seeker,Toys & Games,2026-06-02
1647,Nisha Mitter,25,Male,Indore,Value Seeker,Sports & Outdoors,2025-08-02
1648,Anusha Doshi,36,Female,Jaipur,Premium Buyer,Home & Kitchen,2024-04-05
1649,Hredhaan Deep,51,Male,Indore,Premium Buyer,Fashion,2025-09-13
1650,Atharv Loke,32,Female,Jaipur,Premium Buyer,Sports & Outdoors,2024-06-15
1651,Vincent Kashyap,34,Male,Bengaluru,Value Seeker,Books & Media,2025-02-18
1652,Jagrati Buch,33,Female,Bengaluru,Value Seeker,Fashion,2025-10-28
1653,Krish Thakkar,35,Male,Chandigarh,Budget Shopper,Automotive,2025-08-18
1654,Kashvi Gour,25,Male,Ahmedabad,Budget Shopper,Sports & Outdoors,2025-04-18
1655,Vyanjana Som,54,Male,Lucknow,Luxury Enthusiast,Electronics,2026-03-10
1656,Nihal Hans,30,Female,Bengaluru,Value Seeker,Fashion,2025-09-25
1657,Bachittar Rege,30,Male,Ahmedabad,Budget Shopper,Automotive,2024-10-22
1658,Anamika Sachar,29,Female,Delhi,Premium Buyer,Beauty & Personal Care,2024-04-01
1659,Samaksh Jayaraman,18,Male,Hyderabad,Value Seeker,Beauty & Personal Care,2024-02-21
1660,Peter Sarna,30,Female,Delhi,Budget Shopper,Fashion,2025-07-19
1661,Ekta Shankar,30,Female,Hyderabad,Budget Shopper,Automotive,2024-07-12
1662,Prisha Ravel,41,Male,Kochi,Mainstream Buyer,Automotive,2025-07-07
1663,Lajita Munshi,38,Male,Mumbai,Premium Buyer,Home & Kitchen,2024-06-30
1664,Balvan Verma,40,Male,Hyderabad,Budget Shopper,Grocery & Gourmet,2024-03-27
1665,Siya Shan,38,Female,Lucknow,Premium Buyer,Sports & Outdoors,2025-05-23
1666,Yatan Venkataraman,46,Female,Bengaluru,Premium Buyer,Fashion,2025-01-03
1667,Balveer Ram,48,Male,Jaipur,Premium Buyer,Grocery & Gourmet,2024-05-07
1668,Ranveer Manne,42,Female,Chandigarh,Budget Shopper,Electronics,2026-02-26
1669,Mitali Modi,24,Female,Indore,Budget Shopper,Automotive,2025-11-19
1670,Triya Ganesan,37,Female,Delhi,Premium Buyer,Electronics,2024-12-11
1671,Chaitaly Bhagat,18,Female,Bengaluru,Value Seeker,Beauty & Personal Care,2026-01-19
1672,Ubika Seth,50,Female,Lucknow,Mainstream Buyer,Home & Kitchen,2024-07-12
1673,Xiti Chowdhury,40,Female,Kolkata,Mainstream Buyer,Home & Kitchen,2025-11-01
1674,Krishna Ramaswamy,31,Female,Pune,Budget Shopper,Sports & Outdoors,2025-08-29
1675,Ekiya Seshadri,71,Male,Ahmedabad,Premium Buyer,Grocery & Gourmet,2024-06-27
1676,Praneel Setty,49,Female,Kochi,Luxury Enthusiast,Beauty & Personal Care,2025-03-11
1677,Suhani Chana,25,Other,Ahmedabad,Mainstream Buyer,Books & Media,2024-07-15
1678,Ekiya Gade,30,Female,Mumbai,Value Seeker,Health & Wellness,2024-12-10
1679,Gavin Comar,34,Male,Delhi,Premium Buyer,Sports & Outdoors,2025-03-22
1680,Janani Chada,28,Female,Mumbai,Value Seeker,Grocery & Gourmet,2025-03-26
1681,Yasti Dutta,33,Male,Chennai,Mainstream Buyer,Beauty & Personal Care,2024-07-04
1682,Lajita Bassi,37,Female,Chandigarh,Premium Buyer,Electronics,2024-01-08
1683,Gautami Doctor,24,Male,Nagpur,Mainstream Buyer,Home & Kitchen,2026-06-08
1684,Maanav Gola,46,Female,Ahmedabad,Value Seeker,Fashion,2025-03-29
1685,Oni Morar,29,Male,Mumbai,Budget Shopper,Health & Wellness,2024-07-22
1686,Sanaya Mani,24,Male,Delhi,Budget Shopper,Electronics,2024-11-25
1687,Jacob Deep,38,Male,Chandigarh,Value Seeker,Automotive,2025-04-18
1688,Aarush Kulkarni,36,Male,Kolkata,Value Seeker,Fashion,2024-07-12
1689,Tara Tank,39,Male,Bhubaneswar,Mainstream Buyer,Fashion,2025-05-03
1690,Abdul Tak,38,Female,Jaipur,Value Seeker,Books & Media,2026-02-27
1691,Teerth Soni,44,Female,Bhubaneswar,Premium Buyer,Electronics,2025-10-27
1692,Nimrat Sathe,49,Female,Bengaluru,Premium Buyer,Electronics,2026-05-22
1693,Abeer Konda,33,Female,Chandigarh,Budget Shopper,Grocery & Gourmet,2024-10-03
1694,Sarthak Bawa,38,Male,Jaipur,Mainstream Buyer,Electronics,2024-02-01
1695,Manbir Bhakta,35,Female,Ahmedabad,Mainstream Buyer,Books & Media,2025-07-22
1696,Balhaar Dhillon,45,Female,Jaipur,Value Seeker,Fashion,2024-09-06
1697,Chanchal Narula,22,Male,Kolkata,Budget Shopper,Electronics,2024-01-23
1698,Chandran Chopra,46,Female,Kochi,Premium Buyer,Toys & Games,2025-07-10
1699,Pranav Edwin,50,Female,Indore,Luxury Enthusiast,Beauty & Personal Care,2024-04-23
1700,Peter Shah,31,Female,Indore,Mainstream Buyer,Electronics,2026-06-15
1701,Balendra Chander,35,Female,Nagpur,Premium Buyer,Toys & Games,2024-10-25
1702,Ekantika Pillay,43,Male,Pune,Luxury Enthusiast,Health & Wellness,2026-01-31
1703,Ekansh Sane,27,Female,Indore,Value Seeker,Books & Media,2024-07-23
1704,Brinda Sinha,23,Male,Bhubaneswar,Mainstream Buyer,Beauty & Personal Care,2026-06-22
1705,Jairaj Maharaj,26,Female,Mumbai,Value Seeker,Automotive,2024-06-07
1706,Odika Vohra,49,Male,Ahmedabad,Luxury Enthusiast,Beauty & Personal Care,2025-07-07
1707,Shaurya Bhardwaj,38,Female,Lucknow,Budget Shopper,Toys & Games,2025-11-28
1708,Gagan Sule,36,Female,Ahmedabad,Value Seeker,Sports & Outdoors,2025-02-13
1709,Prisha Nadig,19,Male,Delhi,Premium Buyer,Grocery & Gourmet,2024-01-17
1710,Irya Dayal,37,Male,Coimbatore,Value Seeker,Books & Media,2026-02-05
1711,Zinal Tank,37,Male,Pune,Premium Buyer,Sports & Outdoors,2025-09-23
1712,Pranit Kaul,36,Female,Kochi,Value Seeker,Sports & Outdoors,2024-11-28
1713,Rishi Agarwal,46,Female,Mumbai,Luxury Enthusiast,Home & Kitchen,2026-04-07
1714,Arjun Shroff,41,Male,Mumbai,Premium Buyer,Sports & Outdoors,2024-02-18
1715,Sarthak Sachdeva,31,Female,Kochi,Value Seeker,Electronics,2025-03-14
1716,Chakradev Nath,36,Female,Nagpur,Mainstream Buyer,Beauty & Personal Care,2024-01-16
1717,Simon Apte,44,Male,Coimbatore,Value Seeker,Electronics,2025-06-20
1718,Baghyawati Kumar,36,Female,Nagpur,Mainstream Buyer,Beauty & Personal Care,2024-06-06
1719,Darika Mital,46,Male,Chandigarh,Mainstream Buyer,Beauty & Personal Care,2025-09-04
1720,Abeer Comar,51,Male,Chennai,Premium Buyer,Electronics,2025-05-25
1721,Harita Randhawa,33,Male,Delhi,Budget Shopper,Home & Kitchen,2025-08-21
1722,Parth Hari,18,Male,Jaipur,Budget Shopper,Toys & Games,2025-02-20
1723,Hamsini Srinivas,47,Female,Kochi,Mainstream Buyer,Health & Wellness,2025-12-10
1724,Balendra Deshpande,32,Female,Indore,Mainstream Buyer,Toys & Games,2025-04-01
1725,Nachiket Sharma,38,Male,Jaipur,Value Seeker,Grocery & Gourmet,2024-05-31
1726,Turvi Sachdev,18,Female,Bhubaneswar,Budget Shopper,Toys & Games,2026-02-10
1727,Chandani Mutti,21,Male,Chandigarh,Value Seeker,Health & Wellness,2024-07-13
1728,Sathvik Narula,60,Male,Kochi,Premium Buyer,Health & Wellness,2024-05-18
1729,Dominic Dixit,18,Female,Jaipur,Budget Shopper,Fashion,2026-05-30
1730,Azaan Nori,42,Female,Mumbai,Value Seeker,Sports & Outdoors,2024-10-27
1731,Noah Ramachandran,48,Female,Indore,Luxury Enthusiast,Health & Wellness,2025-04-17
1732,Jackson Morar,23,Male,Coimbatore,Budget Shopper,Automotive,2024-11-30
1733,Azad Magar,36,Male,Bhubaneswar,Mainstream Buyer,Books & Media,2025-10-07
1734,Gabriel Taneja,18,Male,Delhi,Budget Shopper,Sports & Outdoors,2025-12-13
1735,Kamya Seth,42,Female,Bengaluru,Premium Buyer,Electronics,2025-10-14
1736,Tarak Vohra,27,Male,Coimbatore,Mainstream Buyer,Sports & Outdoors,2026-02-12
1737,Parth Choudhury,39,Female,Ahmedabad,Premium Buyer,Books & Media,2025-06-29
1738,Baljiwan Jaggi,35,Male,Kochi,Budget Shopper,Toys & Games,2024-05-01
1739,Sachi Toor,34,Male,Pune,Value Seeker,Books & Media,2024-07-26
1740,Vasudha Tella,23,Male,Coimbatore,Mainstream Buyer,Home & Kitchen,2026-01-19
1741,Ranveer Oak,34,Female,Coimbatore,Budget Shopper,Health & Wellness,2025-02-10
1742,Dayita Narang,26,Female,Hyderabad,Budget Shopper,Home & Kitchen,2026-04-25
1743,Guneet Varty,22,Other,Indore,Budget Shopper,Beauty & Personal Care,2026-05-08
1744,Samesh Bansal,53,Female,Ahmedabad,Luxury Enthusiast,Books & Media,2024-12-11
1745,Lila Vig,35,Female,Kochi,Mainstream Buyer,Home & Kitchen,2025-09-30
1746,Aayush Mukhopadhyay,26,Male,Kochi,Mainstream Buyer,Electronics,2024-10-01
1747,Gagan Nath,53,Female,Lucknow,Mainstream Buyer,Toys & Games,2026-02-09
1748,Chakradhar Chauhan,31,Female,Chennai,Value Seeker,Home & Kitchen,2026-03-14
1749,Arin Muni,31,Female,Mumbai,Value Seeker,Automotive,2024-09-21
1750,Ekani Iyer,28,Male,Bengaluru,Value Seeker,Grocery & Gourmet,2025-12-25
1751,Bhavini Malhotra,47,Male,Nagpur,Mainstream Buyer,Sports & Outdoors,2026-05-09
1752,Ridhi Dalal,22,Female,Hyderabad,Budget Shopper,Sports & Outdoors,2024-07-17
1753,Manthan Dugar,29,Male,Hyderabad,Premium Buyer,Health & Wellness,2024-09-30
1754,Ishwar Aurora,36,Male,Chandigarh,Premium Buyer,Electronics,2024-03-11
1755,Samuel Palla,43,Male,Hyderabad,Value Seeker,Beauty & Personal Care,2025-01-04
1756,Anika Dhaliwal,44,Female,Ahmedabad,Mainstream Buyer,Electronics,2025-04-25
1757,Yash Garg,24,Male,Kolkata,Budget Shopper,Fashion,2024-11-01
1758,Deepa Nigam,59,Female,Coimbatore,Luxury Enthusiast,Health & Wellness,2024-07-14
1759,Chandresh De,49,Female,Kochi,Premium Buyer,Fashion,2024-12-08
1760,Urishilla Bedi,40,Female,Jaipur,Premium Buyer,Health & Wellness,2025-09-14
1761,Leela Bhagat,30,Male,Jaipur,Value Seeker,Grocery & Gourmet,2024-04-16
1762,Pooja Ramanathan,29,Female,Chandigarh,Budget Shopper,Toys & Games,2024-10-02
1763,Sanaya Parekh,19,Male,Kochi,Budget Shopper,Grocery & Gourmet,2024-04-28
1764,Gaurangi Hora,27,Male,Jaipur,Budget Shopper,Fashion,2025-02-11
1765,Udyati Deep,29,Male,Bhubaneswar,Budget Shopper,Fashion,2025-05-19
1766,Upadhriti Chatterjee,18,Male,Delhi,Budget Shopper,Beauty & Personal Care,2024-05-28
1767,Dayita Shroff,45,Female,Chandigarh,Luxury Enthusiast,Grocery & Gourmet,2024-12-24
1768,Vincent Kapur,24,Male,Hyderabad,Budget Shopper,Beauty & Personal Care,2024-07-28
1769,Aarna Patla,36,Female,Kolkata,Budget Shopper,Fashion,2024-04-16
1770,Qadim Narayanan,26,Male,Mumbai,Premium Buyer,Grocery & Gourmet,2025-10-16
1771,Sudiksha Sura,33,Other,Kochi,Mainstream Buyer,Toys & Games,2026-01-07
1772,Dhruv Soman,32,Female,Chandigarh,Mainstream Buyer,Books & Media,2026-02-15
1773,Indali Srinivas,45,Male,Pune,Mainstream Buyer,Sports & Outdoors,2025-01-04
1774,Onkar Mandal,42,Female,Coimbatore,Premium Buyer,Grocery & Gourmet,2024-06-30
1775,Joshua Trivedi,53,Male,Pune,Mainstream Buyer,Grocery & Gourmet,2024-01-29
1776,Nidra Chhabra,37,Female,Indore,Value Seeker,Beauty & Personal Care,2026-06-01
1777,Ekavir Mittal,33,Female,Nagpur,Mainstream Buyer,Fashion,2026-06-29
1778,Nandini Sachdev,34,Female,Lucknow,Value Seeker,Automotive,2024-10-24
1779,Yagnesh Dutt,28,Male,Kolkata,Value Seeker,Fashion,2025-10-30
1780,Leena Bhatti,39,Other,Chandigarh,Value Seeker,Sports & Outdoors,2025-04-26
1781,Sathvik Sankar,18,Female,Mumbai,Budget Shopper,Automotive,2026-04-20
1782,Hema Keer,35,Female,Nagpur,Premium Buyer,Sports & Outdoors,2026-04-23
1783,Faras Sur,36,Male,Chandigarh,Value Seeker,Automotive,2025-03-10
1784,Ubika Nanda,38,Male,Coimbatore,Budget Shopper,Sports & Outdoors,2024-10-15
1785,Sai Goda,18,Female,Kochi,Budget Shopper,Grocery & Gourmet,2024-04-19
1786,Nidra Boase,55,Female,Chennai,Premium Buyer,Books & Media,2025-04-19
1787,Ladli Narang,30,Female,Pune,Value Seeker,Home & Kitchen,2024-11-23
1788,Darsh Chana,20,Female,Delhi,Mainstream Buyer,Automotive,2024-05-13
1789,Liam Acharya,18,Female,Kolkata,Premium Buyer,Sports & Outdoors,2025-06-05
1790,Manthan Sethi,18,Male,Kochi,Budget Shopper,Sports & Outdoors,2025-12-24
1791,Madhavi Sekhon,36,Female,Kolkata,Mainstream Buyer,Toys & Games,2024-06-13
1792,Samesh Nadig,31,Male,Indore,Value Seeker,Health & Wellness,2026-06-28
1793,Daksha Saran,32,Female,Chandigarh,Budget Shopper,Automotive,2025-10-24
1794,Gaurav Anand,32,Male,Jaipur,Mainstream Buyer,Beauty & Personal Care,2026-03-04
1795,Joshua Menon,33,Female,Kolkata,Premium Buyer,Home & Kitchen,2024-11-25
1796,Kala Bera,28,Female,Chennai,Value Seeker,Beauty & Personal Care,2025-10-30
1797,Jagrati Choudhary,37,Female,Jaipur,Mainstream Buyer,Home & Kitchen,2025-08-23
1798,Azaan Keer,34,Male,Lucknow,Value Seeker,Home & Kitchen,2024-11-17
1799,Meera Nadkarni,29,Female,Bengaluru,Mainstream Buyer,Sports & Outdoors,2025-10-05
1800,Nidra Raj,45,Male,Ahmedabad,Mainstream Buyer,Electronics,2025-08-06
1801,Siddharth Ghose,31,Male,Ahmedabad,Mainstream Buyer,Books & Media,2025-04-05
1802,Liam Guha,29,Female,Chennai,Mainstream Buyer,Automotive,2026-03-15
1803,Jagvi Sahni,22,Female,Hyderabad,Budget Shopper,Sports & Outdoors,2024-03-06
1804,Bhavya Dass,46,Male,Chandigarh,Mainstream Buyer,Electronics,2024-01-24
1805,Advay Bora,35,Female,Pune,Mainstream Buyer,Beauty & Personal Care,2024-09-23
1806,Maanas Sur,30,Male,Kochi,Mainstream Buyer,Beauty & Personal Care,2026-03-25
1807,Laban Chad,35,Female,Mumbai,Budget Shopper,Books & Media,2025-04-29
1808,Ojasvi Shah,51,Female,Chennai,Value Seeker,Home & Kitchen,2025-08-13
1809,Pranit Sha,33,Female,Hyderabad,Value Seeker,Beauty & Personal Care,2026-01-31
1810,Shivani Rajagopalan,38,Female,Kolkata,Budget Shopper,Grocery & Gourmet,2024-04-28
1811,Upkaar Grewal,36,Other,Chandigarh,Budget Shopper,Fashion,2025-06-20
1812,Abhimanyu Tara,26,Female,Kochi,Value Seeker,Health & Wellness,2024-11-17
1813,Yachana Luthra,37,Male,Bhubaneswar,Mainstream Buyer,Home & Kitchen,2024-10-13
1814,Jeevika Bandi,18,Male,Pune,Budget Shopper,Automotive,2025-09-14
1815,Vasudha Pillay,41,Female,Indore,Premium Buyer,Electronics,2025-08-19
1816,Vasatika Buch,31,Male,Bengaluru,Mainstream Buyer,Beauty & Personal Care,2024-02-03
1817,Ati Shroff,33,Female,Chandigarh,Mainstream Buyer,Beauty & Personal Care,2024-06-14
1818,Gaurang Korpal,25,Male,Kochi,Value Seeker,Sports & Outdoors,2025-04-03
1819,Faras Zacharia,29,Female,Mumbai,Value Seeker,Electronics,2025-03-05
1820,Chatresh Oza,41,Female,Lucknow,Mainstream Buyer,Home & Kitchen,2026-06-23
1821,Upasna Setty,41,Female,Ahmedabad,Premium Buyer,Automotive,2025-12-28
1822,Garima Sama,18,Female,Mumbai,Value Seeker,Health & Wellness,2026-06-25
1823,Chaitaly Mann,25,Male,Chandigarh,Value Seeker,Sports & Outdoors,2024-07-01
1824,Balendra Modi,23,Female,Jaipur,Mainstream Buyer,Fashion,2024-03-01
1825,Darsh Solanki,39,Male,Kochi,Mainstream Buyer,Home & Kitchen,2026-02-04
1826,Charan Manne,31,Female,Kochi,Budget Shopper,Health & Wellness,2025-10-19
1827,Bhavini Sundaram,34,Female,Delhi,Value Seeker,Health & Wellness,2025-08-16
1828,Jonathan Tiwari,24,Male,Kolkata,Value Seeker,Automotive,2024-06-26
1829,Arunima Krishnan,45,Male,Lucknow,Premium Buyer,Automotive,2025-06-27
1830,Avni Maharaj,27,Male,Kolkata,Value Seeker,Grocery & Gourmet,2026-05-22
1831,Akshay Choudhury,21,Male,Bhubaneswar,Value Seeker,Toys & Games,2025-01-16
1832,Matthew Sekhon,53,Female,Kolkata,Luxury Enthusiast,Grocery & Gourmet,2026-02-18
1833,Parth Lal,39,Male,Ahmedabad,Value Seeker,Toys & Games,2024-11-24
1834,Vedhika Golla,35,Female,Ahmedabad,Budget Shopper,Beauty & Personal Care,2024-05-16
1835,Hemal Chad,21,Other,Mumbai,Budget Shopper,Toys & Games,2026-04-30
1836,Mitesh Tandon,37,Female,Indore,Budget Shopper,Home & Kitchen,2024-01-13
1837,Leela Khanna,22,Female,Bengaluru,Budget Shopper,Toys & Games,2024-11-07
1838,Oliver Kade,37,Male,Ahmedabad,Value Seeker,Beauty & Personal Care,2026-05-15
1839,Chatura Lalla,32,Female,Bhubaneswar,Mainstream Buyer,Sports & Outdoors,2025-12-13
1840,Charles Ganesh,34,Female,Nagpur,Mainstream Buyer,Fashion,2026-01-30
1841,Mohini Soni,18,Other,Hyderabad,Budget Shopper,Health & Wellness,2024-04-22
1842,Vamakshi Walia,34,Male,Pune,Mainstream Buyer,Grocery & Gourmet,2024-09-14
1843,Ladli Ramakrishnan,27,Male,Kochi,Budget Shopper,Fashion,2025-07-28
1844,Adweta Dhillon,43,Other,Lucknow,Luxury Enthusiast,Sports & Outdoors,2025-03-08
1845,Advik Mani,42,Female,Chennai,Budget Shopper,Sports & Outdoors,2025-08-19
1846,Lavanya Mutti,26,Male,Jaipur,Mainstream Buyer,Automotive,2025-06-28
1847,Gunbir Wali,26,Female,Chandigarh,Value Seeker,Grocery & Gourmet,2024-11-30
1848,Rachana Mahajan,28,Male,Indore,Mainstream Buyer,Automotive,2026-01-06
1849,Anamika Loke,26,Female,Chandigarh,Value Seeker,Sports & Outdoors,2024-08-12
1850,Aadhya Raman,46,Male,Bhubaneswar,Mainstream Buyer,Fashion,2024-02-26
1851,Wyatt Hayer,40,Male,Chandigarh,Budget Shopper,Grocery & Gourmet,2024-01-31
1852,Pranit Munshi,36,Male,Jaipur,Premium Buyer,Home & Kitchen,2026-01-26
1853,Abhiram Bir,25,Male,Nagpur,Value Seeker,Toys & Games,2025-06-23
1854,Nisha Chaudhari,26,Male,Ahmedabad,Mainstream Buyer,Sports & Outdoors,2025-11-02
1855,Sanaya Panchal,54,Male,Lucknow,Premium Buyer,Beauty & Personal Care,2024-12-03
1856,Bhanumati Krishnamurthy,57,Male,Nagpur,Luxury Enthusiast,Fashion,2025-09-10
1857,Bahadurjit Bajwa,26,Female,Mumbai,Budget Shopper,Automotive,2025-07-08
1858,Dakshesh Kalla,19,Female,Bhubaneswar,Value Seeker,Toys & Games,2026-02-25
1859,Jagdish Chadha,18,Female,Chandigarh,Budget Shopper,Beauty & Personal Care,2025-02-09
1860,Keya Goyal,33,Male,Nagpur,Value Seeker,Grocery & Gourmet,2025-03-02
1861,Qarin Kulkarni,41,Male,Indore,Mainstream Buyer,Health & Wellness,2025-02-16
1862,Unni Borra,28,Female,Bengaluru,Luxury Enthusiast,Grocery & Gourmet,2025-08-26
1863,Aradhana Sane,44,Female,Chennai,Luxury Enthusiast,Health & Wellness,2024-08-15
1864,Aarini Edwin,46,Other,Mumbai,Value Seeker,Sports & Outdoors,2024-12-27
1865,Aradhana Bhatia,35,Female,Kochi,Mainstream Buyer,Beauty & Personal Care,2026-01-22
1866,Lipika Natarajan,56,Female,Pune,Premium Buyer,Automotive,2025-08-02
1867,Aarna Lanka,52,Female,Ahmedabad,Luxury Enthusiast,Toys & Games,2024-11-10
1868,Ridhi Boase,18,Male,Lucknow,Budget Shopper,Toys & Games,2026-03-17
1869,Sai Ramaswamy,29,Female,Chandigarh,Value Seeker,Toys & Games,2025-08-16
1870,Vyanjana Chopra,41,Female,Delhi,Premium Buyer,Health & Wellness,2024-05-02
1871,Raagini Kamdar,23,Female,Bhubaneswar,Value Seeker,Toys & Games,2025-05-27
1872,Riya Lad,23,Male,Kolkata,Value Seeker,Automotive,2025-03-26
1873,Bakhshi Bora,60,Male,Indore,Luxury Enthusiast,Electronics,2024-10-22
1874,Zashil Sehgal,38,Male,Kochi,Luxury Enthusiast,Grocery & Gourmet,2025-09-12
1875,Widisha Dixit,52,Male,Ahmedabad,Premium Buyer,Beauty & Personal Care,2024-06-13
1876,Baljiwan Ramakrishnan,39,Female,Hyderabad,Premium Buyer,Fashion,2026-06-16
1877,Max Narayan,31,Female,Hyderabad,Value Seeker,Home & Kitchen,2025-04-29
1878,Aarush Varma,37,Male,Lucknow,Value Seeker,Automotive,2025-01-05
1879,Vanya Sarin,31,Female,Kolkata,Mainstream Buyer,Automotive,2025-11-26
1880,Ekaraj Zachariah,42,Male,Hyderabad,Mainstream Buyer,Beauty & Personal Care,2024-07-22
1881,Aarush Rajagopalan,18,Female,Mumbai,Value Seeker,Fashion,2026-04-20
1882,Jairaj Wason,40,Male,Chandigarh,Mainstream Buyer,Sports & Outdoors,2024-11-19
1883,Gauri Mitter,18,Female,Pune,Value Seeker,Beauty & Personal Care,2024-12-04
1884,Christopher Chana,34,Female,Kolkata,Mainstream Buyer,Sports & Outdoors,2024-07-18
1885,Harini Buch,39,Female,Kolkata,Value Seeker,Grocery & Gourmet,2025-12-25
1886,Bimala Jain,37,Female,Kochi,Value Seeker,Beauty & Personal Care,2026-02-10
1887,Balveer Rajagopalan,18,Male,Ahmedabad,Budget Shopper,Fashion,2025-01-21
1888,Chandani Ramakrishnan,18,Female,Jaipur,Budget Shopper,Fashion,2024-02-02
1889,Jagrati Sur,36,Male,Chennai,Premium Buyer,Toys & Games,2024-07-20
1890,Raksha Gupta,33,Male,Chennai,Value Seeker,Fashion,2025-12-21
1891,Balendra Hans,18,Female,Chandigarh,Budget Shopper,Home & Kitchen,2025-06-26
1892,William Suresh,36,Female,Ahmedabad,Mainstream Buyer,Automotive,2025-11-01
1893,Dev Zachariah,39,Female,Nagpur,Mainstream Buyer,Electronics,2024-07-25
1894,Xalak Walla,24,Male,Chandigarh,Budget Shopper,Toys & Games,2025-03-24
1895,Amol Bansal,36,Female,Lucknow,Value Seeker,Electronics,2025-05-31
1896,Daksh Nazareth,29,Male,Jaipur,Budget Shopper,Health & Wellness,2026-06-26
1897,Nidra Dani,32,Female,Chandigarh,Mainstream Buyer,Grocery & Gourmet,2024-12-04
1898,Tara Yadav,18,Female,Mumbai,Value Seeker,Automotive,2025-05-26
1899,Viraj Bora,28,Female,Ahmedabad,Budget Shopper,Toys & Games,2026-05-26
1900,Lohit Suresh,18,Female,Lucknow,Budget Shopper,Sports & Outdoors,2026-01-04
1901,Urishilla Bath,31,Female,Delhi,Mainstream Buyer,Health & Wellness,2024-09-11
1902,Kalpit Atwal,31,Male,Bengaluru,Budget Shopper,Grocery & Gourmet,2024-08-22
1903,Chandresh Mohanty,55,Other,Delhi,Premium Buyer,Electronics,2025-04-10
1904,Tanmayi Garde,26,Female,Ahmedabad,Budget Shopper,Books & Media,2024-08-14
1905,Hitesh Comar,41,Male,Jaipur,Mainstream Buyer,Books & Media,2024-08-31
1906,Thomas Bhatnagar,18,Male,Ahmedabad,Value Seeker,Home & Kitchen,2024-12-20
1907,Pooja Nazareth,34,Male,Mumbai,Value Seeker,Sports & Outdoors,2025-12-24
1908,Ekta Dara,26,Female,Ahmedabad,Budget Shopper,Health & Wellness,2025-06-14
1909,Ekanta Kala,54,Female,Bhubaneswar,Premium Buyer,Electronics,2024-06-22
1910,Oscar Nayak,38,Female,Mumbai,Premium Buyer,Health & Wellness,2025-09-23
1911,Jai Mahal,24,Male,Indore,Budget Shopper,Grocery & Gourmet,2024-11-10
1912,Ojasvi Ganguly,36,Male,Chennai,Budget Shopper,Fashion,2024-06-12
1913,Nitesh Sarna,42,Female,Delhi,Premium Buyer,Beauty & Personal Care,2025-03-05
1914,Banjeet Deol,27,Male,Mumbai,Mainstream Buyer,Automotive,2025-03-29
1915,Krisha Dugar,49,Male,Mumbai,Budget Shopper,Grocery & Gourmet,2026-01-12
1916,Vidhi Buch,18,Male,Pune,Budget Shopper,Electronics,2025-04-07
1917,Abhimanyu Gola,36,Male,Ahmedabad,Mainstream Buyer,Fashion,2026-05-24
1918,Bhanumati Saha,40,Male,Kochi,Mainstream Buyer,Health & Wellness,2026-03-20
1919,Jonathan Jhaveri,39,Female,Delhi,Mainstream Buyer,Fashion,2025-02-25
1920,Anika Virk,45,Male,Coimbatore,Luxury Enthusiast,Toys & Games,2025-12-15
1921,Nisha Khare,30,Male,Lucknow,Value Seeker,Health & Wellness,2025-08-20
1922,Baljiwan Gole,29,Female,Delhi,Value Seeker,Fashion,2025-08-08
1923,Gaurang Mitra,21,Female,Coimbatore,Value Seeker,Electronics,2025-04-28
1924,Omya Agrawal,51,Female,Delhi,Value Seeker,Automotive,2024-10-06
1925,Rehaan Dalal,25,Female,Ahmedabad,Budget Shopper,Health & Wellness,2025-05-23
1926,Janaki Zacharia,32,Female,Coimbatore,Budget Shopper,Books & Media,2024-05-27
1927,Ucchal Joshi,28,Female,Chandigarh,Value Seeker,Home & Kitchen,2025-04-20
1928,Chatresh Hari,33,Female,Jaipur,Mainstream Buyer,Electronics,2024-01-14
1929,Manthan Som,22,Female,Pune,Budget Shopper,Health & Wellness,2024-01-08
1930,Patrick Dutta,18,Female,Chandigarh,Value Seeker,Grocery & Gourmet,2025-06-09
1931,Chatura Patla,35,Male,Hyderabad,Mainstream Buyer,Automotive,2024-08-07
1932,Shaurya Saran,33,Male,Hyderabad,Mainstream Buyer,Grocery & Gourmet,2025-05-16
1933,Gaurika Setty,47,Male,Ahmedabad,Mainstream Buyer,Sports & Outdoors,2024-04-29
1934,Hemang Ben,32,Male,Delhi,Premium Buyer,Sports & Outdoors,2024-08-06
1935,Nakul Balakrishnan,31,Male,Mumbai,Mainstream Buyer,Beauty & Personal Care,2025-08-28
1936,Yutika D’Alia,18,Female,Kolkata,Budget Shopper,Grocery & Gourmet,2025-09-13
1937,Wahab Saxena,44,Female,Bengaluru,Value Seeker,Fashion,2024-04-24
1938,Oni Issac,29,Male,Coimbatore,Mainstream Buyer,Electronics,2025-02-26
1939,Victor Choudhary,32,Male,Jaipur,Budget Shopper,Health & Wellness,2024-10-10
1940,Vedant Chaudhari,35,Male,Ahmedabad,Budget Shopper,Beauty & Personal Care,2024-10-26
1941,Nitara Iyengar,25,Female,Ahmedabad,Budget Shopper,Electronics,2026-01-31
1942,Thomas Borah,19,Male,Delhi,Value Seeker,Toys & Games,2025-11-29
1943,Vedhika Bhagat,19,Male,Pune,Value Seeker,Beauty & Personal Care,2024-04-07
1944,Maanav Kalita,34,Male,Delhi,Budget Shopper,Home & Kitchen,2025-10-20
1945,Pranav Ram,31,Female,Kolkata,Premium Buyer,Sports & Outdoors,2024-05-06
1946,Laban Shankar,46,Male,Coimbatore,Premium Buyer,Sports & Outdoors,2025-08-12
1947,Jagrati Madan,28,Female,Nagpur,Budget Shopper,Toys & Games,2024-05-25
1948,Gautami Datta,46,Female,Chennai,Premium Buyer,Health & Wellness,2025-01-24
1949,Darpan Mand,31,Female,Chennai,Budget Shopper,Automotive,2026-04-02
1950,Indrajit Shroff,34,Female,Coimbatore,Premium Buyer,Automotive,2025-10-29
1951,Omya Garg,38,Male,Bhubaneswar,Luxury Enthusiast,Sports & Outdoors,2024-02-19
1952,Thomas Merchant,33,Male,Chennai,Budget Shopper,Books & Media,2025-12-24
1953,Onkar Karpe,31,Female,Chandigarh,Mainstream Buyer,Fashion,2025-12-07
1954,Nisha Vig,22,Male,Kolkata,Luxury Enthusiast,Books & Media,2026-02-15
1955,Tarak Solanki,48,Female,Coimbatore,Premium Buyer,Toys & Games,2024-12-26
1956,Arya Atwal,37,Female,Hyderabad,Luxury Enthusiast,Automotive,2024-06-28
1957,Yatin Kota,41,Male,Chennai,Mainstream Buyer,Electronics,2024-03-05
1958,Radha Kapadia,39,Male,Nagpur,Budget Shopper,Automotive,2024-04-20
1959,Abdul Sahni,43,Female,Pune,Premium Buyer,Books & Media,2024-04-22
1960,Banjeet Singhal,45,Other,Mumbai,Mainstream Buyer,Electronics,2024-04-03
1961,Pavani Wali,38,Female,Indore,Mainstream Buyer,Health & Wellness,2025-02-02
1962,Varenya Chaudhari,46,Male,Bengaluru,Value Seeker,Sports & Outdoors,2024-06-17
1963,Warhi Khosla,27,Female,Delhi,Mainstream Buyer,Sports & Outdoors,2024-12-03
1964,Advik Ray,26,Male,Chandigarh,Budget Shopper,Fashion,2026-02-26
1965,Kevin Parmer,43,Male,Kolkata,Mainstream Buyer,Electronics,2026-06-08
1966,William Chana,25,Female,Bengaluru,Budget Shopper,Electronics,2026-04-03
1967,Varsha Mody,47,Female,Nagpur,Mainstream Buyer,Home & Kitchen,2025-08-22
1968,Tripti Bajwa,39,Male,Chennai,Premium Buyer,Home & Kitchen,2025-04-05
1969,Ubika Devi,50,Female,Coimbatore,Value Seeker,Sports & Outdoors,2024-11-30
1970,Qasim Prabhakar,51,Male,Chennai,Value Seeker,Toys & Games,2025-03-16
1971,Aarav Bobal,34,Male,Kochi,Value Seeker,Health & Wellness,2025-08-03
1972,Gaurangi Wali,51,Male,Lucknow,Luxury Enthusiast,Grocery & Gourmet,2024-09-05
1973,Chaman Sandhu,47,Female,Indore,Mainstream Buyer,Sports & Outdoors,2024-05-12
1974,Sarthak Buch,21,Male,Pune,Value Seeker,Health & Wellness,2025-12-11
1975,Christopher Varma,18,Female,Kochi,Budget Shopper,Books & Media,2025-11-06
1976,Charan Choudhry,38,Male,Chandigarh,Budget Shopper,Sports & Outdoors,2024-03-10
1977,Jasmit Shroff,34,Male,Chandigarh,Value Seeker,Home & Kitchen,2024-02-03
1978,Jasmit Peri,44,Male,Lucknow,Luxury Enthusiast,Sports & Outdoors,2025-09-23
1979,Ekalinga Jayaraman,37,Male,Pune,Mainstream Buyer,Electronics,2025-03-26
1980,Gaurika Khare,18,Female,Jaipur,Budget Shopper,Fashion,2025-01-24
1981,Vanya Kadakia,41,Female,Nagpur,Premium Buyer,Health & Wellness,2024-12-03
1982,Ekani Pandit,25,Female,Hyderabad,Value Seeker,Fashion,2024-05-09
1983,Yahvi Sampath,51,Male,Lucknow,Premium Buyer,Books & Media,2026-03-27
1984,Chatura Bhatnagar,35,Female,Indore,Budget Shopper,Fashion,2025-03-14
1985,Hemani Sethi,42,Female,Ahmedabad,Mainstream Buyer,Toys & Games,2025-12-17
1986,Yachana Vyas,46,Male,Chandigarh,Premium Buyer,Health & Wellness,2024-08-18
1987,Upma Wali,18,Female,Pune,Budget Shopper,Sports & Outdoors,2025-01-07
1988,Siya Pillai,42,Female,Chandigarh,Mainstream Buyer,Fashion,2024-08-22
1989,Raghav Shankar,52,Female,Coimbatore,Luxury Enthusiast,Electronics,2024-04-02
1990,Faris Raman,38,Female,Mumbai,Budget Shopper,Grocery & Gourmet,2024-07-16
1991,Bhavya Bose,46,Female,Chandigarh,Budget Shopper,Fashion,2024-05-19
1992,Nitesh Majumdar,21,Female,Lucknow,Mainstream Buyer,Beauty & Personal Care,2024-06-27
1993,Manbir Taneja,28,Female,Hyderabad,Value Seeker,Automotive,2024-12-12
1994,Samarth Verma,20,Other,Lucknow,Budget Shopper,Books & Media,2025-07-10
1995,Chaaya Saha,33,Male,Jaipur,Value Seeker,Automotive,2025-08-30
1996,Urvi Palan,37,Female,Nagpur,Mainstream Buyer,Automotive,2025-08-05
1997,Sachi Bail,29,Female,Chennai,Value Seeker,Toys & Games,2024-12-28
1998,Ranbir Bhatnagar,41,Male,Chennai,Value Seeker,Health & Wellness,2024-07-03
1999,Vincent Venkatesh,33,Female,Mumbai,Premium Buyer,Electronics,2025-08-02
2000,Nisha Oza,22,Female,Indore,Value Seeker,Home & Kitchen,2025-01-22
2001,Vedika Wagle,33,Female,Nagpur,Premium Buyer,Home & Kitchen,2025-06-21
2002,Tanvi Modi,28,Female,Lucknow,Value Seeker,Health & Wellness,2024-12-28
2003,Damini Garg,35,Male,Kolkata,Luxury Enthusiast,Toys & Games,2024-06-20
2004,Utkarsh Sule,36,Female,Bhubaneswar,Mainstream Buyer,Home & Kitchen,2025-06-23
2005,Bhavya Batta,25,Female,Chennai,Budget Shopper,Home & Kitchen,2025-07-06
2006,Ira Mane,35,Female,Lucknow,Premium Buyer,Automotive,2025-12-30
2007,Ojas Dyal,39,Male,Kochi,Value Seeker,Automotive,2025-04-05
2008,Qabil Gill,26,Male,Chandigarh,Budget Shopper,Electronics,2025-05-13
2009,Neel Khanna,36,Female,Nagpur,Budget Shopper,Beauty & Personal Care,2026-02-06
2010,Benjamin Nadig,35,Male,Kolkata,Mainstream Buyer,Books & Media,2024-02-04
2011,Ridhi Lad,26,Male,Delhi,Budget Shopper,Home & Kitchen,2024-05-14
2012,Qarin Jha,26,Female,Bengaluru,Value Seeker,Grocery & Gourmet,2025-10-10
2013,Edhitha Padmanabhan,26,Female,Lucknow,Budget Shopper,Grocery & Gourmet,2024-02-27
2014,Kashish Sen,38,Female,Kolkata,Value Seeker,Automotive,2025-10-27
2015,Charvi Dara,28,Female,Bengaluru,Value Seeker,Grocery & Gourmet,2025-06-16
2016,Nidhi Tata,36,Female,Chandigarh,Value Seeker,Automotive,2026-03-04
2017,Tara Nagarajan,24,Female,Coimbatore,Value Seeker,Beauty & Personal Care,2024-12-24
2018,Aayush Tripathi,33,Female,Bengaluru,Budget Shopper,Home & Kitchen,2025-04-21
2019,Chakrika Som,31,Female,Lucknow,Mainstream Buyer,Beauty & Personal Care,2025-11-01
2020,Manan Sathe,39,Female,Coimbatore,Value Seeker,Automotive,2025-10-12
2021,Isaiah Srinivas,37,Male,Nagpur,Mainstream Buyer,Toys & Games,2024-03-06
2022,Liam Dada,40,Male,Nagpur,Budget Shopper,Beauty & Personal Care,2024-10-17
2023,Aryan Ratti,18,Female,Nagpur,Budget Shopper,Grocery & Gourmet,2026-02-12
2024,Sanaya Parikh,18,Female,Bhubaneswar,Budget Shopper,Home & Kitchen,2026-02-28
2025,Eta Bhakta,26,Female,Indore,Value Seeker,Home & Kitchen,2026-04-28
2026,Tristan Mall,19,Female,Coimbatore,Value Seeker,Electronics,2025-11-19
2027,Arin Chacko,30,Female,Jaipur,Premium Buyer,Health & Wellness,2024-09-01
2028,Gagan Vala,37,Male,Indore,Value Seeker,Home & Kitchen,2026-05-06
2029,Robert Swaminathan,31,Female,Nagpur,Value Seeker,Grocery & Gourmet,2025-11-17
2030,Yasti Bhalla,32,Female,Delhi,Mainstream Buyer,Fashion,2026-05-24
2031,Mitali Divan,23,Male,Bengaluru,Budget Shopper,Electronics,2024-11-20
2032,Kala Raju,26,Female,Ahmedabad,Value Seeker,Toys & Games,2024-06-24
2033,Advik Mane,46,Female,Chennai,Value Seeker,Electronics,2025-03-09
2034,Indali Morar,25,Female,Jaipur,Value Seeker,Fashion,2024-04-02
2035,Gagan Kale,18,Male,Chennai,Budget Shopper,Beauty & Personal Care,2024-10-15
2036,Ojasvi Savant,50,Male,Indore,Premium Buyer,Books & Media,2024-08-08
2037,Nihal Samra,45,Female,Bhubaneswar,Luxury Enthusiast,Electronics,2025-09-20
2038,Liam Chadha,45,Female,Chennai,Budget Shopper,Fashion,2024-05-09
2039,Sarthak Mitter,32,Female,Indore,Mainstream Buyer,Beauty & Personal Care,2024-12-06
2040,Gautami Bhatti,44,Male,Delhi,Mainstream Buyer,Grocery & Gourmet,2026-04-13
2041,Gaurang Ahuja,41,Female,Indore,Value Seeker,Electronics,2026-04-17
2042,Anjali Sachdeva,38,Male,Lucknow,Premium Buyer,Home & Kitchen,2024-04-09
2043,Turvi Devan,30,Male,Lucknow,Mainstream Buyer,Fashion,2025-10-24
2044,Quincy Raj,49,Male,Ahmedabad,Premium Buyer,Beauty & Personal Care,2025-05-05
2045,Vritti Basak,52,Female,Delhi,Luxury Enthusiast,Home & Kitchen,2024-08-11
2046,Daksha Tak,18,Female,Chandigarh,Budget Shopper,Toys & Games,2024-08-04
2047,Udarsh Bala,21,Male,Delhi,Value Seeker,Electronics,2026-06-06
2048,Mitesh Lala,18,Female,Ahmedabad,Mainstream Buyer,Health & Wellness,2024-12-20
2049,Urmi Dash,32,Female,Bengaluru,Budget Shopper,Home & Kitchen,2024-03-26
2050,Omisha Gola,29,Female,Chandigarh,Value Seeker,Health & Wellness,2025-08-18
2051,Yash Balakrishnan,45,Female,Kochi,Luxury Enthusiast,Grocery & Gourmet,2025-02-24
2052,Aradhana Tailor,18,Female,Jaipur,Budget Shopper,Beauty & Personal Care,2025-11-03
2053,Janaki Srivastava,22,Male,Kolkata,Value Seeker,Beauty & Personal Care,2024-09-16
2054,Aarna Soni,38,Male,Indore,Premium Buyer,Health & Wellness,2026-03-16
2055,Kashvi Vala,25,Female,Hyderabad,Value Seeker,Health & Wellness,2025-03-17
2056,Aashi Gaba,33,Female,Lucknow,Value Seeker,Toys & Games,2025-06-22
2057,Madhav Nagarajan,52,Female,Nagpur,Luxury Enthusiast,Electronics,2024-11-27
2058,Krishna Parikh,52,Female,Chennai,Value Seeker,Health & Wellness,2025-04-09
2059,Chatresh Mahajan,26,Female,Coimbatore,Budget Shopper,Sports & Outdoors,2024-01-24
2060,Oni Parekh,37,Female,Chennai,Budget Shopper,Electronics,2024-01-23
2061,Bimala Manne,39,Female,Bhubaneswar,Luxury Enthusiast,Automotive,2025-10-16
2062,Yoshita Hari,18,Male,Bhubaneswar,Value Seeker,Electronics,2026-05-28
2063,Girindra Ganesh,28,Female,Kolkata,Value Seeker,Beauty & Personal Care,2025-04-11
2064,Diya Mitra,18,Female,Hyderabad,Budget Shopper,Electronics,2025-01-12
2065,Janani Char,32,Male,Delhi,Value Seeker,Sports & Outdoors,2024-08-19
2066,Maanas Arya,39,Male,Lucknow,Luxury Enthusiast,Automotive,2025-03-12
2067,Zarna Manda,18,Female,Bhubaneswar,Value Seeker,Fashion,2025-01-16
2068,Vedhika Sabharwal,62,Female,Bengaluru,Luxury Enthusiast,Fashion,2026-06-10
2069,Nicholas Chaudry,22,Male,Chandigarh,Budget Shopper,Health & Wellness,2024-08-09
2070,Mohammed Thakur,18,Male,Indore,Value Seeker,Fashion,2025-09-05
2071,Raghav Vora,51,Male,Ahmedabad,Premium Buyer,Fashion,2025-07-18
2072,Omisha Sharma,25,Male,Hyderabad,Value Seeker,Books & Media,2025-06-13
2073,Jackson Deep,41,Female,Coimbatore,Value Seeker,Home & Kitchen,2026-04-27
2074,Varsha Pall,36,Female,Kochi,Premium Buyer,Health & Wellness,2025-04-09
2075,Janani Dewan,27,Female,Indore,Value Seeker,Fashion,2025-07-21
2076,Hema Gera,35,Male,Kochi,Value Seeker,Books & Media,2025-12-01
2077,Ayush Dani,52,Male,Mumbai,Luxury Enthusiast,Health & Wellness,2025-11-20
2078,Kabir Dhar,33,Male,Hyderabad,Budget Shopper,Grocery & Gourmet,2026-05-31
2079,Damyanti Dass,31,Female,Pune,Value Seeker,Electronics,2024-04-18
2080,Kalpit Brar,31,Female,Ahmedabad,Budget Shopper,Fashion,2025-10-08
2081,Isaac Brahmbhatt,38,Male,Kolkata,Value Seeker,Fashion,2024-04-30
2082,Veda Sankar,28,Other,Bhubaneswar,Budget Shopper,Health & Wellness,2024-06-04
2083,Ronith Chokshi,35,Male,Chennai,Mainstream Buyer,Home & Kitchen,2025-05-13
2084,Yochana Bhargava,18,Male,Coimbatore,Budget Shopper,Electronics,2024-06-29
2085,Jagat Kulkarni,42,Female,Kolkata,Mainstream Buyer,Beauty & Personal Care,2025-12-21
2086,Dominic Mitra,32,Male,Nagpur,Value Seeker,Home & Kitchen,2026-01-18
2087,Gopal Dasgupta,28,Female,Bhubaneswar,Value Seeker,Fashion,2024-04-08
2088,Ryan Goyal,43,Male,Indore,Value Seeker,Sports & Outdoors,2024-11-23
2089,Ayush Chana,24,Female,Indore,Mainstream Buyer,Health & Wellness,2024-10-15
2090,Arunima Pall,46,Male,Coimbatore,Value Seeker,Home & Kitchen,2024-03-17
2091,Naveen Tella,31,Male,Kochi,Value Seeker,Health & Wellness,2026-06-18
2092,Yashasvi Bir,45,Male,Kochi,Premium Buyer,Toys & Games,2026-01-26
2093,Akshay Wadhwa,33,Female,Mumbai,Mainstream Buyer,Beauty & Personal Care,2024-02-11
2094,Rehaan Manda,18,Female,Bhubaneswar,Budget Shopper,Toys & Games,2026-03-06
2095,Aayush Chaudhary,41,Female,Nagpur,Premium Buyer,Beauty & Personal Care,2025-05-21
2096,Yamini Soman,35,Male,Jaipur,Value Seeker,Home & Kitchen,2026-06-10
2097,Qasim Sarraf,33,Male,Chandigarh,Budget Shopper,Home & Kitchen,2025-09-09
2098,Pratyush Pant,30,Male,Pune,Value Seeker,Electronics,2026-01-25
2099,Panini Kala,18,Female,Delhi,Budget Shopper,Toys & Games,2025-11-11
2100,Nikita Chowdhury,18,Male,Chandigarh,Budget Shopper,Electronics,2024-06-24
2101,Jatin Shukla,55,Male,Jaipur,Mainstream Buyer,Fashion,2025-10-24
2102,Zinal Deshpande,18,Female,Nagpur,Budget Shopper,Electronics,2024-06-24
2103,Jalsa Mani,55,Female,Hyderabad,Premium Buyer,Electronics,2024-04-12
2104,Fitan Narang,38,Male,Ahmedabad,Luxury Enthusiast,Health & Wellness,2025-02-26
2105,Jack Rajan,35,Male,Coimbatore,Mainstream Buyer,Electronics,2025-02-28
2106,Tanmayi Muni,42,Male,Bengaluru,Mainstream Buyer,Toys & Games,2025-09-02
2107,Upkaar Reddy,29,Female,Nagpur,Mainstream Buyer,Beauty & Personal Care,2024-11-04
2108,Priya Gulati,61,Male,Kochi,Luxury Enthusiast,Fashion,2024-06-30
2109,Vamakshi Pillai,32,Female,Bengaluru,Value Seeker,Home & Kitchen,2024-05-10
2110,Agastya Swamy,31,Male,Lucknow,Budget Shopper,Electronics,2026-01-05
2111,Meghana Sarma,29,Female,Bhubaneswar,Value Seeker,Beauty & Personal Care,2024-10-17
2112,Jagdish Dhar,37,Female,Kolkata,Value Seeker,Automotive,2026-02-24
2113,Nandini Chaudry,41,Male,Kochi,Budget Shopper,Toys & Games,2025-04-13
2114,Dhruv Patla,35,Male,Lucknow,Mainstream Buyer,Automotive,2026-04-11
2115,Hamsini Iyer,42,Male,Bengaluru,Budget Shopper,Toys & Games,2025-02-18
2116,Jason Kaul,37,Female,Jaipur,Premium Buyer,Health & Wellness,2024-05-21
2117,Xalak Mallick,38,Female,Jaipur,Value Seeker,Fashion,2024-06-21
2118,Mugdha Parekh,31,Female,Chennai,Budget Shopper,Fashion,2024-09-22
2119,Nidhi Sundaram,18,Male,Chennai,Budget Shopper,Sports & Outdoors,2025-01-24
2120,Manan Sha,28,Male,Coimbatore,Budget Shopper,Books & Media,2024-12-12
2121,Jason Krishna,32,Female,Indore,Value Seeker,Grocery & Gourmet,2026-04-01
2122,Widisha Kashyap,19,Female,Pune,Budget Shopper,Fashion,2024-09-10
2123,Ayushman Chaudhary,35,Female,Bengaluru,Value Seeker,Fashion,2024-10-22
2124,Ekansh Tara,28,Female,Indore,Budget Shopper,Grocery & Gourmet,2026-02-21
2125,Praneel Raja,31,Female,Bengaluru,Value Seeker,Books & Media,2024-12-05
2126,Michael Mitter,31,Female,Mumbai,Value Seeker,Sports & Outdoors,2025-07-17
2127,Faraj Venkatesh,31,Female,Kolkata,Value Seeker,Home & Kitchen,2025-03-27
2128,Unnati Jaggi,28,Female,Chandigarh,Value Seeker,Toys & Games,2024-06-24
2129,Widisha Swaminathan,28,Female,Indore,Budget Shopper,Automotive,2025-09-12
2130,Hemal Zachariah,21,Other,Chennai,Budget Shopper,Electronics,2024-03-23
2131,Azad Sani,50,Male,Jaipur,Budget Shopper,Electronics,2025-06-18
2132,Leela Sengupta,24,Female,Nagpur,Mainstream Buyer,Grocery & Gourmet,2025-03-23
2133,Krisha Savant,41,Female,Lucknow,Luxury Enthusiast,Automotive,2026-06-04
2134,Balendra Bali,38,Male,Indore,Premium Buyer,Home & Kitchen,2026-03-12
2135,Chavvi Gala,50,Female,Delhi,Value Seeker,Grocery & Gourmet,2025-10-19
2136,Raagini Desai,20,Male,Hyderabad,Value Seeker,Automotive,2024-01-27
2137,Lopa Sura,35,Male,Delhi,Value Seeker,Fashion,2025-11-07
2138,Vritti Zacharia,39,Male,Nagpur,Mainstream Buyer,Fashion,2025-07-08
2139,Vamakshi Dugar,40,Female,Kolkata,Mainstream Buyer,Fashion,2024-05-19
2140,Mahika Lall,54,Female,Ahmedabad,Premium Buyer,Grocery & Gourmet,2025-09-15
2141,Krishna Pandit,53,Female,Jaipur,Premium Buyer,Grocery & Gourmet,2024-06-25
2142,Ekani Bhat,27,Male,Jaipur,Value Seeker,Fashion,2026-03-14
2143,Chakradev Dave,38,Female,Mumbai,Mainstream Buyer,Fashion,2026-03-02
2144,Ikshita Bala,26,Male,Bhubaneswar,Premium Buyer,Toys & Games,2026-06-19
2145,Lajita Chatterjee,32,Male,Pune,Value Seeker,Automotive,2026-03-09
2146,Hemani Parikh,35,Male,Bhubaneswar,Premium Buyer,Grocery & Gourmet,2024-12-31
2147,Indali Bhalla,25,Female,Indore,Budget Shopper,Fashion,2026-04-09
2148,Yug Keer,31,Male,Lucknow,Luxury Enthusiast,Beauty & Personal Care,2024-12-23
2149,Frado Bhatti,40,Female,Lucknow,Mainstream Buyer,Electronics,2025-01-04
2150,Ishwar Nazareth,18,Female,Nagpur,Budget Shopper,Home & Kitchen,2025-12-01
2151,Anmol Yohannan,38,Male,Chennai,Mainstream Buyer,Books & Media,2026-05-28
2152,Baljiwan Sharma,18,Female,Kolkata,Budget Shopper,Beauty & Personal Care,2026-02-04
2153,Yutika Sama,29,Male,Coimbatore,Mainstream Buyer,Toys & Games,2026-02-21
2154,Anmol Singh,53,Male,Hyderabad,Premium Buyer,Home & Kitchen,2025-03-10
2155,Edhitha Purohit,42,Male,Indore,Mainstream Buyer,Books & Media,2024-03-10
2156,Ekantika Chaudhari,53,Female,Mumbai,Premium Buyer,Toys & Games,2025-06-01
2157,Harish Jha,41,Female,Bhubaneswar,Budget Shopper,Fashion,2024-12-04
2158,Watika Thakkar,25,Female,Kolkata,Value Seeker,Electronics,2025-09-29
2159,Ojas Mistry,45,Female,Mumbai,Value Seeker,Beauty & Personal Care,2026-04-08
2160,Rajata Jaggi,18,Male,Kochi,Budget Shopper,Electronics,2025-12-15
2161,Faqid Wason,38,Female,Chennai,Value Seeker,Fashion,2025-04-23
2162,Bhavna Lanka,27,Male,Chennai,Value Seeker,Home & Kitchen,2024-05-14
2163,Chameli Ratti,23,Male,Ahmedabad,Value Seeker,Beauty & Personal Care,2025-11-18
2164,George Chandran,37,Other,Kochi,Value Seeker,Home & Kitchen,2024-01-22
2165,Anjali Bhavsar,51,Male,Bengaluru,Premium Buyer,Electronics,2024-11-29
2166,Prisha Kadakia,40,Male,Mumbai,Value Seeker,Fashion,2025-08-13
2167,Faraj Mittal,44,Male,Ahmedabad,Premium Buyer,Automotive,2024-12-14
2168,Rachita Zacharia,33,Male,Kolkata,Value Seeker,Grocery & Gourmet,2024-10-07
2169,Ryan Sachdeva,36,Female,Kochi,Value Seeker,Sports & Outdoors,2024-10-18
2170,Zayan Varma,34,Female,Lucknow,Value Seeker,Electronics,2024-05-08
2171,Pranit Bahl,36,Female,Kochi,Value Seeker,Beauty & Personal Care,2024-11-08
2172,Xalak Kala,28,Male,Delhi,Budget Shopper,Health & Wellness,2026-06-06
2173,Amrita Walia,39,Female,Nagpur,Value Seeker,Automotive,2025-07-24
2174,Darpan Vig,18,Female,Lucknow,Budget Shopper,Grocery & Gourmet,2024-03-31
2175,Janya Shere,30,Female,Mumbai,Value Seeker,Home & Kitchen,2025-12-25
2176,Wridesh Dora,24,Female,Indore,Mainstream Buyer,Sports & Outdoors,2025-04-05
2177,Radhika Roy,34,Female,Bhubaneswar,Value Seeker,Electronics,2025-04-04
2178,Devansh Jani,57,Female,Kochi,Premium Buyer,Automotive,2025-02-12
2179,Amara Mangat,22,Female,Chandigarh,Budget Shopper,Fashion,2024-05-05
2180,Aahana Keer,48,Male,Bhubaneswar,Luxury Enthusiast,Toys & Games,2025-02-27
2181,William Comar,49,Male,Nagpur,Premium Buyer,Home & Kitchen,2026-06-30
2182,Rehaan Bala,28,Female,Nagpur,Luxury Enthusiast,Books & Media,2025-11-23
2183,Dayita Shetty,38,Male,Hyderabad,Premium Buyer,Automotive,2024-12-06
2184,Rajata Sami,30,Male,Mumbai,Budget Shopper,Beauty & Personal Care,2024-07-23
2185,Saksham Dutta,18,Female,Coimbatore,Value Seeker,Electronics,2024-11-22
2186,Laban Balakrishnan,18,Male,Coimbatore,Budget Shopper,Toys & Games,2024-09-06
2187,Arunima Goda,52,Male,Kochi,Premium Buyer,Books & Media,2025-11-25
2188,Vedika Bahri,46,Female,Hyderabad,Mainstream Buyer,Fashion,2026-04-05
2189,Fiyaz Murthy,35,Male,Nagpur,Value Seeker,Electronics,2024-02-23
2190,Devansh Ray,50,Male,Pune,Premium Buyer,Books & Media,2025-02-06
2191,Gautam Ranganathan,28,Male,Lucknow,Budget Shopper,Toys & Games,2024-08-31
2192,Warinder Choudhury,41,Male,Kochi,Mainstream Buyer,Fashion,2024-02-15
2193,Zayan Taneja,34,Male,Bhubaneswar,Mainstream Buyer,Books & Media,2026-01-16
2194,Wazir Das,28,Female,Lucknow,Budget Shopper,Sports & Outdoors,2024-05-03
2195,Forum Ramakrishnan,31,Male,Coimbatore,Mainstream Buyer,Fashion,2025-08-03
2196,Pallavi Kamdar,54,Male,Chandigarh,Premium Buyer,Toys & Games,2024-12-11
2197,Hredhaan Gill,40,Female,Mumbai,Budget Shopper,Toys & Games,2025-07-16
2198,Anvi Sarraf,44,Male,Lucknow,Value Seeker,Fashion,2026-01-02
2199,Aachal Bhalla,23,Male,Kochi,Budget Shopper,Toys & Games,2024-04-26
2200,Kavya Chowdhury,28,Male,Indore,Mainstream Buyer,Home & Kitchen,2025-08-20
2201,Pallavi Soman,38,Male,Hyderabad,Budget Shopper,Books & Media,2026-06-08
2202,Arunima Dhillon,51,Male,Kochi,Luxury Enthusiast,Automotive,2026-02-14
2203,Vaishnavi Pillai,45,Male,Chennai,Premium Buyer,Health & Wellness,2024-02-11
2204,Ansh Banerjee,21,Female,Delhi,Budget Shopper,Home & Kitchen,2024-06-17
2205,Wriddhish Kulkarni,35,Other,Kochi,Value Seeker,Beauty & Personal Care,2024-11-06
2206,Dayamai Patil,27,Female,Mumbai,Mainstream Buyer,Electronics,2024-07-26
2207,Warjas Savant,42,Male,Delhi,Mainstream Buyer,Health & Wellness,2024-11-20
2208,Abhiram Ramaswamy,44,Female,Jaipur,Value Seeker,Beauty & Personal Care,2024-03-29
2209,Charvi Chana,41,Female,Bhubaneswar,Budget Shopper,Automotive,2026-04-01
2210,Chameli Kade,33,Male,Lucknow,Budget Shopper,Health & Wellness,2026-05-04
2211,Reva Nadig,34,Female,Mumbai,Luxury Enthusiast,Sports & Outdoors,2024-10-10
2212,Bahadurjit Mahal,33,Female,Delhi,Value Seeker,Toys & Games,2024-02-08
2213,Vyanjana Sinha,62,Male,Pune,Premium Buyer,Sports & Outdoors,2025-01-20
2214,Gaurangi Sami,24,Female,Pune,Value Seeker,Books & Media,2024-02-07
2215,Naveen Lal,42,Male,Mumbai,Premium Buyer,Home & Kitchen,2025-07-03
2216,Indira Salvi,39,Male,Chennai,Budget Shopper,Automotive,2024-10-28
2217,Sudiksha Bala,32,Male,Bengaluru,Budget Shopper,Fashion,2025-03-27
2218,Qarin Sawhney,65,Male,Kochi,Premium Buyer,Toys & Games,2024-04-24
2219,Aarush Rattan,40,Female,Coimbatore,Luxury Enthusiast,Health & Wellness,2024-11-22
2220,Dalaja Murthy,23,Female,Pune,Value Seeker,Automotive,2025-05-30
2221,Indrajit Dugar,43,Male,Kochi,Value Seeker,Grocery & Gourmet,2025-11-21
2222,Zaitra De,21,Female,Hyderabad,Value Seeker,Toys & Games,2025-09-20
2223,Ekaja Seth,30,Female,Chandigarh,Value Seeker,Health & Wellness,2026-04-24
2224,Kiaan Lad,26,Female,Mumbai,Budget Shopper,Automotive,2026-02-11
2225,Falak Manda,52,Female,Jaipur,Premium Buyer,Home & Kitchen,2025-03-27
2226,Frado Sachdeva,32,Female,Kolkata,Budget Shopper,Toys & Games,2026-06-02
2227,Qabil Ramaswamy,41,Female,Ahmedabad,Mainstream Buyer,Sports & Outdoors,2025-04-30
2228,Udarsh Bail,23,Male,Jaipur,Budget Shopper,Home & Kitchen,2026-05-23
2229,Veer Chakraborty,37,Female,Coimbatore,Budget Shopper,Automotive,2026-02-04
2230,Rushil Lala,72,Male,Bhubaneswar,Mainstream Buyer,Electronics,2024-10-13
2231,Chandran Rattan,38,Male,Jaipur,Value Seeker,Fashion,2026-06-04
2232,Abha Dixit,37,Male,Hyderabad,Mainstream Buyer,Fashion,2025-08-30
2233,Jhalak Garde,18,Male,Jaipur,Budget Shopper,Home & Kitchen,2026-01-09
2234,Akshay Vora,41,Female,Jaipur,Luxury Enthusiast,Books & Media,2026-05-13
2235,Sudiksha Talwar,35,Female,Chandigarh,Mainstream Buyer,Health & Wellness,2025-12-24
2236,Udarsh Jani,38,Female,Kochi,Premium Buyer,Health & Wellness,2026-03-21
2237,Amaira Mani,26,Female,Chandigarh,Budget Shopper,Health & Wellness,2026-04-19
2238,Lavanya De,48,Male,Coimbatore,Value Seeker,Grocery & Gourmet,2024-11-05
2239,Samuel Kale,43,Female,Kochi,Value Seeker,Sports & Outdoors,2026-03-09
2240,Ranbir Sahota,30,Male,Kolkata,Value Seeker,Grocery & Gourmet,2024-03-03
2241,Nilima Dhingra,21,Male,Chennai,Value Seeker,Home & Kitchen,2025-04-16
2242,Bina Lala,39,Female,Delhi,Budget Shopper,Toys & Games,2025-06-26
2243,Shravya Kothari,31,Female,Jaipur,Value Seeker,Electronics,2024-04-29
2244,Tara Chada,18,Male,Bhubaneswar,Budget Shopper,Health & Wellness,2024-07-27
2245,Upasna Deol,38,Male,Mumbai,Value Seeker,Health & Wellness,2025-06-15
2246,Mitali Kala,36,Male,Nagpur,Budget Shopper,Grocery & Gourmet,2024-01-31
2247,Pallavi Kunda,18,Female,Chandigarh,Value Seeker,Fashion,2025-03-07
2248,Girish Bhargava,29,Male,Ahmedabad,Mainstream Buyer,Home & Kitchen,2024-09-27
2249,Gaurangi Keer,31,Male,Kolkata,Value Seeker,Grocery & Gourmet,2024-02-04
2250,Irya Bath,38,Female,Kochi,Value Seeker,Sports & Outdoors,2024-09-14
2251,Zehaan Thaman,27,Female,Chandigarh,Value Seeker,Books & Media,2025-01-12
2252,Chasmum Rana,29,Male,Mumbai,Mainstream Buyer,Sports & Outdoors,2024-12-20
2253,Kevin Barman,38,Female,Ahmedabad,Value Seeker,Automotive,2024-11-16
2254,Abha Gara,32,Male,Mumbai,Mainstream Buyer,Fashion,2024-01-28
2255,Harinakshi Sidhu,51,Male,Coimbatore,Luxury Enthusiast,Sports & Outdoors,2024-10-04
2256,Gaurav Nadig,21,Female,Delhi,Value Seeker,Home & Kitchen,2025-10-02
2257,Lucky Lad,30,Male,Kolkata,Premium Buyer,Toys & Games,2026-06-11
2258,Dhriti Basu,49,Male,Lucknow,Premium Buyer,Home & Kitchen,2024-07-22
2259,Xalak Mand,29,Female,Indore,Budget Shopper,Home & Kitchen,2025-04-15
2260,Qushi Mandal,40,Female,Hyderabad,Value Seeker,Fashion,2025-06-20
2261,Aishani Varughese,32,Female,Jaipur,Mainstream Buyer,Automotive,2024-03-06
2262,Rajata Gala,39,Female,Bengaluru,Luxury Enthusiast,Home & Kitchen,2026-02-10
2263,Vyanjana Dora,44,Male,Kochi,Value Seeker,Automotive,2026-05-28
2264,Chatresh Gulati,18,Female,Mumbai,Budget Shopper,Health & Wellness,2024-08-30
2265,Chatura Karpe,48,Male,Chandigarh,Mainstream Buyer,Health & Wellness,2024-03-16
2266,Balendra Singhal,38,Female,Mumbai,Budget Shopper,Beauty & Personal Care,2024-06-10
2267,Nihal Sibal,44,Male,Kochi,Mainstream Buyer,Toys & Games,2024-05-03
2268,Jack Talwar,25,Male,Pune,Value Seeker,Automotive,2024-05-10
2269,Riya Parikh,29,Male,Hyderabad,Mainstream Buyer,Electronics,2024-10-18
2270,Tanvi Tailor,41,Female,Jaipur,Premium Buyer,Electronics,2024-03-18
2271,Manbir Dasgupta,25,Male,Bengaluru,Mainstream Buyer,Home & Kitchen,2025-08-26
2272,Girik Jani,28,Female,Kochi,Mainstream Buyer,Health & Wellness,2024-08-25
2273,Pranit Ganguly,42,Female,Coimbatore,Mainstream Buyer,Electronics,2026-04-08
2274,Simon Agrawal,48,Female,Ahmedabad,Premium Buyer,Grocery & Gourmet,2025-03-10
2275,Omaja Bose,33,Male,Kolkata,Premium Buyer,Automotive,2025-10-10
2276,Wishi Chandra,33,Male,Ahmedabad,Budget Shopper,Health & Wellness,2024-03-03
2277,Atharv Mane,41,Female,Nagpur,Mainstream Buyer,Books & Media,2025-06-01
2278,Meera Prakash,40,Female,Indore,Budget Shopper,Books & Media,2025-12-23
2279,Ekiya Dube,48,Male,Mumbai,Premium Buyer,Grocery & Gourmet,2025-01-31
2280,Finn Sharma,46,Female,Chennai,Mainstream Buyer,Toys & Games,2026-04-22
2281,Sudiksha Luthra,36,Male,Mumbai,Value Seeker,Grocery & Gourmet,2026-03-08
2282,Forum Bassi,35,Male,Hyderabad,Budget Shopper,Beauty & Personal Care,2025-06-05
2283,Ekta Dayal,20,Male,Indore,Value Seeker,Health & Wellness,2024-12-07
2284,Chanakya Mandal,35,Male,Chandigarh,Mainstream Buyer,Sports & Outdoors,2025-01-20
2285,Christopher Bobal,26,Male,Ahmedabad,Budget Shopper,Home & Kitchen,2026-05-11
2286,George Rastogi,24,Female,Lucknow,Budget Shopper,Grocery & Gourmet,2024-10-23
2287,Pranav Khatri,46,Male,Kolkata,Premium Buyer,Toys & Games,2026-05-09
2288,Gaurav Bail,42,Female,Ahmedabad,Mainstream Buyer,Electronics,2024-06-23
2289,Nicholas Rama,30,Female,Chandigarh,Budget Shopper,Fashion,2026-05-26
2290,Bhavani Dube,30,Female,Chennai,Value Seeker,Electronics,2026-06-06
2291,Chanchal Swaminathan,40,Male,Kolkata,Luxury Enthusiast,Books & Media,2025-03-19
2292,Dayita Deep,46,Female,Bengaluru,Mainstream Buyer,Automotive,2024-07-05
2293,Gopal Pillai,40,Male,Hyderabad,Mainstream Buyer,Beauty & Personal Care,2024-08-07
2294,Vrishti Sehgal,22,Female,Mumbai,Value Seeker,Fashion,2025-01-03
2295,Vamakshi Loyal,30,Male,Chandigarh,Value Seeker,Automotive,2026-01-20
2296,Gautam Sami,18,Female,Chandigarh,Budget Shopper,Grocery & Gourmet,2024-02-19
2297,Quincy Saraf,37,Male,Pune,Mainstream Buyer,Books & Media,2026-06-12
2298,Girik Baria,25,Female,Kochi,Budget Shopper,Fashion,2025-08-20
2299,Ubika Kapur,21,Male,Hyderabad,Budget Shopper,Toys & Games,2024-08-17
2300,Warhi Vyas,51,Male,Mumbai,Mainstream Buyer,Beauty & Personal Care,2024-12-19
2301,Bina Sidhu,36,Female,Jaipur,Luxury Enthusiast,Home & Kitchen,2024-07-15
2302,Fariq Sridhar,43,Male,Bengaluru,Mainstream Buyer,Home & Kitchen,2024-08-06
2303,Manthan Datta,51,Female,Chandigarh,Value Seeker,Electronics,2024-03-02
2304,Yuvraj Virk,41,Female,Chennai,Value Seeker,Sports & Outdoors,2025-03-20
2305,Chakrika Batta,31,Female,Lucknow,Value Seeker,Grocery & Gourmet,2024-06-18
2306,Chakradev Varghese,21,Female,Chennai,Value Seeker,Automotive,2026-02-09
2307,Yashvi Sandal,19,Female,Bengaluru,Value Seeker,Grocery & Gourmet,2026-01-24
2308,Girindra Shetty,28,Female,Jaipur,Value Seeker,Automotive,2026-05-16
2309,Isha Kumar,30,Male,Bengaluru,Mainstream Buyer,Health & Wellness,2025-12-27
2310,Yahvi Babu,36,Female,Pune,Premium Buyer,Home & Kitchen,2026-03-22
2311,Turvi Gola,44,Female,Chennai,Luxury Enthusiast,Sports & Outdoors,2024-06-15
2312,Maya Bath,26,Male,Bhubaneswar,Budget Shopper,Beauty & Personal Care,2025-04-09
2313,Omaja Mishra,36,Male,Jaipur,Value Seeker,Toys & Games,2025-05-25
2314,Suhani Sengupta,18,Male,Lucknow,Budget Shopper,Automotive,2024-11-29
2315,Harita Grover,25,Female,Kochi,Value Seeker,Automotive,2025-08-09
2316,Qasim Brar,30,Male,Bhubaneswar,Value Seeker,Electronics,2025-01-30
2317,Hitesh Saraf,25,Female,Ahmedabad,Budget Shopper,Books & Media,2026-06-27
2318,Abdul Rana,53,Female,Chandigarh,Mainstream Buyer,Fashion,2024-09-23
2319,Agastya Garg,34,Female,Bhubaneswar,Value Seeker,Beauty & Personal Care,2024-05-03
2320,Triveni Ravel,28,Male,Bhubaneswar,Premium Buyer,Sports & Outdoors,2026-05-26
2321,Chavvi Patel,30,Female,Lucknow,Budget Shopper,Toys & Games,2026-04-19
2322,Chasmum Chahal,31,Female,Nagpur,Budget Shopper,Grocery & Gourmet,2026-02-27
2323,Krishna Atwal,30,Male,Lucknow,Value Seeker,Health & Wellness,2024-12-27
2324,Isaac Babu,18,Male,Chennai,Budget Shopper,Beauty & Personal Care,2024-08-11
2325,Avi Kadakia,47,Male,Bengaluru,Value Seeker,Books & Media,2024-06-16
2326,Maanav Khurana,37,Female,Hyderabad,Luxury Enthusiast,Electronics,2024-07-24
2327,Rayaan Chadha,32,Male,Kochi,Budget Shopper,Fashion,2025-01-24
2328,Ubika Divan,28,Male,Bengaluru,Budget Shopper,Health & Wellness,2024-10-03
2329,Pahal Bains,42,Male,Hyderabad,Mainstream Buyer,Health & Wellness,2025-10-20
2330,Ojas Dua,47,Male,Coimbatore,Value Seeker,Health & Wellness,2024-08-25
2331,Vedhika Sinha,42,Male,Kolkata,Mainstream Buyer,Home & Kitchen,2026-01-16
2332,Shivani Kibe,26,Female,Coimbatore,Value Seeker,Toys & Games,2024-02-10
2333,Chaitaly Ramanathan,52,Male,Nagpur,Premium Buyer,Home & Kitchen,2026-05-24
2334,Gauri Anand,21,Female,Delhi,Budget Shopper,Toys & Games,2024-02-27
2335,Rachana Sagar,33,Male,Coimbatore,Value Seeker,Sports & Outdoors,2025-05-10
2336,Bina Bansal,25,Male,Chandigarh,Mainstream Buyer,Health & Wellness,2024-11-24
2337,Mugdha Sunder,33,Female,Bengaluru,Premium Buyer,Beauty & Personal Care,2026-02-06
2338,Vincent Bhat,32,Female,Indore,Value Seeker,Toys & Games,2025-09-15
2339,Pahal Mutti,40,Female,Jaipur,Mainstream Buyer,Toys & Games,2024-05-11
2340,Amrita Sahni,18,Male,Coimbatore,Budget Shopper,Grocery & Gourmet,2026-06-18
2341,Jackson Talwar,31,Female,Mumbai,Budget Shopper,Electronics,2026-01-08
2342,Saumya Sarin,19,Female,Pune,Budget Shopper,Sports & Outdoors,2024-12-06
2343,Neel Mani,48,Male,Kolkata,Mainstream Buyer,Sports & Outdoors,2024-07-03
2344,Upasna Padmanabhan,28,Female,Bengaluru,Value Seeker,Home & Kitchen,2025-06-05
2345,Vincent Tripathi,26,Male,Indore,Mainstream Buyer,Automotive,2026-04-12
2346,Harinakshi Sidhu,27,Male,Jaipur,Budget Shopper,Automotive,2026-02-17
2347,Chaaya Ramakrishnan,34,Female,Bhubaneswar,Premium Buyer,Electronics,2024-04-16
2348,Jagvi Sodhi,54,Female,Bengaluru,Premium Buyer,Toys & Games,2025-12-18
2349,Sarthak Mandal,27,Female,Lucknow,Budget Shopper,Automotive,2025-01-23
2350,Vasudha Dayal,25,Female,Kochi,Budget Shopper,Home & Kitchen,2024-03-05
2351,Ryan Dugar,32,Male,Coimbatore,Budget Shopper,Toys & Games,2025-07-26
2352,Harrison Sagar,33,Female,Chennai,Premium Buyer,Toys & Games,2026-05-02
2353,Chavvi Keer,18,Other,Lucknow,Budget Shopper,Electronics,2024-06-25
2354,Champak Badami,40,Male,Hyderabad,Mainstream Buyer,Automotive,2024-07-18
2355,Advika Parikh,22,Male,Indore,Value Seeker,Grocery & Gourmet,2024-11-18
2356,Owen Thakur,33,Female,Ahmedabad,Premium Buyer,Home & Kitchen,2024-04-05
2357,Devansh Nazareth,39,Male,Ahmedabad,Value Seeker,Beauty & Personal Care,2024-07-28
2358,Ishaan Karan,36,Female,Kochi,Value Seeker,Grocery & Gourmet,2024-10-16
2359,Udarsh Sur,35,Female,Delhi,Luxury Enthusiast,Automotive,2025-09-02
2360,Harini Pant,21,Female,Kolkata,Budget Shopper,Electronics,2026-05-06
2361,Amara Dora,34,Female,Hyderabad,Premium Buyer,Beauty & Personal Care,2024-09-12
2362,Chandresh Sarma,42,Female,Nagpur,Budget Shopper,Toys & Games,2024-05-26
2363,Indrajit Cherian,40,Female,Pune,Value Seeker,Fashion,2024-10-09
2364,Benjamin Tripathi,39,Male,Mumbai,Premium Buyer,Health & Wellness,2024-11-16
2365,Oliver Dalal,42,Female,Mumbai,Mainstream Buyer,Home & Kitchen,2024-09-18
2366,Janaki Dugar,24,Female,Bhubaneswar,Mainstream Buyer,Automotive,2025-10-23
2367,Riya Toor,25,Female,Bengaluru,Value Seeker,Electronics,2026-03-17
2368,Hardik Dube,32,Female,Mumbai,Value Seeker,Automotive,2024-12-08
2369,Gaurika Devi,36,Female,Hyderabad,Value Seeker,Electronics,2024-02-28
2370,Saksham Sarna,31,Female,Hyderabad,Value Seeker,Toys & Games,2026-02-27
2371,Abeer Korpal,34,Female,Delhi,Value Seeker,Beauty & Personal Care,2026-04-27
2372,Harita Mangat,32,Female,Nagpur,Value Seeker,Sports & Outdoors,2024-09-28
2373,Frederick Lata,30,Female,Mumbai,Value Seeker,Fashion,2025-06-13
2374,Oeshi Patel,24,Male,Lucknow,Budget Shopper,Toys & Games,2024-04-04
2375,Max Wagle,28,Male,Chandigarh,Value Seeker,Toys & Games,2025-04-29
2376,Vedant Devi,29,Female,Coimbatore,Budget Shopper,Beauty & Personal Care,2025-03-15
2377,Odika Rout,46,Male,Bengaluru,Premium Buyer,Sports & Outdoors,2026-05-06
2378,Zaitra Pathak,38,Male,Lucknow,Mainstream Buyer,Books & Media,2024-02-20
2379,Saanvi Dhingra,18,Male,Kolkata,Budget Shopper,Toys & Games,2025-09-04
2380,Zansi Boase,28,Female,Pune,Mainstream Buyer,Books & Media,2025-05-30
2381,Hamsini Murty,46,Female,Chennai,Premium Buyer,Electronics,2024-12-08
2382,Nitesh Saraf,40,Female,Indore,Budget Shopper,Books & Media,2024-05-15
2383,Maya Bansal,28,Female,Kochi,Budget Shopper,Beauty & Personal Care,2024-07-11
2384,Dalbir Venkatesh,23,Female,Bengaluru,Budget Shopper,Sports & Outdoors,2024-07-30
2385,Oni Ratti,29,Male,Pune,Budget Shopper,Beauty & Personal Care,2026-03-27
2386,Dipta Padmanabhan,26,Male,Indore,Mainstream Buyer,Beauty & Personal Care,2026-04-11
2387,Ati Wable,58,Male,Nagpur,Luxury Enthusiast,Home & Kitchen,2024-06-08
2388,Netra Sehgal,28,Male,Nagpur,Budget Shopper,Beauty & Personal Care,2024-03-27
2389,Riya Pai,30,Female,Bengaluru,Mainstream Buyer,Grocery & Gourmet,2024-12-13
2390,Rudra Mitra,25,Male,Chandigarh,Budget Shopper,Home & Kitchen,2024-03-29
2391,Balhaar Yogi,32,Female,Kochi,Mainstream Buyer,Grocery & Gourmet,2025-09-16
2392,Madhavi Date,48,Female,Lucknow,Mainstream Buyer,Sports & Outdoors,2025-08-16
2393,Tanay Chander,30,Male,Pune,Value Seeker,Toys & Games,2026-01-28
2394,Harini Dutta,28,Other,Coimbatore,Budget Shopper,Fashion,2024-07-12
2395,Ayaan Zacharia,42,Female,Chennai,Mainstream Buyer,Home & Kitchen,2024-11-02
2396,Wyatt Modi,40,Female,Jaipur,Luxury Enthusiast,Health & Wellness,2025-12-09
2397,Yashasvi Choudhry,28,Female,Hyderabad,Budget Shopper,Automotive,2024-01-08
2398,Kashish Lad,29,Other,Pune,Budget Shopper,Electronics,2026-06-03
2399,Jatin Batta,18,Female,Pune,Budget Shopper,Health & Wellness,2024-08-02
2400,Saumya Misra,39,Female,Chandigarh,Mainstream Buyer,Automotive,2025-12-24
2401,Sudiksha Nori,36,Male,Coimbatore,Mainstream Buyer,Fashion,2024-07-21
2402,Vivaan Palla,44,Female,Coimbatore,Premium Buyer,Home & Kitchen,2025-04-18
2403,Bhavani Dey,37,Female,Chennai,Mainstream Buyer,Fashion,2025-12-01
2404,Zinal Kota,45,Male,Pune,Premium Buyer,Automotive,2026-05-09
2405,Falak Varty,55,Male,Ahmedabad,Premium Buyer,Automotive,2024-12-15
2406,Jalsa Sha,18,Male,Indore,Budget Shopper,Grocery & Gourmet,2026-02-06
2407,Manan Sandal,33,Male,Bengaluru,Mainstream Buyer,Home & Kitchen,2025-05-19
2408,Finn Chanda,37,Male,Mumbai,Value Seeker,Health & Wellness,2024-02-21
2409,Pavani De,36,Male,Jaipur,Value Seeker,Automotive,2024-04-18
2410,Tanish Sehgal,51,Female,Chandigarh,Luxury Enthusiast,Automotive,2025-04-10
2411,Kala Vora,61,Female,Lucknow,Mainstream Buyer,Beauty & Personal Care,2024-09-06
2412,Zilmil Rana,52,Female,Indore,Luxury Enthusiast,Grocery & Gourmet,2024-06-16
2413,Wishi Sampath,42,Male,Pune,Value Seeker,Toys & Games,2024-12-29
2414,Vrishti Saha,29,Female,Hyderabad,Value Seeker,Fashion,2025-12-26
2415,Maanas Tiwari,23,Male,Coimbatore,Value Seeker,Books & Media,2024-06-26
2416,Vedhika Shankar,24,Male,Mumbai,Budget Shopper,Books & Media,2026-04-11
2417,Yochana Wadhwa,33,Female,Bhubaneswar,Budget Shopper,Books & Media,2025-03-15
2418,Simon Shah,35,Female,Lucknow,Value Seeker,Beauty & Personal Care,2024-07-24
2419,Bachittar Dugar,30,Other,Jaipur,Budget Shopper,Toys & Games,2025-01-30
2420,Jagat Rege,45,Female,Hyderabad,Luxury Enthusiast,Automotive,2025-08-19
2421,Jai Pingle,23,Female,Chennai,Budget Shopper,Toys & Games,2025-06-19
2422,Banjeet Virk,25,Female,Nagpur,Budget Shopper,Automotive,2025-05-10
2423,Jacob Prabhu,43,Female,Mumbai,Mainstream Buyer,Grocery & Gourmet,2024-08-26
2424,Kavya Mitter,34,Male,Mumbai,Budget Shopper,Beauty & Personal Care,2024-01-15
2425,Vedika Bala,33,Male,Kolkata,Premium Buyer,Grocery & Gourmet,2024-07-26
2426,Lucky Sama,43,Other,Hyderabad,Mainstream Buyer,Toys & Games,2025-09-17
2427,Dalaja Mander,21,Other,Coimbatore,Budget Shopper,Health & Wellness,2026-03-22
2428,Qadim Suresh,41,Male,Mumbai,Mainstream Buyer,Beauty & Personal Care,2025-04-28
2429,Jason Palla,35,Male,Indore,Mainstream Buyer,Fashion,2024-05-15
2430,Chaitanya Sahni,51,Male,Indore,Mainstream Buyer,Toys & Games,2024-12-03
2431,Dayita Sethi,39,Female,Hyderabad,Premium Buyer,Toys & Games,2025-09-12
2432,Krishna Soman,38,Male,Kochi,Mainstream Buyer,Toys & Games,2026-04-11
2433,Lakshit Thaman,42,Female,Coimbatore,Mainstream Buyer,Grocery & Gourmet,2025-11-14
2434,Shivani Sen,24,Male,Chandigarh,Value Seeker,Books & Media,2024-09-20
2435,Eshana Chakraborty,36,Male,Lucknow,Mainstream Buyer,Electronics,2024-11-01
2436,Lila Kaul,44,Male,Nagpur,Luxury Enthusiast,Automotive,2025-05-18
2437,Harinakshi Zachariah,32,Female,Delhi,Mainstream Buyer,Home & Kitchen,2025-09-01
2438,Saanvi Mall,33,Male,Kochi,Mainstream Buyer,Home & Kitchen,2026-01-23
2439,Noah Bakshi,42,Male,Indore,Value Seeker,Automotive,2024-02-01
2440,Jatin Chada,31,Female,Hyderabad,Mainstream Buyer,Grocery & Gourmet,2025-06-06
2441,Chatresh Vig,52,Female,Hyderabad,Luxury Enthusiast,Books & Media,2024-08-05
2442,Vamakshi Thakkar,29,Male,Delhi,Budget Shopper,Toys & Games,2025-05-10
2443,Jai Wali,18,Female,Nagpur,Budget Shopper,Electronics,2025-01-31
2444,Anirudh Maharaj,36,Male,Chandigarh,Value Seeker,Home & Kitchen,2024-11-28
2445,Yatan Sawhney,19,Female,Delhi,Value Seeker,Home & Kitchen,2025-08-12
2446,Ekani Ratti,42,Male,Hyderabad,Mainstream Buyer,Sports & Outdoors,2024-03-04
2447,Vyanjana Bajaj,22,Female,Ahmedabad,Budget Shopper,Beauty & Personal Care,2025-05-13
2448,Rajeshri Gole,32,Other,Bhubaneswar,Value Seeker,Electronics,2024-08-07
2449,Arjun Wable,25,Female,Chandigarh,Mainstream Buyer,Toys & Games,2024-03-23
2450,Lavanya Kurian,38,Female,Bhubaneswar,Mainstream Buyer,Books & Media,2025-07-19
2451,Ishwar Chaudhary,45,Male,Chandigarh,Mainstream Buyer,Beauty & Personal Care,2025-12-01
2452,Bhavika Dhawan,29,Female,Coimbatore,Mainstream Buyer,Automotive,2024-02-04
2453,Aadhya Chakraborty,31,Male,Chennai,Mainstream Buyer,Beauty & Personal Care,2024-07-19
2454,Damyanti Reddy,47,Male,Kochi,Premium Buyer,Fashion,2024-07-15
2455,Daniel Nanda,41,Female,Ahmedabad,Mainstream Buyer,Automotive,2024-02-25
2456,Avi Bhardwaj,18,Female,Nagpur,Value Seeker,Fashion,2026-06-05
2457,Madhavi Chaudhary,55,Female,Ahmedabad,Mainstream Buyer,Electronics,2024-02-27
2458,Lucky Sachar,31,Female,Indore,Budget Shopper,Sports & Outdoors,2026-03-17
2459,Aarna Prashad,38,Female,Bengaluru,Value Seeker,Books & Media,2026-02-19
2460,Charles Jain,30,Female,Coimbatore,Value Seeker,Home & Kitchen,2025-12-15
2461,Warjas Tailor,26,Female,Ahmedabad,Premium Buyer,Automotive,2026-03-20
2462,Ishwar Luthra,43,Female,Pune,Mainstream Buyer,Home & Kitchen,2026-04-16
2463,Eesha Shetty,21,Male,Indore,Budget Shopper,Health & Wellness,2026-03-09
2464,Dominic Sule,41,Female,Ahmedabad,Mainstream Buyer,Toys & Games,2025-04-17
2465,Nikita Kaur,25,Female,Mumbai,Budget Shopper,Fashion,2025-07-28
2466,Amruta Chaudhuri,39,Other,Pune,Mainstream Buyer,Sports & Outdoors,2025-08-26
2467,Jeremiah Modi,36,Male,Nagpur,Premium Buyer,Electronics,2026-01-26
2468,Sanaya Chacko,44,Male,Nagpur,Mainstream Buyer,Automotive,2024-02-01
2469,Lucky Prakash,26,Male,Kochi,Mainstream Buyer,Toys & Games,2025-09-03
2470,Yatan Yogi,52,Male,Coimbatore,Value Seeker,Sports & Outdoors,2025-04-29
2471,Siya Barman,52,Female,Chennai,Value Seeker,Toys & Games,2026-02-22
2472,Ucchal Mann,57,Male,Indore,Premium Buyer,Toys & Games,2025-12-20
2473,Aadi Bhasin,48,Male,Kochi,Mainstream Buyer,Books & Media,2025-11-30
2474,Anjali Krishna,31,Female,Mumbai,Value Seeker,Beauty & Personal Care,2024-02-03
2475,Indali Kala,42,Male,Nagpur,Value Seeker,Beauty & Personal Care,2026-01-22
2476,Chakradev Edwin,26,Male,Chandigarh,Budget Shopper,Home & Kitchen,2025-03-22
2477,Charita Chakraborty,18,Female,Delhi,Budget Shopper,Grocery & Gourmet,2025-02-23
2478,Jason Dey,40,Female,Pune,Budget Shopper,Sports & Outdoors,2026-04-25
2479,Rachana Kade,42,Other,Lucknow,Value Seeker,Sports & Outdoors,2025-08-17
2480,Hema Lal,46,Female,Lucknow,Luxury Enthusiast,Grocery & Gourmet,2026-04-18
2481,Anjali Korpal,20,Other,Bengaluru,Value Seeker,Books & Media,2026-01-23
2482,Harita Kade,21,Male,Mumbai,Budget Shopper,Health & Wellness,2024-10-27
2483,Falguni Babu,18,Female,Nagpur,Budget Shopper,Home & Kitchen,2025-02-01
2484,Aarnav Soni,40,Female,Bhubaneswar,Value Seeker,Electronics,2025-04-09
2485,Aditya Ghose,28,Female,Lucknow,Premium Buyer,Sports & Outdoors,2025-12-19
2486,Vrinda Ramaswamy,34,Male,Coimbatore,Value Seeker,Books & Media,2024-12-13
2487,Faras Yohannan,29,Male,Coimbatore,Mainstream Buyer,Automotive,2024-04-03
2488,Sai Dasgupta,30,Male,Ahmedabad,Premium Buyer,Toys & Games,2024-05-23
2489,Krisha Parmar,29,Female,Coimbatore,Budget Shopper,Health & Wellness,2026-01-25
2490,Peter Anand,33,Female,Chennai,Mainstream Buyer,Electronics,2024-10-22
2491,Turvi Prabhakar,54,Male,Delhi,Luxury Enthusiast,Books & Media,2025-11-22
2492,Sai Andra,20,Female,Chennai,Value Seeker,Automotive,2024-05-12
2493,Anmol Mand,20,Female,Chennai,Budget Shopper,Books & Media,2025-04-28
2494,Rehaan Chana,21,Female,Chennai,Premium Buyer,Home & Kitchen,2024-08-27
2495,Timothy Kaur,23,Male,Ahmedabad,Premium Buyer,Grocery & Gourmet,2025-02-27
2496,Janani Bansal,48,Female,Bengaluru,Value Seeker,Automotive,2024-10-28
2497,Waida Kadakia,55,Female,Pune,Mainstream Buyer,Home & Kitchen,2024-03-06
2498,Rohan Randhawa,27,Female,Ahmedabad,Budget Shopper,Books & Media,2026-03-01
2499,Arunima Tella,35,Female,Hyderabad,Premium Buyer,Automotive,2024-04-04
2500,Onkar Hari,29,Female,Ahmedabad,Value Seeker,Fashion,2025-04-20
2501,Dhruv Dave,34,Male,Coimbatore,Budget Shopper,Electronics,2026-02-22
2502,Joshua Lad,32,Female,Pune,Mainstream Buyer,Grocery & Gourmet,2025-06-04
2503,Anusha Handa,49,Male,Mumbai,Luxury Enthusiast,Grocery & Gourmet,2026-05-11
2504,Zayyan Setty,42,Female,Lucknow,Premium Buyer,Fashion,2025-02-26
2505,Prisha Ben,26,Female,Kochi,Value Seeker,Books & Media,2025-04-29
2506,Rachana Ray,22,Female,Pune,Budget Shopper,Grocery & Gourmet,2025-07-12
2507,Jairaj Vasa,49,Female,Mumbai,Luxury Enthusiast,Health & Wellness,2025-05-24
2508,Warhi Pathak,38,Male,Delhi,Luxury Enthusiast,Automotive,2024-12-16
2509,Udarsh Batta,36,Male,Delhi,Value Seeker,Home & Kitchen,2024-06-12
2510,Osha Walia,32,Female,Chandigarh,Mainstream Buyer,Books & Media,2025-07-10
2511,Diya Ahluwalia,33,Male,Chennai,Value Seeker,Grocery & Gourmet,2026-06-15
2512,Robert Natt,44,Male,Pune,Value Seeker,Home & Kitchen,2025-02-11
2513,Aryan Kara,25,Other,Lucknow,Budget Shopper,Fashion,2024-02-27
2514,Falan Krish,35,Male,Coimbatore,Budget Shopper,Sports & Outdoors,2025-07-08
2515,Nitesh Narayan,18,Male,Delhi,Budget Shopper,Grocery & Gourmet,2026-03-11
2516,Dev Chatterjee,38,Male,Bhubaneswar,Premium Buyer,Books & Media,2024-04-05
2517,Varsha Sankaran,27,Female,Chennai,Budget Shopper,Toys & Games,2025-06-16
2518,Gaurika Krishna,44,Male,Indore,Budget Shopper,Toys & Games,2025-07-28
2519,Hritik Solanki,19,Female,Chandigarh,Mainstream Buyer,Health & Wellness,2025-10-06
2520,Harini Bhagat,26,Female,Jaipur,Budget Shopper,Toys & Games,2024-09-07
2521,Zinal Khalsa,40,Male,Bengaluru,Budget Shopper,Fashion,2026-02-19
2522,Reva Chandran,29,Female,Jaipur,Mainstream Buyer,Sports & Outdoors,2024-12-22
2523,Jeet Chada,30,Male,Hyderabad,Value Seeker,Fashion,2025-08-19
2524,Bahadurjit Purohit,39,Female,Chandigarh,Mainstream Buyer,Grocery & Gourmet,2025-07-17
2525,Dhruv Datta,44,Male,Indore,Premium Buyer,Health & Wellness,2025-12-17
2526,Riya Bhakta,41,Male,Chandigarh,Budget Shopper,Grocery & Gourmet,2024-06-30
2527,Rachana Bhatti,47,Male,Chandigarh,Premium Buyer,Home & Kitchen,2025-05-16
2528,Daksh Ben,54,Male,Bengaluru,Premium Buyer,Toys & Games,2024-03-13
2529,Lakshmi Ratti,39,Female,Mumbai,Premium Buyer,Electronics,2024-06-11
2530,Nirja Kaul,30,Male,Coimbatore,Mainstream Buyer,Home & Kitchen,2024-08-11
2531,Sudiksha Rajagopalan,34,Female,Kochi,Mainstream Buyer,Beauty & Personal Care,2025-05-19
2532,Priya Chaudhuri,26,Male,Chandigarh,Mainstream Buyer,Sports & Outdoors,2024-02-23
2533,Atharv Setty,41,Female,Coimbatore,Mainstream Buyer,Beauty & Personal Care,2025-01-17
2534,Reyansh Chokshi,23,Female,Indore,Budget Shopper,Sports & Outdoors,2025-06-01
2535,Advik Bir,40,Male,Kolkata,Luxury Enthusiast,Electronics,2025-08-20
2536,Jonathan Upadhyay,41,Female,Delhi,Mainstream Buyer,Automotive,2024-03-26
2537,Isha Sama,32,Female,Mumbai,Premium Buyer,Beauty & Personal Care,2025-11-12
2538,Sai Grewal,38,Female,Pune,Value Seeker,Automotive,2024-04-29
2539,Laksh Basu,22,Female,Mumbai,Budget Shopper,Electronics,2025-12-06
2540,Joshua Muni,42,Female,Jaipur,Value Seeker,Automotive,2024-08-10
2541,Yochana Parmar,28,Male,Pune,Value Seeker,Toys & Games,2025-10-18
2542,Madhav Din,37,Female,Chennai,Value Seeker,Home & Kitchen,2024-06-05
2543,Dayamai Oza,33,Male,Kochi,Value Seeker,Grocery & Gourmet,2024-06-04
2544,Jyoti Anand,33,Female,Coimbatore,Budget Shopper,Grocery & Gourmet,2024-09-08
2545,Dakshesh Khanna,32,Female,Mumbai,Value Seeker,Grocery & Gourmet,2024-01-15
2546,Pahal Padmanabhan,18,Female,Ahmedabad,Value Seeker,Automotive,2025-03-24
2547,Sai Jaggi,56,Female,Nagpur,Luxury Enthusiast,Health & Wellness,2024-06-01
2548,Harita Gulati,26,Male,Chennai,Budget Shopper,Fashion,2025-02-16
2549,Unni Narula,39,Female,Indore,Value Seeker,Home & Kitchen,2026-05-26
2550,Chandani Sahota,38,Male,Kolkata,Value Seeker,Electronics,2025-06-17
2551,Nicholas Cheema,30,Female,Chennai,Mainstream Buyer,Electronics,2026-06-01
2552,Brijesh Tandon,23,Female,Chandigarh,Value Seeker,Fashion,2024-11-06
2553,Aarush Kapoor,42,Male,Kolkata,Mainstream Buyer,Toys & Games,2026-02-13
2554,Unnati Kala,44,Female,Chandigarh,Luxury Enthusiast,Toys & Games,2025-09-10
2555,Vasana Narula,40,Male,Coimbatore,Value Seeker,Electronics,2024-05-03
2556,Samesh Ratta,35,Female,Indore,Mainstream Buyer,Sports & Outdoors,2024-08-30
2557,Abeer Patil,36,Other,Chandigarh,Budget Shopper,Fashion,2025-08-30
2558,Ethan Parmar,35,Female,Bhubaneswar,Value Seeker,Fashion,2025-03-30
2559,Ishwar Dhar,34,Female,Jaipur,Value Seeker,Electronics,2025-01-21
2560,Ria Hayer,23,Male,Nagpur,Budget Shopper,Books & Media,2025-08-15
2561,Caleb Balan,39,Male,Mumbai,Mainstream Buyer,Electronics,2024-08-21
2562,Rudra Mander,47,Male,Ahmedabad,Mainstream Buyer,Grocery & Gourmet,2026-02-17
2563,Theodore Lala,36,Male,Pune,Mainstream Buyer,Health & Wellness,2025-06-10
2564,Harinakshi Korpal,36,Male,Delhi,Value Seeker,Automotive,2025-11-11
2565,Rohan Bains,37,Female,Chandigarh,Mainstream Buyer,Automotive,2024-10-24
2566,Adweta Chaudhuri,33,Female,Indore,Value Seeker,Grocery & Gourmet,2024-11-28
2567,Laksh Raghavan,42,Male,Lucknow,Budget Shopper,Health & Wellness,2024-06-30
2568,Hamsini Kade,37,Female,Coimbatore,Budget Shopper,Automotive,2025-07-31
2569,Tanmayi Khatri,37,Female,Kochi,Mainstream Buyer,Home & Kitchen,2025-12-04
2570,Kashish Garg,48,Male,Pune,Luxury Enthusiast,Toys & Games,2026-05-31
2571,Dhruv Dani,20,Female,Coimbatore,Budget Shopper,Beauty & Personal Care,2024-05-13
2572,Kalpit Gupta,35,Male,Nagpur,Mainstream Buyer,Automotive,2025-09-05
2573,Kritika Prasad,39,Female,Chennai,Mainstream Buyer,Electronics,2024-08-17
2574,Pushti Konda,50,Female,Kolkata,Premium Buyer,Sports & Outdoors,2025-08-03
2575,Ranbir Wason,43,Male,Delhi,Mainstream Buyer,Beauty & Personal Care,2025-09-03
2576,Manthan Narang,27,Male,Bhubaneswar,Mainstream Buyer,Automotive,2025-11-30
2577,Chatresh Mammen,45,Female,Jaipur,Mainstream Buyer,Home & Kitchen,2024-07-23
2578,Yashoda Suresh,42,Male,Kochi,Premium Buyer,Automotive,2025-10-14
2579,Finn Singhal,18,Female,Chennai,Budget Shopper,Sports & Outdoors,2025-10-05
2580,Oliver Trivedi,55,Female,Mumbai,Premium Buyer,Toys & Games,2024-10-01
2581,Yashodhara Prasad,40,Male,Indore,Budget Shopper,Books & Media,2025-03-19
2582,Zilmil Shetty,45,Female,Chandigarh,Premium Buyer,Sports & Outdoors,2024-08-24
2583,Ekanta Prakash,33,Female,Kolkata,Budget Shopper,Beauty & Personal Care,2026-03-29
2584,Warda Som,33,Male,Indore,Budget Shopper,Home & Kitchen,2024-02-14
2585,Nandini Bansal,39,Female,Kochi,Budget Shopper,Toys & Games,2025-11-28
2586,Theodore Jain,38,Female,Coimbatore,Value Seeker,Beauty & Personal Care,2026-03-16
2587,Wahab Randhawa,20,Female,Bengaluru,Value Seeker,Automotive,2026-03-24
2588,Damini Sandal,45,Male,Kochi,Budget Shopper,Fashion,2025-09-21
2589,Naksh Prasad,41,Male,Bengaluru,Value Seeker,Home & Kitchen,2025-06-12
2590,Frado Desai,27,Female,Hyderabad,Value Seeker,Electronics,2026-04-22
2591,Chakrika Saxena,27,Female,Kolkata,Mainstream Buyer,Automotive,2024-12-14
2592,Victor Barman,47,Male,Hyderabad,Premium Buyer,Sports & Outdoors,2024-12-22
2593,Yauvani Nayar,34,Female,Bhubaneswar,Mainstream Buyer,Electronics,2024-07-27
2594,Shravya Sibal,29,Female,Mumbai,Budget Shopper,Electronics,2026-06-16
2595,Nilima Pillai,38,Male,Bhubaneswar,Value Seeker,Health & Wellness,2026-04-04
2596,Edhitha Mahajan,37,Female,Bengaluru,Premium Buyer,Automotive,2025-12-27
2597,Aryan Gola,18,Female,Chandigarh,Budget Shopper,Home & Kitchen,2025-05-30
2598,Vivaan Lanka,35,Female,Kolkata,Value Seeker,Toys & Games,2025-01-15
2599,Jagrati Butala,42,Female,Bhubaneswar,Luxury Enthusiast,Home & Kitchen,2025-12-30
2600,Yachana Varghese,48,Female,Jaipur,Luxury Enthusiast,Automotive,2025-08-10
2601,Aradhana Kari,19,Female,Ahmedabad,Value Seeker,Grocery & Gourmet,2025-03-23
2602,Jagat Bora,34,Female,Bengaluru,Mainstream Buyer,Sports & Outdoors,2025-02-23
2603,Balvan Iyer,38,Male,Pune,Value Seeker,Health & Wellness,2025-03-11
2604,Ronith Narayan,42,Male,Jaipur,Mainstream Buyer,Home & Kitchen,2024-11-28
2605,Chasmum Maharaj,19,Female,Nagpur,Budget Shopper,Health & Wellness,2024-08-16
2606,Lakshit Lal,18,Female,Chennai,Budget Shopper,Home & Kitchen,2024-06-01
2607,Chandani Manda,37,Male,Delhi,Mainstream Buyer,Automotive,2024-02-08
2608,Netra Ravi,32,Male,Chennai,Budget Shopper,Automotive,2025-07-10
2609,Urmi Vala,40,Male,Hyderabad,Mainstream Buyer,Books & Media,2025-09-07
2610,Mitali Kari,27,Female,Nagpur,Value Seeker,Fashion,2025-10-21
2611,Shaurya Som,45,Female,Bengaluru,Premium Buyer,Grocery & Gourmet,2025-08-18
2612,Zaitra Sidhu,56,Female,Nagpur,Premium Buyer,Toys & Games,2025-02-28
2613,Harini Chada,33,Male,Delhi,Value Seeker,Automotive,2024-12-31
2614,Raghav Sanghvi,22,Female,Indore,Mainstream Buyer,Home & Kitchen,2026-04-28
2615,Shaurya Sarna,33,Male,Pune,Value Seeker,Home & Kitchen,2024-01-09
2616,Ayushman Prasad,50,Male,Mumbai,Value Seeker,Beauty & Personal Care,2026-05-24
2617,Kabir Mody,18,Male,Kochi,Budget Shopper,Beauty & Personal Care,2025-07-03
2618,Xalak Pant,43,Female,Lucknow,Premium Buyer,Electronics,2025-05-17
2619,Umang Saini,40,Female,Chandigarh,Premium Buyer,Fashion,2025-08-22
2620,Netra Yogi,43,Male,Bengaluru,Premium Buyer,Sports & Outdoors,2025-12-15
2621,Eshana Bajaj,44,Male,Kochi,Premium Buyer,Health & Wellness,2025-03-07
2622,Liam Dube,57,Female,Kochi,Luxury Enthusiast,Fashion,2026-06-24
2623,Mahika Raj,27,Male,Ahmedabad,Budget Shopper,Home & Kitchen,2024-08-27
2624,Mahika Bhatt,58,Female,Bhubaneswar,Luxury Enthusiast,Automotive,2024-10-24
2625,Raghav Soman,35,Male,Pune,Mainstream Buyer,Electronics,2024-08-02
2626,Falguni Seth,28,Male,Pune,Value Seeker,Electronics,2024-06-22
2627,Girik Garg,30,Male,Jaipur,Mainstream Buyer,Automotive,2024-04-18
2628,Peter Balay,18,Female,Bhubaneswar,Value Seeker,Home & Kitchen,2026-02-17
2629,Avi Grover,34,Male,Chandigarh,Value Seeker,Beauty & Personal Care,2024-06-05
2630,Ekaraj Raju,45,Male,Lucknow,Budget Shopper,Electronics,2025-02-05
2631,Samesh Kaul,31,Female,Delhi,Budget Shopper,Sports & Outdoors,2026-03-11
2632,Ekaraj Sha,38,Male,Chennai,Value Seeker,Health & Wellness,2024-01-22
2633,Jyoti Vasa,39,Female,Mumbai,Premium Buyer,Health & Wellness,2024-06-26
2634,Onveer Narain,34,Male,Delhi,Mainstream Buyer,Toys & Games,2025-10-30
2635,Mahika Dugar,40,Female,Chandigarh,Value Seeker,Toys & Games,2024-04-16
2636,Kai Yadav,50,Male,Chandigarh,Value Seeker,Toys & Games,2024-09-07
2637,Vanya Biswas,45,Female,Delhi,Value Seeker,Toys & Games,2025-05-22
2638,Samuel De,34,Female,Ahmedabad,Budget Shopper,Books & Media,2026-02-04
2639,Dayita Sankaran,43,Female,Chennai,Premium Buyer,Home & Kitchen,2024-09-07
2640,Nathan Mukherjee,28,Female,Delhi,Budget Shopper,Automotive,2024-03-09
2641,Yadavi Shanker,30,Male,Pune,Mainstream Buyer,Automotive,2026-01-07
2642,Saksham Amble,23,Male,Delhi,Mainstream Buyer,Fashion,2026-06-30
2643,Sanaya Bhatt,26,Female,Lucknow,Mainstream Buyer,Electronics,2025-12-05
2644,Yatin Vora,43,Female,Nagpur,Premium Buyer,Grocery & Gourmet,2025-10-07
2645,Vritti Sharma,29,Female,Pune,Value Seeker,Electronics,2025-07-22
2646,Balveer Chand,29,Female,Hyderabad,Premium Buyer,Automotive,2024-01-29
2647,Tanmayi Palan,36,Female,Ahmedabad,Mainstream Buyer,Health & Wellness,2024-02-10
2648,Mahika Gill,40,Female,Nagpur,Premium Buyer,Electronics,2024-11-01
2649,Zaid Gola,26,Female,Bengaluru,Mainstream Buyer,Grocery & Gourmet,2025-12-16
2650,Tanvi Rajagopalan,39,Female,Coimbatore,Premium Buyer,Fashion,2025-12-21
2651,Girish Ramaswamy,44,Male,Delhi,Luxury Enthusiast,Home & Kitchen,2026-04-18
2652,Wriddhish Dugar,26,Female,Chennai,Value Seeker,Books & Media,2024-07-14
2653,Bishakha Bhavsar,51,Female,Ahmedabad,Premium Buyer,Toys & Games,2025-12-13
2654,Wakeeta Sabharwal,19,Male,Pune,Mainstream Buyer,Electronics,2024-04-09
2655,Jyoti Bose,18,Female,Bengaluru,Value Seeker,Fashion,2025-01-03
2656,Yamini Nanda,43,Female,Indore,Premium Buyer,Home & Kitchen,2025-04-16
2657,Shravya Gala,32,Male,Coimbatore,Value Seeker,Toys & Games,2024-03-11
2658,Sarthak Toor,40,Female,Pune,Mainstream Buyer,Sports & Outdoors,2026-02-09
2659,Turvi Bala,22,Male,Pune,Budget Shopper,Home & Kitchen,2025-05-07
2660,Triya Raj,18,Male,Delhi,Budget Shopper,Fashion,2025-11-08
2661,Mohini Hayer,42,Female,Coimbatore,Premium Buyer,Health & Wellness,2026-01-18
2662,Baljiwan Anne,28,Female,Hyderabad,Value Seeker,Grocery & Gourmet,2024-02-28
2663,Ishwar Deshpande,45,Female,Chennai,Value Seeker,Health & Wellness,2024-12-30
2664,Ucchal Sundaram,24,Male,Chandigarh,Budget Shopper,Sports & Outdoors,2026-02-05
2665,Ekansh Butala,31,Female,Coimbatore,Value Seeker,Automotive,2026-03-25
2666,Raksha Dey,65,Male,Lucknow,Premium Buyer,Toys & Games,2025-09-21
2667,Arya Edwin,41,Female,Chennai,Premium Buyer,Books & Media,2024-06-06
2668,Andrew Chaudhry,32,Male,Jaipur,Budget Shopper,Sports & Outdoors,2026-02-19
2669,Chaitaly Dash,42,Female,Mumbai,Mainstream Buyer,Books & Media,2024-08-28
2670,Om Brahmbhatt,38,Male,Hyderabad,Value Seeker,Sports & Outdoors,2026-03-27
2671,Anjali Dube,39,Male,Indore,Mainstream Buyer,Toys & Games,2025-08-30
2672,Ishita Gokhale,33,Male,Ahmedabad,Value Seeker,Sports & Outdoors,2025-03-15
2673,Bakhshi Walia,32,Female,Coimbatore,Value Seeker,Health & Wellness,2026-03-06
2674,Riya Batta,26,Female,Indore,Value Seeker,Automotive,2025-07-06
2675,Madhavi Morar,39,Female,Bhubaneswar,Mainstream Buyer,Sports & Outdoors,2025-10-31
2676,Charles Agrawal,50,Male,Delhi,Value Seeker,Beauty & Personal Care,2026-05-20
2677,Krishna Jaggi,42,Male,Kochi,Value Seeker,Grocery & Gourmet,2026-06-30
2678,Kavya Khare,45,Female,Nagpur,Premium Buyer,Toys & Games,2026-02-19
2679,Gavin Babu,44,Male,Hyderabad,Mainstream Buyer,Home & Kitchen,2024-08-22
2680,Ayaan Atwal,24,Female,Chandigarh,Value Seeker,Automotive,2026-05-27
2681,Rehaan Bhatnagar,40,Female,Kochi,Premium Buyer,Toys & Games,2025-03-30
2682,Gopal Ganesh,51,Female,Kolkata,Premium Buyer,Toys & Games,2026-06-08
2683,Chaitanya Sagar,40,Female,Indore,Budget Shopper,Grocery & Gourmet,2025-12-17
2684,Eta Naidu,30,Male,Chandigarh,Mainstream Buyer,Home & Kitchen,2026-01-20
2685,Sarthak Rana,27,Male,Bengaluru,Value Seeker,Grocery & Gourmet,2025-08-27
2686,Jai Kata,56,Female,Coimbatore,Mainstream Buyer,Fashion,2024-08-26
2687,Hitesh Parikh,27,Male,Bhubaneswar,Budget Shopper,Grocery & Gourmet,2025-06-14
2688,Oscar Aurora,53,Female,Coimbatore,Mainstream Buyer,Books & Media,2026-06-17
2689,Diya Arora,28,Female,Jaipur,Budget Shopper,Books & Media,2026-02-20
2690,Simon Shanker,34,Male,Bengaluru,Value Seeker,Grocery & Gourmet,2025-09-28
2691,Dominic Mallick,44,Female,Ahmedabad,Luxury Enthusiast,Beauty & Personal Care,2025-10-22
2692,Caleb Bhavsar,40,Male,Bhubaneswar,Value Seeker,Grocery & Gourmet,2025-02-04
2693,Nirja Mitra,55,Female,Indore,Premium Buyer,Electronics,2025-08-17
2694,Harsh Yadav,37,Male,Ahmedabad,Luxury Enthusiast,Toys & Games,2024-08-26
2695,Zayan Chandran,39,Female,Chennai,Premium Buyer,Grocery & Gourmet,2025-11-14
2696,Lipika Deol,35,Male,Indore,Budget Shopper,Electronics,2024-10-25
2697,Parth Nadkarni,41,Male,Nagpur,Premium Buyer,Toys & Games,2026-03-31
2698,Ekansh Nayak,22,Male,Chennai,Budget Shopper,Grocery & Gourmet,2024-01-18
2699,Saumya Raja,41,Male,Indore,Value Seeker,Books & Media,2024-01-20
2700,Yahvi Arya,52,Female,Chennai,Premium Buyer,Toys & Games,2025-10-24
2701,Ansh Dash,32,Male,Chandigarh,Mainstream Buyer,Electronics,2025-12-01
2702,Warjas Sangha,33,Male,Nagpur,Value Seeker,Health & Wellness,2026-06-30
2703,Fariq Bhasin,21,Male,Coimbatore,Value Seeker,Health & Wellness,2024-01-29
2704,Kavya Tara,34,Male,Ahmedabad,Premium Buyer,Grocery & Gourmet,2026-05-27
2705,Saksham Doshi,38,Male,Kolkata,Mainstream Buyer,Electronics,2026-06-29
2706,Samarth Barad,32,Male,Mumbai,Value Seeker,Sports & Outdoors,2026-04-03
2707,Sachi Narasimhan,34,Female,Mumbai,Premium Buyer,Automotive,2025-10-07
2708,Arunima Nadkarni,20,Female,Chandigarh,Budget Shopper,Toys & Games,2024-01-30
2709,Oeshi Mani,18,Female,Coimbatore,Budget Shopper,Health & Wellness,2026-01-31
2710,Veer Narula,41,Male,Hyderabad,Mainstream Buyer,Toys & Games,2025-01-31
2711,Xavier Jha,29,Female,Jaipur,Luxury Enthusiast,Grocery & Gourmet,2024-11-19
2712,Yuvraj Kapadia,18,Female,Bhubaneswar,Budget Shopper,Beauty & Personal Care,2024-07-07
2713,Ekanta Goswami,18,Female,Coimbatore,Budget Shopper,Automotive,2024-10-06
2714,Abeer Bhattacharyya,30,Male,Bhubaneswar,Budget Shopper,Books & Media,2024-01-21
2715,Ekaraj Hans,26,Male,Delhi,Premium Buyer,Automotive,2024-11-09
2716,Lohit Jayaraman,27,Male,Delhi,Budget Shopper,Home & Kitchen,2024-05-27
2717,Gavin Ghose,46,Male,Coimbatore,Value Seeker,Home & Kitchen,2025-09-14
2718,Warinder Tripathi,62,Female,Kochi,Luxury Enthusiast,Electronics,2025-06-27
2719,Pooja Sibal,18,Male,Lucknow,Budget Shopper,Toys & Games,2024-09-01
2720,Nitesh Hora,39,Male,Nagpur,Mainstream Buyer,Grocery & Gourmet,2024-04-29
2721,Panini Goda,23,Male,Delhi,Value Seeker,Home & Kitchen,2026-06-26
2722,Chavvi Mangal,32,Male,Bhubaneswar,Premium Buyer,Beauty & Personal Care,2025-06-03
2723,Saksham Magar,30,Male,Mumbai,Value Seeker,Books & Media,2024-07-04
2724,Fariq Parsa,43,Male,Jaipur,Value Seeker,Grocery & Gourmet,2026-03-19
2725,Krishna Ganesh,32,Female,Chandigarh,Budget Shopper,Beauty & Personal Care,2025-08-15
2726,Ridhi Sami,30,Male,Coimbatore,Mainstream Buyer,Sports & Outdoors,2025-02-19
2727,Nachiket Subramaniam,49,Female,Hyderabad,Premium Buyer,Fashion,2026-04-17
2728,Lakshmi Sane,18,Female,Kochi,Budget Shopper,Automotive,2024-03-24
2729,Charita Yogi,25,Female,Bhubaneswar,Value Seeker,Automotive,2025-08-02
2730,Parth Kurian,35,Female,Hyderabad,Premium Buyer,Grocery & Gourmet,2024-07-20
2731,Ubika Mohan,27,Male,Bhubaneswar,Budget Shopper,Automotive,2025-06-09
2732,Bhanumati Prashad,30,Female,Coimbatore,Value Seeker,Grocery & Gourmet,2025-07-02
2733,Ekbal Nath,35,Female,Delhi,Mainstream Buyer,Automotive,2024-02-07
2734,Upasna Hayre,30,Female,Kolkata,Value Seeker,Sports & Outdoors,2024-05-18
2735,Ranveer Agrawal,32,Male,Chandigarh,Value Seeker,Home & Kitchen,2025-03-21
2736,Xiti Prasad,36,Female,Kolkata,Value Seeker,Health & Wellness,2025-05-06
2737,Nidhi Sagar,28,Male,Nagpur,Budget Shopper,Electronics,2024-07-24
2738,Kashvi Rajagopalan,29,Female,Pune,Value Seeker,Sports & Outdoors,2024-10-19
2739,Darika Bobal,40,Male,Kolkata,Mainstream Buyer,Grocery & Gourmet,2024-01-26
2740,Balvan Dash,44,Male,Chandigarh,Mainstream Buyer,Grocery & Gourmet,2025-09-02
2741,Nicholas Hari,21,Female,Indore,Budget Shopper,Toys & Games,2026-03-21
2742,Aadhya Pall,42,Female,Hyderabad,Premium Buyer,Sports & Outdoors,2026-01-05
2743,Jyoti Bhardwaj,37,Female,Indore,Budget Shopper,Health & Wellness,2025-03-10
2744,Panini Koshy,27,Female,Chennai,Mainstream Buyer,Home & Kitchen,2025-09-20
2745,Vanya Banerjee,48,Female,Bhubaneswar,Value Seeker,Fashion,2024-06-28
2746,Ayaan Divan,30,Male,Mumbai,Premium Buyer,Toys & Games,2024-04-29
2747,Tamanna Din,23,Other,Coimbatore,Budget Shopper,Beauty & Personal Care,2026-01-12
2748,Yug Edwin,18,Male,Bengaluru,Budget Shopper,Sports & Outdoors,2024-01-17
2749,Jackson Chanda,51,Male,Coimbatore,Value Seeker,Sports & Outdoors,2024-12-06
2750,Mitali Buch,22,Female,Nagpur,Budget Shopper,Home & Kitchen,2025-11-04
2751,Pallavi Gandhi,22,Male,Coimbatore,Budget Shopper,Health & Wellness,2025-12-30
2752,Zayyan Mittal,33,Female,Pune,Mainstream Buyer,Beauty & Personal Care,2026-02-01
2753,Darika Sabharwal,43,Male,Chandigarh,Premium Buyer,Toys & Games,2025-04-30
2754,Ikbal Padmanabhan,24,Male,Hyderabad,Budget Shopper,Fashion,2026-04-27
2755,Amruta Kadakia,41,Male,Jaipur,Premium Buyer,Health & Wellness,2026-03-04
2756,Darika Ahuja,18,Female,Nagpur,Premium Buyer,Health & Wellness,2024-08-17
2757,Vyanjana Agarwal,43,Female,Kolkata,Premium Buyer,Electronics,2025-04-14
2758,Ekaraj Sahni,37,Male,Mumbai,Mainstream Buyer,Toys & Games,2025-03-10
2759,Bhavya Sankar,46,Male,Ahmedabad,Mainstream Buyer,Books & Media,2025-09-10
2760,Patrick Prasad,43,Male,Ahmedabad,Value Seeker,Fashion,2025-02-12
2761,Krish Hora,35,Male,Indore,Mainstream Buyer,Grocery & Gourmet,2025-08-24
2762,Qabil Thakkar,50,Female,Indore,Premium Buyer,Grocery & Gourmet,2026-05-21
2763,Shravya Kala,18,Female,Kolkata,Budget Shopper,Automotive,2025-02-01
2764,Sai Bhargava,38,Male,Indore,Value Seeker,Toys & Games,2026-04-18
2765,Rehaan Lad,21,Male,Bengaluru,Budget Shopper,Grocery & Gourmet,2024-10-15
2766,Ridhi Chopra,36,Female,Hyderabad,Luxury Enthusiast,Grocery & Gourmet,2024-03-25
2767,Fariq Memon,30,Male,Kochi,Value Seeker,Grocery & Gourmet,2024-11-03
2768,Krishna Dash,49,Male,Lucknow,Mainstream Buyer,Books & Media,2025-01-25
2769,Devansh Oommen,44,Female,Indore,Premium Buyer,Grocery & Gourmet,2024-02-09
2770,Wahab Sridhar,60,Male,Kochi,Luxury Enthusiast,Electronics,2025-12-14
2771,Harrison Andra,20,Male,Bengaluru,Budget Shopper,Toys & Games,2024-07-30
2772,Amaira Amble,52,Male,Coimbatore,Premium Buyer,Home & Kitchen,2025-12-25
2773,Gunbir Kakar,37,Female,Pune,Premium Buyer,Sports & Outdoors,2026-06-30
2774,Keya Venkatesh,29,Male,Chennai,Budget Shopper,Grocery & Gourmet,2025-11-24
2775,Vedika Solanki,38,Female,Kolkata,Mainstream Buyer,Fashion,2025-04-02
2776,Pushti Nayar,37,Male,Indore,Value Seeker,Grocery & Gourmet,2026-05-04
2777,Hemal Murty,39,Male,Bengaluru,Mainstream Buyer,Home & Kitchen,2025-10-21
2778,Jalsa Rastogi,25,Female,Jaipur,Value Seeker,Grocery & Gourmet,2026-05-16
2779,Dakshesh Parekh,34,Male,Delhi,Budget Shopper,Grocery & Gourmet,2025-11-22
2780,Harish Aggarwal,42,Male,Lucknow,Budget Shopper,Electronics,2024-09-17
2781,Neelima Dewan,21,Male,Bengaluru,Budget Shopper,Home & Kitchen,2026-02-13
2782,Jason Wali,18,Female,Nagpur,Budget Shopper,Automotive,2025-11-04
2783,Yuvraj Pillay,41,Male,Bhubaneswar,Mainstream Buyer,Beauty & Personal Care,2026-02-28
2784,Vaishnavi Varma,29,Female,Chandigarh,Value Seeker,Sports & Outdoors,2025-07-18
2785,Raghav Aggarwal,25,Male,Kolkata,Budget Shopper,Electronics,2024-08-11
2786,Anay Parsa,42,Male,Indore,Mainstream Buyer,Toys & Games,2025-03-01
2787,Eshana Sawhney,32,Male,Bengaluru,Mainstream Buyer,Electronics,2025-12-31
2788,Vedhika Ratta,29,Male,Chennai,Value Seeker,Home & Kitchen,2025-09-14
2789,Ijaya Sangha,46,Female,Bengaluru,Luxury Enthusiast,Sports & Outdoors,2024-11-01
2790,Harish Rajan,45,Male,Mumbai,Value Seeker,Grocery & Gourmet,2025-04-23
2791,Robert Dhar,43,Female,Kolkata,Premium Buyer,Sports & Outdoors,2025-05-10
2792,Joshua Tank,18,Male,Kochi,Budget Shopper,Health & Wellness,2024-05-09
2793,Charvi Sibal,26,Female,Chandigarh,Mainstream Buyer,Books & Media,2024-06-19
2794,Sanaya D’Alia,48,Male,Mumbai,Luxury Enthusiast,Home & Kitchen,2025-11-22
2795,Wridesh Kohli,32,Female,Pune,Premium Buyer,Fashion,2024-10-01
2796,Onkar Chakraborty,22,Male,Lucknow,Mainstream Buyer,Grocery & Gourmet,2024-07-14
2797,Radhika Balakrishnan,42,Female,Hyderabad,Mainstream Buyer,Sports & Outdoors,2024-04-07
2798,Eta Rajagopal,38,Female,Lucknow,Value Seeker,Toys & Games,2025-11-04
2799,Thomas Kurian,33,Female,Kochi,Mainstream Buyer,Beauty & Personal Care,2024-09-10
2800,Jatin Deshpande,39,Male,Kochi,Mainstream Buyer,Home & Kitchen,2026-01-12
2801,Gautam Natarajan,48,Female,Delhi,Luxury Enthusiast,Books & Media,2025-05-24
2802,Dhruv Oza,37,Male,Bengaluru,Value Seeker,Home & Kitchen,2026-04-26
2803,Lakshmi Sarkar,32,Male,Bhubaneswar,Budget Shopper,Health & Wellness,2024-12-31
2804,Udant Lad,18,Female,Bhubaneswar,Mainstream Buyer,Grocery & Gourmet,2024-10-19
2805,Bina Chahal,24,Female,Ahmedabad,Budget Shopper,Automotive,2025-05-22
2806,Gaurav Oak,31,Male,Kochi,Budget Shopper,Home & Kitchen,2025-06-23
2807,Jack Pillai,28,Female,Jaipur,Value Seeker,Electronics,2025-11-23
2808,Dhriti Rai,37,Female,Jaipur,Mainstream Buyer,Electronics,2024-08-02
2809,Deepa Bhatia,33,Male,Lucknow,Budget Shopper,Automotive,2024-03-29
2810,Lipika Sampath,27,Male,Kochi,Budget Shopper,Automotive,2026-03-02
2811,Janya Date,40,Female,Bengaluru,Budget Shopper,Toys & Games,2025-10-24
2812,Hredhaan Rana,53,Male,Delhi,Premium Buyer,Books & Media,2024-12-31
2813,Triveni Mutti,35,Male,Chandigarh,Mainstream Buyer,Home & Kitchen,2025-08-03
2814,Chaman Kanda,25,Male,Lucknow,Budget Shopper,Grocery & Gourmet,2026-06-19
2815,Tamanna Din,18,Female,Hyderabad,Budget Shopper,Books & Media,2026-06-12
2816,Madhav Banerjee,34,Male,Mumbai,Mainstream Buyer,Toys & Games,2025-12-01
2817,Dayamai Thakkar,19,Male,Hyderabad,Value Seeker,Electronics,2024-02-06
2818,Anusha Sridhar,38,Male,Kochi,Mainstream Buyer,Books & Media,2024-12-26
2819,Warda Manne,33,Male,Kochi,Value Seeker,Toys & Games,2025-11-12
2820,Daniel Nath,49,Other,Bengaluru,Premium Buyer,Grocery & Gourmet,2026-05-11
2821,Shivansh Kar,44,Female,Bengaluru,Value Seeker,Fashion,2024-08-15
2822,Praneel Sura,36,Female,Hyderabad,Mainstream Buyer,Electronics,2025-07-24
2823,Chandani Dutta,47,Female,Ahmedabad,Budget Shopper,Automotive,2025-07-09
2824,Manya Nazareth,49,Male,Hyderabad,Luxury Enthusiast,Beauty & Personal Care,2025-02-07
2825,Urvashi Pall,35,Female,Ahmedabad,Luxury Enthusiast,Sports & Outdoors,2025-12-06
2826,Mahika Bora,31,Female,Mumbai,Mainstream Buyer,Toys & Games,2024-09-10
2827,Barkha Hayer,28,Female,Bhubaneswar,Value Seeker,Sports & Outdoors,2025-09-20
2828,Gunbir Deep,32,Female,Bhubaneswar,Budget Shopper,Health & Wellness,2024-09-30
2829,Chatura Modi,34,Male,Kolkata,Premium Buyer,Automotive,2025-03-19
2830,Nihal Devan,34,Female,Indore,Mainstream Buyer,Beauty & Personal Care,2026-02-16
2831,Vasudha Manne,25,Male,Jaipur,Budget Shopper,Fashion,2024-12-13
2832,Shaurya Kamdar,27,Female,Mumbai,Value Seeker,Health & Wellness,2026-04-23
2833,Aditya Pathak,39,Male,Chennai,Value Seeker,Grocery & Gourmet,2024-09-21
2834,Manbir Puri,48,Female,Mumbai,Premium Buyer,Grocery & Gourmet,2025-07-25
2835,Om Bhalla,47,Female,Lucknow,Mainstream Buyer,Sports & Outdoors,2024-11-01
2836,Ishani Som,34,Female,Indore,Mainstream Buyer,Sports & Outdoors,2025-11-25
2837,Charles Dalal,47,Male,Kochi,Mainstream Buyer,Fashion,2025-06-27
2838,Radha Dixit,19,Female,Mumbai,Value Seeker,Sports & Outdoors,2025-09-27
2839,Yash Bandi,19,Female,Hyderabad,Value Seeker,Books & Media,2025-11-15
2840,Wridesh Ranganathan,18,Female,Ahmedabad,Budget Shopper,Fashion,2025-08-25
2841,Chasmum Gera,43,Female,Bengaluru,Premium Buyer,Toys & Games,2026-05-13
2842,Gaurav Sheth,42,Female,Delhi,Value Seeker,Toys & Games,2025-07-06
2843,Anvi Saxena,26,Female,Chennai,Value Seeker,Automotive,2026-03-11
2844,Advay Dar,22,Male,Kochi,Budget Shopper,Electronics,2025-03-18
2845,Fitan Dara,25,Male,Delhi,Budget Shopper,Home & Kitchen,2026-04-09
2846,Yashodhara Kar,42,Female,Nagpur,Mainstream Buyer,Sports & Outdoors,2026-06-22
2847,Varsha Mahal,22,Female,Ahmedabad,Budget Shopper,Automotive,2025-05-29
2848,Pratyush Rajagopalan,22,Male,Bengaluru,Budget Shopper,Home & Kitchen,2025-10-04
2849,Radha Misra,24,Male,Mumbai,Mainstream Buyer,Health & Wellness,2024-04-28
2850,Hardik Nanda,26,Male,Nagpur,Value Seeker,Health & Wellness,2025-11-03
2851,Qasim Ravi,42,Female,Kochi,Value Seeker,Electronics,2025-07-04
2852,Meera Yadav,32,Female,Chandigarh,Value Seeker,Beauty & Personal Care,2025-11-29
2853,Devansh Venkataraman,36,Female,Indore,Premium Buyer,Home & Kitchen,2024-04-17
2854,Sarthak Dalal,43,Male,Nagpur,Value Seeker,Sports & Outdoors,2024-07-17
2855,Pranit Ahluwalia,31,Male,Bhubaneswar,Mainstream Buyer,Health & Wellness,2026-01-26
2856,Dipta Das,59,Female,Indore,Luxury Enthusiast,Beauty & Personal Care,2025-11-15
2857,Kabir Jhaveri,49,Male,Chandigarh,Mainstream Buyer,Toys & Games,2026-01-13
2858,Gagan Kunda,32,Male,Chandigarh,Value Seeker,Fashion,2026-02-14
2859,Frado Dash,23,Male,Chennai,Mainstream Buyer,Books & Media,2025-11-25
2860,Januja Garg,52,Female,Kochi,Value Seeker,Beauty & Personal Care,2024-05-21
2861,Aadi Kothari,35,Female,Nagpur,Value Seeker,Health & Wellness,2025-05-11
2862,Chakradhar Venkataraman,29,Male,Chandigarh,Value Seeker,Grocery & Gourmet,2025-07-19
2863,Sai Dey,40,Male,Delhi,Value Seeker,Home & Kitchen,2026-01-09
2864,Dhriti Virk,33,Female,Delhi,Budget Shopper,Toys & Games,2026-01-15
2865,Yashvi Kadakia,43,Male,Hyderabad,Value Seeker,Beauty & Personal Care,2025-02-13
2866,Chaitanya Khalsa,21,Male,Lucknow,Budget Shopper,Sports & Outdoors,2024-08-20
2867,Raghav Dhar,34,Male,Pune,Value Seeker,Sports & Outdoors,2025-02-11
2868,Tanveer Desai,26,Male,Coimbatore,Mainstream Buyer,Automotive,2024-11-13
2869,Jagrati Mall,52,Female,Bengaluru,Luxury Enthusiast,Home & Kitchen,2025-11-06
2870,Pahal Borde,26,Female,Mumbai,Budget Shopper,Electronics,2024-02-26
2871,Abha Raj,39,Male,Indore,Mainstream Buyer,Fashion,2024-06-16
2872,Mugdha Shan,30,Female,Chennai,Value Seeker,Automotive,2024-04-27
2873,Aachal Sandal,24,Male,Mumbai,Budget Shopper,Home & Kitchen,2024-11-03
2874,Samar Bobal,19,Female,Hyderabad,Budget Shopper,Electronics,2024-10-10
2875,Reyansh Pradhan,34,Male,Kolkata,Budget Shopper,Sports & Outdoors,2026-04-27
2876,Oni Dube,40,Male,Pune,Budget Shopper,Automotive,2026-02-05
2877,Radha Raghavan,26,Female,Bhubaneswar,Value Seeker,Automotive,2026-03-03
2878,Yug Brahmbhatt,36,Female,Hyderabad,Value Seeker,Health & Wellness,2025-04-19
2879,Jeet Wali,35,Female,Kochi,Value Seeker,Toys & Games,2025-01-14
2880,Niharika Bhatti,27,Female,Chennai,Budget Shopper,Automotive,2026-03-15
2881,Gaurav Patil,18,Female,Ahmedabad,Budget Shopper,Grocery & Gourmet,2024-08-19
2882,Anjali Dhingra,18,Female,Chennai,Budget Shopper,Electronics,2025-02-18
2883,Anusha Anne,29,Male,Kolkata,Mainstream Buyer,Sports & Outdoors,2025-01-08
2884,Krishna Kapadia,18,Male,Kochi,Value Seeker,Books & Media,2024-03-23
2885,Henry Dasgupta,49,Female,Kochi,Mainstream Buyer,Sports & Outdoors,2025-01-17
2886,Damini Suri,30,Female,Bengaluru,Budget Shopper,Automotive,2026-06-27
2887,Ikshita Manda,26,Female,Bengaluru,Budget Shopper,Health & Wellness,2024-08-04
2888,Hardik Bava,27,Male,Hyderabad,Luxury Enthusiast,Books & Media,2024-04-29
2889,Eesha Ramachandran,18,Male,Bhubaneswar,Budget Shopper,Electronics,2026-04-16
2890,Hemani Wali,26,Male,Kolkata,Budget Shopper,Beauty & Personal Care,2025-02-27
2891,Vansha Datta,44,Female,Kochi,Budget Shopper,Fashion,2025-05-01
2892,Aditya Varghese,40,Male,Ahmedabad,Luxury Enthusiast,Sports & Outdoors,2026-02-14
2893,Jonathan Dhar,44,Female,Kolkata,Mainstream Buyer,Home & Kitchen,2025-10-24
2894,Amara Bera,32,Male,Mumbai,Mainstream Buyer,Electronics,2024-05-17
2895,Zaid Sahota,47,Male,Ahmedabad,Luxury Enthusiast,Fashion,2025-07-11
2896,Qadim Sarna,37,Female,Nagpur,Budget Shopper,Sports & Outdoors,2025-03-02
2897,Upadhriti Thakkar,43,Male,Nagpur,Luxury Enthusiast,Fashion,2024-07-27
2898,Anya Sangha,20,Female,Chennai,Budget Shopper,Electronics,2025-05-21
2899,Dalaja Chahal,49,Male,Jaipur,Mainstream Buyer,Home & Kitchen,2024-04-15
2900,Niharika Munshi,32,Female,Chennai,Value Seeker,Toys & Games,2025-04-04
2901,Fariq Bose,41,Female,Bhubaneswar,Value Seeker,Toys & Games,2024-01-20
2902,Girik Gandhi,40,Female,Jaipur,Luxury Enthusiast,Beauty & Personal Care,2026-02-17
2903,Frado Mangal,39,Male,Bhubaneswar,Budget Shopper,Toys & Games,2024-04-18
2904,Advaith Samra,49,Male,Chandigarh,Luxury Enthusiast,Fashion,2026-03-20
2905,Varsha Tank,35,Female,Kolkata,Value Seeker,Grocery & Gourmet,2024-06-25
2906,Nidra Atwal,38,Other,Ahmedabad,Mainstream Buyer,Electronics,2024-11-09
2907,Abhimanyu Sandal,42,Female,Kochi,Luxury Enthusiast,Fashion,2025-02-09
2908,Yash Wable,26,Female,Hyderabad,Budget Shopper,Health & Wellness,2024-04-25
2909,Saumya Ganguly,39,Female,Chandigarh,Premium Buyer,Sports & Outdoors,2024-11-28
2910,Parth Borde,45,Female,Kochi,Mainstream Buyer,Books & Media,2024-10-10
2911,Kiaan Varkey,35,Female,Hyderabad,Mainstream Buyer,Beauty & Personal Care,2024-08-17
2912,Charan Sami,18,Female,Ahmedabad,Budget Shopper,Toys & Games,2024-05-31
2913,Ladli Garde,18,Female,Chandigarh,Value Seeker,Grocery & Gourmet,2025-12-02
2914,Isaiah Nigam,21,Female,Pune,Mainstream Buyer,Grocery & Gourmet,2024-05-27
2915,Jacob Mannan,37,Female,Lucknow,Value Seeker,Home & Kitchen,2025-01-13
2916,Vasudha Memon,18,Male,Nagpur,Budget Shopper,Toys & Games,2026-06-02
2917,Tanay Agate,29,Male,Kolkata,Budget Shopper,Grocery & Gourmet,2024-03-21
2918,Teerth Mody,44,Other,Nagpur,Premium Buyer,Sports & Outdoors,2024-08-02
2919,Ubika Sura,26,Female,Pune,Budget Shopper,Beauty & Personal Care,2024-04-15
2920,Ishani Ahuja,40,Male,Jaipur,Mainstream Buyer,Toys & Games,2024-08-01
2921,Falguni Misra,48,Female,Indore,Luxury Enthusiast,Books & Media,2025-08-22
2922,Hredhaan Ahluwalia,18,Female,Delhi,Budget Shopper,Home & Kitchen,2025-08-18
2923,Quincy Ratti,24,Female,Lucknow,Budget Shopper,Health & Wellness,2025-10-23
2924,Aditya Chaudhuri,40,Female,Kochi,Mainstream Buyer,Books & Media,2025-06-25
2925,Vyanjana Hora,41,Male,Coimbatore,Budget Shopper,Books & Media,2026-05-30
2926,Yoshita Dube,52,Male,Nagpur,Mainstream Buyer,Home & Kitchen,2024-08-25
2927,Jatin Sura,24,Male,Ahmedabad,Mainstream Buyer,Toys & Games,2024-08-19
2928,Nachiket Krishna,33,Female,Bhubaneswar,Mainstream Buyer,Health & Wellness,2024-01-20
2929,Upma Rana,18,Male,Kochi,Value Seeker,Grocery & Gourmet,2025-02-17
2930,Chandani Patla,50,Female,Hyderabad,Mainstream Buyer,Books & Media,2024-01-19
2931,Qabil Yadav,46,Female,Coimbatore,Mainstream Buyer,Toys & Games,2025-12-23
2932,Ikbal Sarna,30,Female,Hyderabad,Budget Shopper,Home & Kitchen,2025-04-28
2933,Neel Dey,38,Female,Bhubaneswar,Mainstream Buyer,Electronics,2024-07-22
2934,Radha Ahluwalia,55,Female,Bengaluru,Premium Buyer,Toys & Games,2024-07-16
2935,Rushil Choudhry,47,Female,Ahmedabad,Mainstream Buyer,Fashion,2024-07-30
2936,Bhavani Baria,42,Male,Chandigarh,Value Seeker,Electronics,2025-05-05
2937,Megha Sama,36,Male,Mumbai,Value Seeker,Grocery & Gourmet,2026-04-25
2938,Azad Dyal,23,Female,Ahmedabad,Budget Shopper,Sports & Outdoors,2024-05-08
2939,Varenya Lata,33,Male,Jaipur,Budget Shopper,Automotive,2025-07-20
2940,Oviya Suresh,34,Female,Kolkata,Budget Shopper,Automotive,2024-11-19
2941,Joshua Nair,45,Male,Coimbatore,Luxury Enthusiast,Fashion,2026-03-02
2942,Yachana Ramachandran,23,Female,Kolkata,Budget Shopper,Grocery & Gourmet,2024-03-05
2943,Imaran Chokshi,53,Male,Kolkata,Premium Buyer,Beauty & Personal Care,2025-11-10
2944,Jonathan Dugal,41,Female,Chennai,Budget Shopper,Grocery & Gourmet,2024-01-10
2945,Xiti Arya,25,Male,Kochi,Value Seeker,Electronics,2024-09-21
2946,Charles Oommen,29,Female,Bhubaneswar,Value Seeker,Sports & Outdoors,2025-09-05
2947,Abhiram Saraf,35,Male,Bengaluru,Value Seeker,Toys & Games,2025-07-31
2948,Bimala Manda,47,Female,Pune,Premium Buyer,Sports & Outdoors,2024-01-26
2949,Fitan Sanghvi,42,Male,Hyderabad,Luxury Enthusiast,Books & Media,2025-01-09
2950,Michael Vaidya,59,Female,Hyderabad,Premium Buyer,Electronics,2024-10-12
2951,Zaid Mand,30,Female,Nagpur,Budget Shopper,Electronics,2024-12-23
2952,Adya Kota,41,Female,Lucknow,Mainstream Buyer,Toys & Games,2025-11-27
2953,Rushil Som,42,Female,Nagpur,Budget Shopper,Sports & Outdoors,2026-03-03
2954,Yadavi Golla,38,Female,Coimbatore,Premium Buyer,Books & Media,2026-06-28
2955,Manthan Karnik,31,Female,Coimbatore,Value Seeker,Beauty & Personal Care,2025-06-29
2956,Kevin Rattan,20,Male,Lucknow,Value Seeker,Electronics,2024-10-20
2957,Anusha Handa,25,Female,Coimbatore,Budget Shopper,Grocery & Gourmet,2025-10-01
2958,Pooja Badami,18,Male,Chandigarh,Budget Shopper,Fashion,2025-12-11
2959,Gavin Behl,33,Female,Kolkata,Budget Shopper,Grocery & Gourmet,2025-07-14
2960,Nikita Vohra,46,Male,Delhi,Premium Buyer,Electronics,2025-12-03
2961,Vihaan Kapadia,40,Male,Ahmedabad,Premium Buyer,Health & Wellness,2025-06-02
2962,Pooja Srinivas,46,Female,Mumbai,Luxury Enthusiast,Home & Kitchen,2025-02-16
2963,Yashvi Sane,33,Male,Mumbai,Budget Shopper,Automotive,2025-10-27
2964,Daksha Choudhary,26,Male,Mumbai,Mainstream Buyer,Electronics,2026-06-03
2965,Januja Mand,28,Male,Delhi,Budget Shopper,Sports & Outdoors,2026-03-30
2966,Omya Koshy,43,Female,Lucknow,Mainstream Buyer,Sports & Outdoors,2025-06-19
2967,Champak Gopal,18,Male,Kochi,Value Seeker,Fashion,2026-01-21
2968,Aadi Ben,38,Male,Bhubaneswar,Value Seeker,Sports & Outdoors,2024-07-07
2969,Simon Mangal,21,Other,Chennai,Mainstream Buyer,Home & Kitchen,2026-02-01
2970,Ati Chaudhuri,25,Female,Kolkata,Budget Shopper,Sports & Outdoors,2026-06-06
2971,Qasim Krishnan,21,Male,Ahmedabad,Value Seeker,Beauty & Personal Care,2024-12-17
2972,Januja Natt,49,Female,Indore,Mainstream Buyer,Fashion,2024-12-13
2973,Isaac Chatterjee,18,Male,Bhubaneswar,Budget Shopper,Grocery & Gourmet,2024-10-30
2974,Kalpit Narula,32,Female,Lucknow,Luxury Enthusiast,Books & Media,2026-02-07
2975,Janaki Wadhwa,33,Male,Jaipur,Value Seeker,Automotive,2024-10-23
2976,Wazir Majumdar,39,Male,Nagpur,Premium Buyer,Automotive,2024-05-11
2977,Leena Chahal,23,Male,Bengaluru,Mainstream Buyer,Home & Kitchen,2024-12-30
2978,Kalpit Dara,41,Female,Ahmedabad,Mainstream Buyer,Home & Kitchen,2025-07-12
2979,Rayaan Hans,19,Male,Hyderabad,Mainstream Buyer,Health & Wellness,2025-04-21
2980,Hardik Borde,33,Female,Bengaluru,Premium Buyer,Beauty & Personal Care,2024-06-26
2981,Charvi Som,31,Female,Pune,Mainstream Buyer,Electronics,2026-02-21
2982,Mitesh Bassi,39,Female,Indore,Value Seeker,Books & Media,2024-09-13
2983,Rehaan Sahota,38,Female,Kolkata,Budget Shopper,Health & Wellness,2025-10-29
2984,Idika Pau,46,Male,Chandigarh,Mainstream Buyer,Home & Kitchen,2024-04-27
2985,Jacob Sarin,25,Male,Kochi,Budget Shopper,Toys & Games,2026-02-24
2986,Vasudha Saini,18,Male,Lucknow,Budget Shopper,Beauty & Personal Care,2025-03-20
2987,Ojas Mahal,30,Female,Hyderabad,Budget Shopper,Beauty & Personal Care,2025-07-03
2988,Bimala Bath,50,Male,Chandigarh,Mainstream Buyer,Sports & Outdoors,2025-04-17
2989,Ranveer Rao,38,Female,Hyderabad,Budget Shopper,Fashion,2025-07-20
2990,Yochana Borde,41,Female,Kolkata,Mainstream Buyer,Beauty & Personal Care,2026-05-28
2991,Raksha Upadhyay,32,Female,Indore,Premium Buyer,Home & Kitchen,2024-05-15
2992,Madhavi Rattan,38,Female,Lucknow,Premium Buyer,Automotive,2025-03-04
2993,Samuel Gour,49,Male,Chennai,Value Seeker,Home & Kitchen,2025-01-03
2994,Nathaniel Kamdar,24,Male,Chennai,Mainstream Buyer,Automotive,2025-03-15
2995,Yochana Shah,26,Female,Pune,Mainstream Buyer,Electronics,2025-03-09
2996,Chavvi Kannan,40,Male,Ahmedabad,Value Seeker,Sports & Outdoors,2024-12-29
2997,Amrita Dani,33,Female,Mumbai,Mainstream Buyer,Home & Kitchen,2025-06-16
2998,Udarsh Bath,18,Female,Hyderabad,Budget Shopper,Sports & Outdoors,2026-03-04
2999,Bishakha Baral,60,Male,Bengaluru,Luxury Enthusiast,Grocery & Gourmet,2026-06-04
3000,Arunima Deol,31,Male,Bengaluru,Budget Shopper,Health & Wellness,2025-02-27
3001,Charan Kothari,39,Male,Kolkata,Premium Buyer,Grocery & Gourmet,2026-01-13
3002,Jack Agarwal,26,Male,Mumbai,Mainstream Buyer,Books & Media,2025-05-16
3003,Jyoti Nair,45,Female,Coimbatore,Budget Shopper,Books & Media,2024-12-30
3004,Aishani Deol,36,Female,Coimbatore,Mainstream Buyer,Health & Wellness,2025-01-07
3005,Chaitaly Nair,39,Male,Hyderabad,Budget Shopper,Health & Wellness,2026-01-29
3006,Advaith Parekh,45,Female,Bhubaneswar,Mainstream Buyer,Grocery & Gourmet,2024-11-10
3007,Ati Goda,32,Male,Kochi,Mainstream Buyer,Fashion,2024-03-01
3008,Amol Yogi,22,Other,Kolkata,Budget Shopper,Home & Kitchen,2025-08-07
3009,Lavanya Kurian,40,Female,Hyderabad,Budget Shopper,Home & Kitchen,2026-03-15
3010,Riya Kannan,50,Male,Pune,Mainstream Buyer,Home & Kitchen,2025-03-31
3011,Amruta Jani,18,Female,Nagpur,Value Seeker,Health & Wellness,2024-12-19
3012,Nachiket Sehgal,47,Female,Mumbai,Premium Buyer,Fashion,2025-07-08
3013,Radha Pillay,35,Male,Mumbai,Mainstream Buyer,Automotive,2025-01-04
3014,Varenya Chander,27,Male,Pune,Mainstream Buyer,Automotive,2024-08-07
3015,Pratyush Sharaf,34,Female,Bhubaneswar,Value Seeker,Books & Media,2025-01-23
3016,Patrick Gulati,24,Male,Chennai,Mainstream Buyer,Beauty & Personal Care,2024-07-10
3017,Pranit Manda,42,Male,Lucknow,Luxury Enthusiast,Home & Kitchen,2026-02-18
3018,Dayita Gaba,19,Male,Kochi,Budget Shopper,Toys & Games,2025-10-08
3019,Meera Guha,27,Female,Hyderabad,Value Seeker,Toys & Games,2025-02-13
3020,Luke Bora,26,Male,Bhubaneswar,Budget Shopper,Books & Media,2025-11-08
3021,Yatan Sha,22,Female,Bengaluru,Value Seeker,Books & Media,2024-01-13
3022,Harish Vyas,51,Male,Jaipur,Mainstream Buyer,Automotive,2024-10-25
3023,Advik Chaudhry,36,Male,Coimbatore,Value Seeker,Grocery & Gourmet,2025-06-23
3024,Leena Bail,53,Female,Coimbatore,Mainstream Buyer,Grocery & Gourmet,2024-07-30
3025,Agastya Bassi,30,Male,Chandigarh,Value Seeker,Home & Kitchen,2024-01-23
3026,Yuvraj Chacko,22,Female,Lucknow,Budget Shopper,Electronics,2026-06-21
3027,Luke Arya,47,Male,Coimbatore,Value Seeker,Sports & Outdoors,2025-02-12
3028,Hitesh Nigam,37,Female,Bengaluru,Premium Buyer,Beauty & Personal Care,2025-06-09
3029,Samaksh Dewan,35,Male,Chennai,Mainstream Buyer,Beauty & Personal Care,2024-08-16
3030,Sachi Gade,38,Female,Kolkata,Value Seeker,Books & Media,2025-09-25
3031,Garima Srinivas,31,Male,Kolkata,Premium Buyer,Health & Wellness,2025-09-09
3032,Yagnesh Bhalla,33,Female,Delhi,Budget Shopper,Automotive,2024-08-06
3033,Jatin Bail,32,Male,Delhi,Budget Shopper,Toys & Games,2024-04-15
3034,Harshil Minhas,38,Male,Ahmedabad,Budget Shopper,Grocery & Gourmet,2026-02-21
3035,Yasti Sagar,55,Female,Lucknow,Luxury Enthusiast,Sports & Outdoors,2024-12-21
3036,Aarav Kapur,48,Male,Bhubaneswar,Mainstream Buyer,Books & Media,2024-07-26
3037,Utkarsh Sane,36,Male,Nagpur,Mainstream Buyer,Sports & Outdoors,2026-02-02
3038,Manan Pandit,19,Female,Ahmedabad,Budget Shopper,Automotive,2024-11-09
3039,Upkaar Rajagopalan,45,Female,Bhubaneswar,Budget Shopper,Health & Wellness,2024-01-26
3040,Vyanjana Gara,23,Female,Ahmedabad,Mainstream Buyer,Sports & Outdoors,2024-05-29
3041,Udarsh Chaudry,19,Other,Ahmedabad,Value Seeker,Grocery & Gourmet,2026-01-06
3042,Ishanvi Bose,48,Male,Hyderabad,Premium Buyer,Electronics,2024-01-16
3043,Jagat Patel,51,Male,Coimbatore,Mainstream Buyer,Sports & Outdoors,2025-08-11
3044,Caleb Dora,33,Female,Chennai,Value Seeker,Automotive,2025-04-25
3045,Priya Wali,45,Male,Ahmedabad,Mainstream Buyer,Toys & Games,2025-10-10
3046,Pratyush Sandal,29,Male,Bhubaneswar,Luxury Enthusiast,Books & Media,2024-10-06
3047,Charvi Mangat,27,Male,Jaipur,Value Seeker,Home & Kitchen,2026-03-09
3048,Hemang Madan,20,Male,Chennai,Mainstream Buyer,Automotive,2024-09-26
3049,Jyoti Lanka,50,Male,Coimbatore,Premium Buyer,Health & Wellness,2026-05-11
3050,Aarnav Dixit,18,Male,Lucknow,Budget Shopper,Beauty & Personal Care,2024-05-27
3051,Ekaja Divan,31,Female,Kochi,Premium Buyer,Automotive,2025-09-08
3052,Sanya Sridhar,31,Female,Mumbai,Budget Shopper,Books & Media,2025-03-19
3053,Isaiah Sane,46,Female,Hyderabad,Mainstream Buyer,Beauty & Personal Care,2025-12-06
3054,Maanav Chana,41,Male,Bengaluru,Premium Buyer,Beauty & Personal Care,2026-03-25
3055,Joshua Gopal,42,Male,Nagpur,Mainstream Buyer,Books & Media,2026-06-09
3056,Ira Nagar,36,Female,Chennai,Value Seeker,Sports & Outdoors,2024-01-26
3057,Panini Srivastava,35,Male,Ahmedabad,Mainstream Buyer,Toys & Games,2026-02-27
3058,Gauri Devi,18,Male,Bhubaneswar,Budget Shopper,Fashion,2026-05-10
3059,Leela Sahota,32,Female,Nagpur,Budget Shopper,Sports & Outdoors,2025-03-23
3060,Waida Walia,37,Female,Hyderabad,Value Seeker,Grocery & Gourmet,2024-02-11
3061,Leena Chacko,45,Male,Chandigarh,Mainstream Buyer,Automotive,2026-04-16
3062,Theodore Chahal,34,Female,Lucknow,Value Seeker,Home & Kitchen,2025-11-11
3063,Janaki Agate,18,Female,Kochi,Budget Shopper,Toys & Games,2025-02-12
3064,Anay Patil,49,Female,Bengaluru,Premium Buyer,Beauty & Personal Care,2025-04-11
3065,Kiaan Choudhary,31,Male,Lucknow,Value Seeker,Grocery & Gourmet,2026-02-19
3066,Ikshita Patel,27,Female,Kochi,Value Seeker,Beauty & Personal Care,2024-02-21
3067,Chaitaly Sharma,29,Female,Ahmedabad,Value Seeker,Toys & Games,2025-08-10
3068,Oviya Kibe,20,Male,Kochi,Budget Shopper,Sports & Outdoors,2024-10-26
3069,Udarsh Bhalla,44,Female,Hyderabad,Mainstream Buyer,Home & Kitchen,2025-05-12
3070,Jacob Dhar,19,Female,Kochi,Value Seeker,Books & Media,2025-01-17
3071,Atharv Samra,18,Male,Bengaluru,Budget Shopper,Toys & Games,2024-04-03
3072,Chatura Cherian,44,Male,Chennai,Luxury Enthusiast,Toys & Games,2025-09-09
3073,Vansha Dugar,57,Male,Ahmedabad,Premium Buyer,Grocery & Gourmet,2024-06-23
3074,Manan Pau,46,Female,Bengaluru,Mainstream Buyer,Toys & Games,2025-10-09
3075,Farhan Konda,28,Male,Bhubaneswar,Premium Buyer,Automotive,2025-09-17
3076,Advik Saha,55,Female,Bhubaneswar,Premium Buyer,Sports & Outdoors,2026-06-01
3077,Qabil Singhal,44,Male,Ahmedabad,Value Seeker,Books & Media,2025-08-21
3078,Chandani Singhal,26,Female,Kochi,Mainstream Buyer,Sports & Outdoors,2025-01-16
3079,Geetika Sawhney,18,Female,Chennai,Mainstream Buyer,Books & Media,2024-11-28
3080,Bhavini Choudhry,31,Female,Hyderabad,Value Seeker,Fashion,2025-06-06
3081,Darpan Balay,37,Female,Nagpur,Budget Shopper,Automotive,2025-08-12
3082,Yahvi Dyal,41,Male,Pune,Budget Shopper,Books & Media,2025-12-10
3083,Meghana Sampath,29,Male,Nagpur,Mainstream Buyer,Books & Media,2024-04-03
3084,Aarna Thaker,58,Female,Delhi,Premium Buyer,Automotive,2025-07-18
3085,Utkarsh Sampath,18,Male,Delhi,Mainstream Buyer,Sports & Outdoors,2025-09-27
3086,Anita Chanda,28,Female,Ahmedabad,Value Seeker,Sports & Outdoors,2024-03-01
3087,Jeremiah Kakar,23,Female,Indore,Budget Shopper,Books & Media,2024-12-01
3088,Daksh Kanda,42,Female,Pune,Value Seeker,Health & Wellness,2024-05-24
3089,Qarin Brahmbhatt,48,Male,Chandigarh,Mainstream Buyer,Home & Kitchen,2025-07-14
3090,Vansha Munshi,51,Female,Bengaluru,Premium Buyer,Fashion,2025-06-06
3091,Lajita Gala,30,Male,Chandigarh,Premium Buyer,Fashion,2024-09-08
3092,Kamya Samra,50,Female,Ahmedabad,Premium Buyer,Grocery & Gourmet,2024-01-26
3093,Anamika Chopra,47,Female,Chennai,Premium Buyer,Electronics,2024-07-17
3094,Faras Patil,31,Female,Coimbatore,Luxury Enthusiast,Grocery & Gourmet,2025-05-08
3095,Ayaan Khatri,18,Female,Indore,Value Seeker,Automotive,2025-01-05
3096,Nicholas Chhabra,36,Male,Bhubaneswar,Budget Shopper,Toys & Games,2025-08-19
3097,Siddharth Apte,25,Female,Delhi,Budget Shopper,Fashion,2025-05-14
3098,Raghav Jaggi,20,Female,Lucknow,Value Seeker,Toys & Games,2025-07-14
3099,Wridesh Luthra,25,Male,Kolkata,Budget Shopper,Sports & Outdoors,2026-04-02
3100,Chaitanya Sule,30,Female,Jaipur,Budget Shopper,Electronics,2024-04-30
3101,Chanakya Murty,46,Female,Ahmedabad,Luxury Enthusiast,Fashion,2026-02-27
3102,Dayamai Anand,18,Female,Indore,Budget Shopper,Grocery & Gourmet,2025-10-31
3103,Barkha Rao,63,Female,Pune,Luxury Enthusiast,Books & Media,2025-11-13
3104,Divya Raman,46,Male,Chennai,Mainstream Buyer,Sports & Outdoors,2025-12-11
3105,Kai Chatterjee,33,Female,Ahmedabad,Mainstream Buyer,Grocery & Gourmet,2025-04-06
3106,Nikita Thakur,34,Male,Coimbatore,Mainstream Buyer,Books & Media,2024-02-12
3107,Yadavi Doctor,35,Female,Chandigarh,Value Seeker,Health & Wellness,2025-09-06
3108,Lavanya Sood,26,Male,Mumbai,Mainstream Buyer,Electronics,2024-09-04
3109,Bina Edwin,29,Female,Kochi,Budget Shopper,Home & Kitchen,2024-09-05
3110,Ubika Brar,35,Male,Delhi,Luxury Enthusiast,Fashion,2024-08-08
3111,Vincent Kale,31,Male,Kochi,Value Seeker,Sports & Outdoors,2024-12-14
3112,Naveen Thaker,18,Male,Kochi,Budget Shopper,Health & Wellness,2024-08-30
3113,Sara Deep,26,Female,Chandigarh,Mainstream Buyer,Sports & Outdoors,2024-08-10
3114,Bina Parsa,51,Male,Hyderabad,Mainstream Buyer,Beauty & Personal Care,2024-10-20
3115,Balveer Ram,32,Male,Indore,Value Seeker,Electronics,2025-02-10
3116,Sathvik Borde,38,Male,Lucknow,Mainstream Buyer,Beauty & Personal Care,2026-04-09
3117,Widisha Chatterjee,18,Male,Coimbatore,Budget Shopper,Home & Kitchen,2025-03-28
3118,Luke More,31,Female,Coimbatore,Mainstream Buyer,Fashion,2024-08-17
3119,Wishi Chandra,36,Female,Jaipur,Value Seeker,Fashion,2025-08-25
3120,Dipta Gara,33,Male,Delhi,Value Seeker,Toys & Games,2025-11-17
3121,Neel Bir,18,Male,Chandigarh,Budget Shopper,Grocery & Gourmet,2025-01-09
3122,Januja Pandit,33,Male,Pune,Value Seeker,Grocery & Gourmet,2026-03-03
3123,Ekavir Gola,35,Male,Delhi,Value Seeker,Electronics,2024-09-18
3124,Aarna Solanki,43,Male,Kochi,Value Seeker,Health & Wellness,2024-01-23
3125,Riya Dey,21,Male,Nagpur,Budget Shopper,Books & Media,2025-04-18
3126,Vinaya Baral,18,Male,Lucknow,Budget Shopper,Books & Media,2026-06-05
3127,Bhavini Rattan,28,Male,Hyderabad,Mainstream Buyer,Automotive,2025-10-28
3128,Kai Sastry,18,Female,Chandigarh,Budget Shopper,Home & Kitchen,2026-06-02
3129,Yauvani Murthy,43,Male,Chandigarh,Mainstream Buyer,Books & Media,2025-05-11
3130,Fiyaz Sachdev,22,Female,Kolkata,Luxury Enthusiast,Electronics,2025-09-23
3131,Adya Basak,27,Female,Jaipur,Value Seeker,Sports & Outdoors,2024-07-31
3132,Yash Anand,55,Female,Chandigarh,Premium Buyer,Home & Kitchen,2024-05-27
3133,Henry Mannan,27,Male,Bengaluru,Budget Shopper,Fashion,2025-06-02
3134,Nathan Rastogi,35,Female,Kolkata,Budget Shopper,Toys & Games,2024-01-27
3135,Udant Rama,22,Female,Ahmedabad,Mainstream Buyer,Fashion,2025-05-20
3136,Girik Palla,22,Other,Mumbai,Mainstream Buyer,Health & Wellness,2026-03-15
3137,Upadhriti Warrior,55,Female,Bengaluru,Premium Buyer,Home & Kitchen,2024-03-30
3138,Ikbal Chada,27,Male,Kochi,Budget Shopper,Electronics,2025-07-08
3139,Hritik Ranganathan,37,Female,Chennai,Mainstream Buyer,Sports & Outdoors,2024-04-20
3140,Ryan Ratti,21,Female,Hyderabad,Value Seeker,Beauty & Personal Care,2024-09-04
3141,Dhruv Nadig,32,Male,Chennai,Value Seeker,Toys & Games,2024-03-02
3142,Vedika Kala,18,Male,Delhi,Budget Shopper,Toys & Games,2024-11-23
3143,Ishwar Mallick,57,Female,Coimbatore,Luxury Enthusiast,Books & Media,2025-01-10
3144,Balvan Dugal,51,Male,Chennai,Budget Shopper,Books & Media,2025-12-01
3145,Madhav Kala,47,Female,Coimbatore,Premium Buyer,Grocery & Gourmet,2025-10-21
3146,Azad Rai,31,Male,Chandigarh,Mainstream Buyer,Toys & Games,2025-09-06
3147,Janaki Sani,18,Female,Ahmedabad,Mainstream Buyer,Fashion,2025-09-23
3148,Tanay Bhagat,21,Male,Bhubaneswar,Mainstream Buyer,Sports & Outdoors,2025-01-09
3149,Arin Sampath,56,Female,Hyderabad,Premium Buyer,Toys & Games,2024-05-04
3150,Zayyan Goda,18,Female,Nagpur,Budget Shopper,Home & Kitchen,2026-05-29
3151,Lucky Biswas,23,Female,Kolkata,Budget Shopper,Automotive,2024-12-18
3152,Nidhi Bumb,42,Male,Chennai,Mainstream Buyer,Sports & Outdoors,2024-08-13
3153,Siya Saini,45,Male,Nagpur,Value Seeker,Beauty & Personal Care,2025-05-25
3154,Aashi Gour,25,Male,Ahmedabad,Budget Shopper,Beauty & Personal Care,2025-10-24
3155,George Sangha,23,Male,Lucknow,Budget Shopper,Toys & Games,2025-06-04
3156,Chameli Gala,32,Other,Indore,Value Seeker,Grocery & Gourmet,2024-06-11
3157,Ikshita Saini,21,Male,Ahmedabad,Budget Shopper,Home & Kitchen,2024-03-25
3158,Vaishnavi Wason,21,Male,Kolkata,Budget Shopper,Fashion,2024-10-20
3159,Rajeshri Pant,46,Female,Ahmedabad,Premium Buyer,Electronics,2025-04-17
3160,Advaith Issac,33,Male,Pune,Value Seeker,Sports & Outdoors,2024-11-23
3161,Maanav Naik,66,Male,Pune,Luxury Enthusiast,Health & Wellness,2024-10-26
3162,Akshay Dora,50,Female,Hyderabad,Luxury Enthusiast,Health & Wellness,2024-08-05
3163,Manbir Tata,37,Male,Bhubaneswar,Budget Shopper,Books & Media,2026-02-20
3164,Ishaan Ray,27,Female,Kochi,Mainstream Buyer,Books & Media,2026-04-24
3165,Aarush Seshadri,41,Female,Indore,Mainstream Buyer,Books & Media,2025-08-22
3166,Shivani Chatterjee,30,Male,Coimbatore,Mainstream Buyer,Home & Kitchen,2025-11-07
3167,Tejas Guha,30,Female,Kolkata,Budget Shopper,Sports & Outdoors,2024-12-21
3168,Ojas Purohit,33,Female,Kolkata,Budget Shopper,Health & Wellness,2025-03-15
3169,Ijaya Kadakia,27,Male,Nagpur,Budget Shopper,Toys & Games,2024-03-21
3170,Akshay Prabhakar,58,Female,Mumbai,Mainstream Buyer,Home & Kitchen,2024-07-27
3171,Amol Mittal,59,Male,Chennai,Luxury Enthusiast,Electronics,2026-02-17
3172,Yadavi Dash,47,Female,Lucknow,Mainstream Buyer,Grocery & Gourmet,2024-05-23
3173,Tamanna Sachdev,43,Female,Jaipur,Mainstream Buyer,Health & Wellness,2024-08-02
3174,Indira Pandey,62,Male,Kochi,Luxury Enthusiast,Fashion,2025-07-20
3175,Gautami Comar,24,Male,Mumbai,Mainstream Buyer,Beauty & Personal Care,2026-05-09
3176,Tara Sangha,39,Male,Hyderabad,Budget Shopper,Automotive,2024-07-12
3177,Peter Gaba,34,Female,Kochi,Premium Buyer,Home & Kitchen,2026-01-07
3178,Lakshmi Mane,26,Female,Kolkata,Value Seeker,Fashion,2025-12-13
3179,Bhanumati Chaudhary,32,Male,Ahmedabad,Budget Shopper,Beauty & Personal Care,2025-05-01
3180,Hemang Chakraborty,43,Male,Nagpur,Value Seeker,Beauty & Personal Care,2026-04-17
3181,Nisha Chawla,36,Female,Coimbatore,Luxury Enthusiast,Sports & Outdoors,2025-07-04
3182,Harish Sawhney,22,Male,Coimbatore,Budget Shopper,Health & Wellness,2025-11-19
3183,Bimala Salvi,32,Male,Hyderabad,Value Seeker,Health & Wellness,2026-05-14
3184,Udant Sha,25,Male,Kochi,Budget Shopper,Books & Media,2024-04-04
3185,Ishwar Hayre,34,Female,Nagpur,Budget Shopper,Electronics,2025-11-07
3186,Jeet Panchal,57,Male,Coimbatore,Budget Shopper,Home & Kitchen,2025-02-23
3187,Nitara Randhawa,40,Female,Indore,Mainstream Buyer,Fashion,2024-06-21
3188,Kavya Kapur,36,Female,Nagpur,Premium Buyer,Electronics,2025-04-21
3189,Amrita Lalla,18,Male,Bhubaneswar,Budget Shopper,Beauty & Personal Care,2025-10-08
3190,Oeshi Khurana,29,Female,Kolkata,Value Seeker,Electronics,2024-08-27
3191,Oeshi Bali,18,Male,Chennai,Budget Shopper,Books & Media,2024-10-12
3192,Atharv Dube,31,Male,Chennai,Budget Shopper,Home & Kitchen,2026-06-21
3193,Zilmil Nadkarni,41,Female,Indore,Mainstream Buyer,Grocery & Gourmet,2024-06-19
3194,Onkar Sani,32,Male,Pune,Mainstream Buyer,Books & Media,2026-03-15
3195,Mahika Hans,54,Female,Chandigarh,Mainstream Buyer,Health & Wellness,2024-09-01
3196,Charan Sanghvi,25,Female,Indore,Value Seeker,Sports & Outdoors,2026-04-01
3197,Madhavi Ghose,35,Male,Coimbatore,Mainstream Buyer,Fashion,2026-05-02
3198,Eesha Varughese,32,Other,Delhi,Budget Shopper,Health & Wellness,2026-03-12
3199,Rajeshri Kashyap,35,Female,Lucknow,Budget Shopper,Beauty & Personal Care,2024-08-29
3200,Jonathan Thaman,58,Male,Hyderabad,Luxury Enthusiast,Grocery & Gourmet,2025-05-16
3201,Manya Lad,40,Female,Jaipur,Mainstream Buyer,Grocery & Gourmet,2025-01-02
3202,Ekantika Jani,52,Female,Hyderabad,Premium Buyer,Health & Wellness,2025-10-19
3203,Girik Bal,37,Male,Mumbai,Premium Buyer,Toys & Games,2026-03-14
3204,Advay Dua,45,Male,Coimbatore,Mainstream Buyer,Books & Media,2024-07-19
3205,Farhan Raja,51,Male,Ahmedabad,Premium Buyer,Beauty & Personal Care,2024-06-07
3206,Kalpit Setty,45,Male,Coimbatore,Value Seeker,Sports & Outdoors,2024-06-01
3207,Rachit Khatri,18,Male,Ahmedabad,Budget Shopper,Grocery & Gourmet,2026-05-03
3208,Chameli Hari,18,Female,Kolkata,Budget Shopper,Books & Media,2024-03-15
3209,Kritika Lad,34,Female,Mumbai,Budget Shopper,Electronics,2025-02-25
3210,Anvi Butala,18,Female,Chennai,Budget Shopper,Beauty & Personal Care,2026-01-04
3211,Arin Chauhan,36,Male,Bhubaneswar,Value Seeker,Health & Wellness,2026-01-02
3212,Tripti Das,46,Male,Indore,Mainstream Buyer,Home & Kitchen,2025-04-01
3213,Lucky Mandal,37,Male,Ahmedabad,Premium Buyer,Sports & Outdoors,2024-12-31
3214,Pranit Chander,33,Male,Mumbai,Mainstream Buyer,Automotive,2026-05-17
3215,Warda Pathak,18,Female,Nagpur,Budget Shopper,Home & Kitchen,2025-04-08
3216,Mahika Chaudhuri,32,Male,Lucknow,Mainstream Buyer,Toys & Games,2025-11-25
3217,Anthony Sachdev,27,Female,Mumbai,Value Seeker,Grocery & Gourmet,2024-03-22
3218,Vidhi Bose,20,Male,Hyderabad,Budget Shopper,Beauty & Personal Care,2024-12-21
3219,Oni Prashad,25,Female,Bengaluru,Value Seeker,Automotive,2025-07-29
3220,Shravya Dyal,29,Female,Bhubaneswar,Value Seeker,Sports & Outdoors,2025-06-13
3221,Chanchal Anne,29,Female,Nagpur,Value Seeker,Home & Kitchen,2024-06-03
3222,Azad Dalal,59,Female,Pune,Premium Buyer,Home & Kitchen,2024-10-13
3223,Idika Sule,33,Female,Bengaluru,Mainstream Buyer,Home & Kitchen,2025-07-15
3224,Nathan Vig,40,Female,Coimbatore,Mainstream Buyer,Books & Media,2024-06-01
3225,Jairaj Hans,21,Male,Chennai,Budget Shopper,Home & Kitchen,2024-12-15
3226,Arin Vasa,37,Male,Delhi,Premium Buyer,Beauty & Personal Care,2026-05-08
3227,Tarak Patla,21,Female,Chennai,Mainstream Buyer,Grocery & Gourmet,2024-12-07
3228,Teerth Balan,18,Male,Chennai,Budget Shopper,Automotive,2024-03-03
3229,Lakshit Kannan,26,Female,Mumbai,Mainstream Buyer,Toys & Games,2024-05-10
3230,Jonathan Loyal,33,Male,Lucknow,Value Seeker,Books & Media,2026-05-23
3231,Vasatika Iyengar,41,Female,Kolkata,Value Seeker,Toys & Games,2024-04-23
3232,Ijaya Menon,18,Male,Jaipur,Budget Shopper,Sports & Outdoors,2024-01-24
3233,Warhi Sarin,27,Female,Jaipur,Value Seeker,Home & Kitchen,2026-02-03
3234,Reyansh Krishna,18,Male,Indore,Budget Shopper,Grocery & Gourmet,2024-11-30
3235,Rudra Mand,24,Male,Indore,Budget Shopper,Fashion,2024-08-16
3236,Harshil Muni,36,Female,Kochi,Budget Shopper,Health & Wellness,2026-05-22
3237,Samesh Sura,42,Male,Chandigarh,Luxury Enthusiast,Sports & Outdoors,2024-06-11
3238,Sanaya Sampath,31,Male,Kochi,Value Seeker,Automotive,2025-07-09
3239,Eiravati Chokshi,45,Female,Mumbai,Value Seeker,Electronics,2025-10-03
3240,Pushti Iyengar,36,Female,Chandigarh,Value Seeker,Sports & Outdoors,2025-11-09
3241,Kashvi Bhatt,36,Male,Indore,Premium Buyer,Sports & Outdoors,2025-03-30
3242,Oliver Bandi,38,Female,Pune,Mainstream Buyer,Beauty & Personal Care,2024-07-08
3243,Nimrat Memon,35,Male,Pune,Premium Buyer,Books & Media,2024-06-17
3244,Mitali Balan,35,Male,Bhubaneswar,Value Seeker,Toys & Games,2025-12-08
3245,Pranit Naidu,31,Female,Pune,Budget Shopper,Health & Wellness,2024-06-12
3246,Quincy Parmar,24,Male,Kolkata,Mainstream Buyer,Automotive,2024-06-13
3247,Elijah Kale,33,Male,Lucknow,Value Seeker,Home & Kitchen,2026-05-06
3248,Kamya Dhillon,41,Male,Kolkata,Premium Buyer,Health & Wellness,2025-09-21
3249,Jason Andra,47,Female,Pune,Premium Buyer,Sports & Outdoors,2026-06-17
3250,Advay Narasimhan,39,Female,Indore,Value Seeker,Sports & Outdoors,2024-01-17
3251,Udyati Nagy,51,Male,Hyderabad,Luxury Enthusiast,Electronics,2025-04-29
3252,Dominic Rajan,34,Female,Mumbai,Mainstream Buyer,Toys & Games,2025-10-29
3253,Simon Vyas,40,Female,Kolkata,Value Seeker,Automotive,2024-04-12
3254,Harshil Mall,24,Male,Bengaluru,Value Seeker,Home & Kitchen,2024-10-19
3255,Oviya Saran,18,Female,Kolkata,Budget Shopper,Automotive,2024-03-02
3256,Ekaja Hora,18,Male,Delhi,Premium Buyer,Electronics,2024-07-06
3257,Chandran Tak,26,Male,Kochi,Budget Shopper,Health & Wellness,2024-02-17
3258,Chakradhar Maharaj,24,Male,Jaipur,Value Seeker,Home & Kitchen,2025-12-17
3259,Jagdish Dash,40,Male,Chennai,Mainstream Buyer,Sports & Outdoors,2025-12-28
3260,Onveer Narain,18,Female,Coimbatore,Budget Shopper,Electronics,2026-04-23
3261,Warjas Bail,21,Female,Bengaluru,Budget Shopper,Automotive,2025-08-24
3262,Andrew Agrawal,41,Female,Mumbai,Mainstream Buyer,Books & Media,2025-02-17
3263,Bhavani Deep,18,Male,Ahmedabad,Budget Shopper,Health & Wellness,2025-02-04
3264,Balhaar Walla,35,Male,Bengaluru,Value Seeker,Beauty & Personal Care,2024-10-26
3265,Geetika Babu,26,Male,Chandigarh,Value Seeker,Electronics,2024-09-05
3266,Upma Chandran,26,Male,Chennai,Budget Shopper,Toys & Games,2024-06-21
3267,Charvi Maharaj,32,Female,Pune,Budget Shopper,Fashion,2025-03-17
3268,Hiral Ratta,45,Female,Chennai,Mainstream Buyer,Toys & Games,2025-10-27
3269,Dhriti Tak,47,Female,Pune,Luxury Enthusiast,Electronics,2025-05-29
3270,Maya Misra,19,Female,Delhi,Budget Shopper,Fashion,2024-05-02
3271,Wakeeta Dara,42,Male,Bhubaneswar,Luxury Enthusiast,Toys & Games,2024-06-22
3272,Harshil Balakrishnan,42,Male,Bengaluru,Mainstream Buyer,Toys & Games,2024-03-24
3273,Champak Anne,27,Male,Pune,Mainstream Buyer,Fashion,2025-02-27
3274,Henry Naidu,35,Female,Chandigarh,Mainstream Buyer,Fashion,2024-07-25
3275,Upkaar Garde,33,Male,Pune,Mainstream Buyer,Automotive,2025-06-22
3276,Rayaan Pillay,42,Male,Lucknow,Premium Buyer,Electronics,2026-06-24
3277,Charles Lad,22,Female,Delhi,Value Seeker,Home & Kitchen,2024-08-26
3278,Indrajit Bava,18,Male,Chennai,Value Seeker,Health & Wellness,2026-04-13
3279,Falan Lalla,36,Female,Indore,Value Seeker,Books & Media,2024-12-03
3280,Ladli Madan,35,Male,Chennai,Budget Shopper,Electronics,2024-01-10
3281,Lakshit Sharma,20,Female,Pune,Mainstream Buyer,Automotive,2026-06-07
3282,Jonathan Nagar,30,Male,Delhi,Budget Shopper,Beauty & Personal Care,2024-09-04
3283,Odika Sekhon,41,Female,Jaipur,Value Seeker,Grocery & Gourmet,2024-05-06
3284,Wridesh Sridhar,32,Female,Kolkata,Budget Shopper,Toys & Games,2024-12-10
3285,Avni Nagy,23,Male,Chandigarh,Budget Shopper,Beauty & Personal Care,2024-10-14
3286,Upkaar Chanda,28,Female,Pune,Mainstream Buyer,Beauty & Personal Care,2024-04-06
3287,Chaman Butala,37,Female,Chandigarh,Mainstream Buyer,Books & Media,2024-07-27
3288,Xavier Jha,34,Female,Bhubaneswar,Value Seeker,Beauty & Personal Care,2026-05-26
3289,Falan Talwar,27,Female,Chandigarh,Budget Shopper,Fashion,2024-07-30
3290,Simon Arya,30,Female,Lucknow,Value Seeker,Grocery & Gourmet,2024-08-14
3291,Upadhriti Rajan,22,Male,Kochi,Value Seeker,Toys & Games,2025-12-06
3292,Vinaya Cheema,40,Male,Ahmedabad,Mainstream Buyer,Toys & Games,2024-11-15
3293,Sathvik Wable,41,Male,Delhi,Mainstream Buyer,Grocery & Gourmet,2024-05-30
3294,Devika Setty,33,Female,Bengaluru,Value Seeker,Books & Media,2024-05-24
3295,Yamini Cherian,32,Female,Pune,Value Seeker,Health & Wellness,2024-05-03
3296,Theodore Patla,62,Female,Coimbatore,Luxury Enthusiast,Automotive,2024-07-26
3297,Sneha Varghese,31,Male,Mumbai,Mainstream Buyer,Health & Wellness,2026-03-12
3298,Mugdha Guha,43,Female,Bhubaneswar,Value Seeker,Fashion,2025-04-18
3299,Arunima Sampath,25,Female,Nagpur,Value Seeker,Fashion,2025-12-02
3300,Damyanti Chaudry,36,Male,Delhi,Budget Shopper,Sports & Outdoors,2026-04-27
3301,Triya Chhabra,58,Female,Delhi,Luxury Enthusiast,Toys & Games,2025-11-04
3302,Wridesh Babu,29,Male,Chandigarh,Value Seeker,Home & Kitchen,2024-03-29
3303,Rachit Loke,41,Female,Hyderabad,Budget Shopper,Fashion,2025-01-05
3304,Vamakshi Wali,51,Male,Bengaluru,Luxury Enthusiast,Electronics,2024-08-09
3305,Indira Lanka,29,Female,Bengaluru,Mainstream Buyer,Books & Media,2025-04-01
3306,Frado Pandya,23,Male,Lucknow,Budget Shopper,Health & Wellness,2025-08-12
3307,Simon Dora,37,Male,Bengaluru,Budget Shopper,Sports & Outdoors,2025-04-20
3308,Yadavi Sankar,35,Female,Bengaluru,Budget Shopper,Grocery & Gourmet,2024-01-22
3309,Chatresh Sastry,27,Female,Pune,Mainstream Buyer,Electronics,2025-10-14
3310,Kala Chaudhari,25,Male,Kochi,Budget Shopper,Home & Kitchen,2025-09-22
3311,Lavanya Sami,48,Male,Nagpur,Luxury Enthusiast,Toys & Games,2024-05-25
3312,Chaitaly Gulati,42,Female,Hyderabad,Luxury Enthusiast,Sports & Outdoors,2025-07-30
3313,Patrick Majumdar,58,Female,Chennai,Mainstream Buyer,Electronics,2024-04-03
3314,Zilmil Sant,39,Male,Jaipur,Mainstream Buyer,Home & Kitchen,2024-01-30
3315,Chandresh Kothari,31,Male,Pune,Value Seeker,Grocery & Gourmet,2026-05-02
3316,Theodore Contractor,37,Male,Kochi,Budget Shopper,Toys & Games,2024-11-03
3317,Balendra Lata,33,Female,Hyderabad,Mainstream Buyer,Automotive,2026-04-06
3318,Dominic Wali,36,Female,Kochi,Budget Shopper,Beauty & Personal Care,2024-04-26
3319,Anya Kara,18,Female,Bhubaneswar,Budget Shopper,Health & Wellness,2026-03-18
3320,Manya Ramaswamy,27,Male,Coimbatore,Value Seeker,Health & Wellness,2024-04-18
3321,Thomas Loyal,36,Female,Lucknow,Budget Shopper,Beauty & Personal Care,2024-08-03
3322,Samesh Garg,46,Male,Delhi,Value Seeker,Home & Kitchen,2025-03-02
3323,Idika Mani,30,Female,Bhubaneswar,Mainstream Buyer,Health & Wellness,2025-12-24
3324,Aarush Chandra,34,Male,Lucknow,Premium Buyer,Beauty & Personal Care,2025-11-01
3325,Yahvi Sood,42,Male,Coimbatore,Mainstream Buyer,Sports & Outdoors,2025-06-05
3326,William Garde,37,Male,Bengaluru,Premium Buyer,Health & Wellness,2024-05-25
3327,Ekaraj Ganesan,29,Male,Jaipur,Value Seeker,Home & Kitchen,2024-04-09
3328,Gaurangi Shah,50,Male,Coimbatore,Premium Buyer,Automotive,2025-04-02
3329,Agastya Som,27,Female,Kochi,Value Seeker,Fashion,2025-12-02
3330,Gaurika Bail,18,Female,Delhi,Budget Shopper,Home & Kitchen,2025-02-05
3331,Aishani Bose,35,Female,Mumbai,Luxury Enthusiast,Beauty & Personal Care,2024-06-08
3332,Aditya Pandey,32,Female,Ahmedabad,Value Seeker,Sports & Outdoors,2025-02-26
3333,Aarav Suresh,18,Male,Lucknow,Budget Shopper,Home & Kitchen,2024-04-16
3334,Urmi Choudhary,24,Female,Pune,Budget Shopper,Automotive,2026-06-22
3335,Anay Mannan,19,Male,Lucknow,Value Seeker,Toys & Games,2025-04-02
3336,Yahvi Ganesh,46,Male,Nagpur,Value Seeker,Toys & Games,2026-05-20
3337,Girindra Chaudhry,51,Male,Bhubaneswar,Value Seeker,Grocery & Gourmet,2024-12-24
3338,Gautami Sethi,33,Male,Coimbatore,Premium Buyer,Toys & Games,2024-12-20
3339,Indali Kurian,34,Female,Lucknow,Value Seeker,Toys & Games,2025-09-21
3340,Zehaan Patla,23,Male,Delhi,Value Seeker,Toys & Games,2024-07-12
3341,Agastya Pandit,29,Male,Delhi,Value Seeker,Grocery & Gourmet,2024-02-21
3342,Gauri Vasa,59,Female,Lucknow,Premium Buyer,Health & Wellness,2025-05-13
3343,Isaiah Madan,22,Male,Indore,Budget Shopper,Fashion,2025-06-02
3344,Manbir Roy,24,Female,Hyderabad,Budget Shopper,Books & Media,2026-01-09
3345,Lucky Parikh,23,Male,Kochi,Value Seeker,Fashion,2026-06-05
3346,Azaan Konda,47,Female,Chennai,Mainstream Buyer,Fashion,2025-06-27
3347,Jagvi Jhaveri,18,Female,Delhi,Premium Buyer,Health & Wellness,2025-05-27
3348,Rishi Purohit,33,Male,Pune,Mainstream Buyer,Sports & Outdoors,2024-08-04
3349,Anusha Sengupta,36,Female,Ahmedabad,Mainstream Buyer,Grocery & Gourmet,2024-05-11
3350,Alka Palla,26,Male,Indore,Value Seeker,Grocery & Gourmet,2026-03-24
3351,Mahika Sahni,34,Male,Chandigarh,Budget Shopper,Electronics,2026-02-12
3352,Dayamai Halder,37,Female,Nagpur,Budget Shopper,Sports & Outdoors,2025-02-09
3353,Zinal Oza,18,Female,Delhi,Budget Shopper,Fashion,2025-07-26
3354,Rachita Sha,50,Male,Bhubaneswar,Value Seeker,Beauty & Personal Care,2024-10-03
3355,Bhavya Choudhary,19,Male,Jaipur,Value Seeker,Fashion,2025-09-12
3356,Wishi Din,43,Male,Bengaluru,Value Seeker,Toys & Games,2025-06-19
3357,Mason Virk,38,Female,Coimbatore,Mainstream Buyer,Fashion,2025-05-25
3358,Nicholas Mitter,27,Female,Mumbai,Value Seeker,Sports & Outdoors,2025-01-02
3359,Bhavya Bhattacharyya,33,Male,Ahmedabad,Mainstream Buyer,Beauty & Personal Care,2026-04-28
3360,Alexander Setty,36,Other,Chandigarh,Mainstream Buyer,Health & Wellness,2024-04-22
3361,Teerth Mandal,33,Male,Nagpur,Value Seeker,Grocery & Gourmet,2025-08-28
3362,Chatresh Suresh,23,Female,Chennai,Value Seeker,Beauty & Personal Care,2025-12-20
3363,Abdul Sani,34,Female,Bengaluru,Mainstream Buyer,Home & Kitchen,2024-11-28
3364,Aadi Bedi,30,Female,Kochi,Mainstream Buyer,Grocery & Gourmet,2026-02-28
3365,Lakshit Palla,21,Male,Bengaluru,Value Seeker,Toys & Games,2025-01-12
3366,Yadavi Dubey,24,Male,Nagpur,Value Seeker,Books & Media,2026-05-06
3367,Anika Dhar,26,Male,Kolkata,Mainstream Buyer,Electronics,2025-11-04
3368,Rachana Buch,33,Female,Bengaluru,Mainstream Buyer,Electronics,2024-09-11
3369,Theodore Balay,30,Other,Hyderabad,Budget Shopper,Toys & Games,2025-07-29
3370,Isha Kothari,33,Male,Kolkata,Value Seeker,Sports & Outdoors,2024-04-07
3371,Pahal Rastogi,60,Male,Lucknow,Premium Buyer,Automotive,2025-08-13
3372,Advika Mittal,18,Male,Chandigarh,Budget Shopper,Electronics,2024-10-14
3373,Oscar Sarin,47,Female,Lucknow,Premium Buyer,Fashion,2026-06-03
3374,Liam Iyengar,27,Female,Coimbatore,Budget Shopper,Grocery & Gourmet,2024-01-29
3375,Krishna Saha,39,Male,Chennai,Value Seeker,Health & Wellness,2024-12-20
3376,Charvi Mody,38,Female,Nagpur,Value Seeker,Grocery & Gourmet,2024-09-28
3377,Chameli Shenoy,25,Male,Nagpur,Budget Shopper,Electronics,2025-09-09
3378,Keya Sarkar,44,Female,Coimbatore,Premium Buyer,Electronics,2025-10-12
3379,Lakshit Vyas,25,Male,Indore,Value Seeker,Automotive,2025-05-31
3380,Dhriti Thakur,52,Male,Chennai,Luxury Enthusiast,Sports & Outdoors,2025-11-11
3381,Upadhriti Pandya,18,Female,Ahmedabad,Value Seeker,Sports & Outdoors,2026-06-12
3382,Unnati Salvi,49,Female,Indore,Premium Buyer,Health & Wellness,2024-11-04
3383,Triya Bala,42,Male,Pune,Premium Buyer,Home & Kitchen,2024-09-20
3384,Oviya Chakrabarti,32,Female,Indore,Mainstream Buyer,Home & Kitchen,2024-10-27
3385,Chasmum Kibe,24,Female,Chandigarh,Budget Shopper,Toys & Games,2025-02-14
3386,Joshua Memon,35,Male,Bhubaneswar,Mainstream Buyer,Health & Wellness,2025-03-13
3387,Maya Dass,48,Female,Chennai,Mainstream Buyer,Beauty & Personal Care,2024-01-21
3388,Abeer Shere,72,Female,Ahmedabad,Luxury Enthusiast,Fashion,2025-03-11
3389,Chatura Chad,42,Male,Pune,Value Seeker,Electronics,2024-09-30
3390,Anamika Chhabra,26,Female,Jaipur,Value Seeker,Electronics,2025-06-18
3391,Gunbir Mannan,32,Female,Lucknow,Budget Shopper,Beauty & Personal Care,2026-06-01
3392,Garima Bhat,43,Male,Kolkata,Mainstream Buyer,Books & Media,2025-08-18
3393,Yasti Bera,38,Female,Hyderabad,Luxury Enthusiast,Sports & Outdoors,2024-09-16
3394,Zaitra Dhawan,18,Male,Chennai,Budget Shopper,Home & Kitchen,2024-12-04
3395,Laban Kapoor,36,Female,Indore,Mainstream Buyer,Toys & Games,2024-10-11
3396,Charvi Mukhopadhyay,50,Female,Nagpur,Premium Buyer,Automotive,2024-08-23
3397,Vedhika Iyer,18,Male,Delhi,Budget Shopper,Home & Kitchen,2025-12-15
3398,Ekalinga Acharya,20,Female,Nagpur,Budget Shopper,Toys & Games,2024-06-24
3399,Jai Venkatesh,42,Male,Mumbai,Mainstream Buyer,Books & Media,2024-09-22
3400,Yug Jayaraman,37,Female,Jaipur,Mainstream Buyer,Toys & Games,2025-09-25
3401,Urvi Bakshi,39,Female,Bengaluru,Budget Shopper,Electronics,2025-04-01
3402,Mahika Bhakta,30,Male,Nagpur,Premium Buyer,Toys & Games,2024-05-15
3403,Charita Ravel,53,Female,Indore,Value Seeker,Grocery & Gourmet,2026-01-30
3404,Qarin Keer,29,Male,Kolkata,Premium Buyer,Toys & Games,2025-09-30
3405,Reva Dasgupta,24,Female,Coimbatore,Premium Buyer,Automotive,2026-01-08
3406,Madhav Bains,42,Female,Chandigarh,Premium Buyer,Grocery & Gourmet,2025-09-28
3407,Lucky Khosla,21,Female,Hyderabad,Value Seeker,Health & Wellness,2025-12-27
3408,Yasti Iyer,26,Male,Coimbatore,Budget Shopper,Toys & Games,2024-07-01
3409,Varsha Mann,31,Female,Chennai,Value Seeker,Sports & Outdoors,2024-01-15
3410,Harish Tailor,25,Female,Lucknow,Budget Shopper,Automotive,2024-02-04
3411,Anvi Raman,29,Female,Kochi,Mainstream Buyer,Toys & Games,2025-08-10
3412,Hredhaan Shetty,30,Female,Lucknow,Budget Shopper,Books & Media,2024-03-09
3413,Pavani Divan,29,Female,Coimbatore,Value Seeker,Books & Media,2026-04-18
3414,Bhanumati Shankar,36,Male,Coimbatore,Budget Shopper,Beauty & Personal Care,2026-03-22
3415,Lopa Apte,30,Male,Delhi,Value Seeker,Toys & Games,2025-09-09
3416,Bahadurjit Saxena,18,Female,Chandigarh,Budget Shopper,Sports & Outdoors,2025-10-12
3417,Isha Dewan,21,Male,Bengaluru,Mainstream Buyer,Fashion,2024-03-22
3418,Tara Malhotra,41,Female,Pune,Premium Buyer,Sports & Outdoors,2024-08-12
3419,Nathan Parmar,18,Female,Jaipur,Budget Shopper,Health & Wellness,2024-08-18
3420,Ikshita Vohra,30,Female,Chandigarh,Premium Buyer,Beauty & Personal Care,2024-07-01
3421,Yochana Bhatnagar,47,Female,Coimbatore,Premium Buyer,Toys & Games,2024-09-12
3422,Max Pandey,18,Female,Bengaluru,Value Seeker,Sports & Outdoors,2025-03-31
3423,Tripti Dey,49,Female,Chennai,Mainstream Buyer,Home & Kitchen,2026-05-08
3424,Chavvi Ramesh,33,Female,Hyderabad,Value Seeker,Beauty & Personal Care,2026-06-16
3425,Veda Puri,26,Male,Kochi,Budget Shopper,Health & Wellness,2024-01-30
3426,Pranit Tripathi,22,Male,Lucknow,Value Seeker,Fashion,2025-04-02
3427,Kai Naik,33,Male,Lucknow,Budget Shopper,Toys & Games,2024-02-19
3428,Netra Bir,42,Female,Indore,Premium Buyer,Automotive,2026-06-02
3429,Ayushman Dutt,36,Male,Lucknow,Premium Buyer,Fashion,2024-12-02
3430,Gopal Cherian,44,Female,Bhubaneswar,Premium Buyer,Grocery & Gourmet,2025-10-19
3431,Vamakshi Naik,21,Female,Bhubaneswar,Mainstream Buyer,Toys & Games,2025-08-05
3432,Warjas Cheema,22,Male,Chennai,Mainstream Buyer,Beauty & Personal Care,2024-11-13
3433,Leena Salvi,36,Other,Chennai,Luxury Enthusiast,Fashion,2025-04-08
3434,David Krishna,30,Male,Mumbai,Budget Shopper,Health & Wellness,2026-03-01
3435,Baljiwan Bora,26,Female,Chennai,Budget Shopper,Fashion,2024-01-08
3436,Kavya Balan,46,Male,Jaipur,Mainstream Buyer,Health & Wellness,2024-09-24
3437,Ekani Chokshi,23,Male,Coimbatore,Value Seeker,Toys & Games,2025-08-08
3438,Krishna Deol,37,Male,Bhubaneswar,Value Seeker,Automotive,2024-12-15
3439,Rohan Krishnan,25,Female,Kochi,Budget Shopper,Home & Kitchen,2026-02-13
3440,Raksha Mangal,28,Male,Nagpur,Mainstream Buyer,Electronics,2025-06-07
3441,Saksham Edwin,35,Female,Jaipur,Value Seeker,Toys & Games,2025-06-11
3442,Rehaan Chadha,26,Female,Chandigarh,Budget Shopper,Beauty & Personal Care,2025-07-29
3443,Gopal Jani,21,Male,Indore,Budget Shopper,Books & Media,2025-04-19
3444,Logan Ahluwalia,32,Male,Ahmedabad,Value Seeker,Sports & Outdoors,2024-03-25
3445,Nikita Bora,41,Male,Chandigarh,Premium Buyer,Beauty & Personal Care,2026-06-24
3446,Qasim Wable,30,Female,Chandigarh,Value Seeker,Grocery & Gourmet,2025-02-15
3447,Ranveer Johal,33,Female,Chennai,Mainstream Buyer,Books & Media,2024-03-01
3448,Xiti Pandey,25,Male,Hyderabad,Mainstream Buyer,Toys & Games,2024-04-17
3449,Lakshit Bhavsar,32,Female,Delhi,Value Seeker,Toys & Games,2024-04-09
3450,Prisha Puri,35,Female,Bhubaneswar,Premium Buyer,Toys & Games,2025-06-22
3451,Farhan Datta,27,Female,Ahmedabad,Mainstream Buyer,Beauty & Personal Care,2025-02-02
3452,Harrison Dalal,34,Male,Kochi,Mainstream Buyer,Grocery & Gourmet,2025-01-08
3453,Vihaan Behl,33,Male,Chennai,Budget Shopper,Home & Kitchen,2024-06-02
3454,Arin Kapur,28,Male,Pune,Budget Shopper,Health & Wellness,2024-02-18
3455,Zayan Ramakrishnan,42,Female,Pune,Luxury Enthusiast,Automotive,2025-11-12
3456,Ekansh Dugar,37,Female,Kochi,Premium Buyer,Books & Media,2026-03-10
3457,Falan Warrior,52,Male,Bengaluru,Luxury Enthusiast,Fashion,2025-11-03
3458,Zarna Tella,21,Male,Indore,Premium Buyer,Health & Wellness,2025-11-05
3459,Mohini Bhandari,34,Female,Pune,Budget Shopper,Books & Media,2025-10-02
3460,Urishilla Lall,26,Male,Hyderabad,Premium Buyer,Automotive,2024-03-23
3461,Bachittar Nigam,19,Female,Mumbai,Value Seeker,Electronics,2025-12-18
3462,Advika Iyer,38,Male,Delhi,Premium Buyer,Beauty & Personal Care,2025-06-14
3463,Daniel Dewan,46,Male,Chennai,Budget Shopper,Home & Kitchen,2025-08-11
3464,Forum Bhatia,47,Female,Lucknow,Value Seeker,Automotive,2025-10-27
3465,Wakeeta Bora,43,Male,Chandigarh,Mainstream Buyer,Sports & Outdoors,2026-01-04
3466,Hiral Bobal,46,Female,Nagpur,Premium Buyer,Fashion,2024-01-10
3467,Faris Srinivas,20,Male,Chennai,Mainstream Buyer,Toys & Games,2024-12-11
3468,Anika Barman,33,Male,Coimbatore,Value Seeker,Fashion,2026-03-30
3469,Balendra Taneja,27,Female,Chennai,Value Seeker,Sports & Outdoors,2024-11-15
3470,Inaya Sankar,39,Male,Bengaluru,Luxury Enthusiast,Health & Wellness,2024-12-24
3471,Chavvi Kari,33,Female,Jaipur,Value Seeker,Sports & Outdoors,2025-08-09
3472,Christopher Bal,27,Female,Coimbatore,Value Seeker,Sports & Outdoors,2024-07-17
3473,Ladli Badami,44,Female,Indore,Mainstream Buyer,Electronics,2024-07-04
3474,Charles Ram,18,Male,Delhi,Value Seeker,Sports & Outdoors,2024-07-19
3475,Jeremiah Sani,37,Male,Lucknow,Mainstream Buyer,Health & Wellness,2024-11-29
3476,Lakshit D’Alia,24,Male,Chennai,Value Seeker,Health & Wellness,2025-05-27
3477,Jacob Pillai,39,Female,Chennai,Premium Buyer,Health & Wellness,2025-12-25
3478,Rishi Oza,45,Male,Mumbai,Premium Buyer,Beauty & Personal Care,2026-05-22
3479,Dalbir Khanna,36,Male,Hyderabad,Luxury Enthusiast,Electronics,2024-03-21
3480,George Anne,38,Female,Ahmedabad,Mainstream Buyer,Home & Kitchen,2024-05-30
3481,Nitara Yadav,30,Male,Hyderabad,Value Seeker,Home & Kitchen,2025-12-30
3482,Alexander Krish,31,Female,Kolkata,Mainstream Buyer,Electronics,2024-07-04
3483,Faraj Bhandari,38,Male,Jaipur,Premium Buyer,Grocery & Gourmet,2026-05-18
3484,Reva Gole,35,Female,Delhi,Mainstream Buyer,Books & Media,2025-11-28
3485,Caleb Murthy,30,Female,Bhubaneswar,Mainstream Buyer,Grocery & Gourmet,2026-02-15
3486,Yash Master,37,Male,Chennai,Mainstream Buyer,Fashion,2025-08-26
3487,Mitali Srinivas,34,Female,Indore,Mainstream Buyer,Toys & Games,2025-09-14
3488,Faraj Bose,31,Female,Coimbatore,Mainstream Buyer,Electronics,2025-03-24
3489,Samesh Talwar,41,Male,Indore,Budget Shopper,Grocery & Gourmet,2025-05-11
3490,Thomas Sawhney,35,Female,Chennai,Value Seeker,Automotive,2026-03-19
3491,Jeevika Master,33,Female,Bengaluru,Mainstream Buyer,Home & Kitchen,2026-02-15
3492,Amara Nagar,28,Female,Bengaluru,Budget Shopper,Beauty & Personal Care,2024-06-18
3493,Chatura Pal,33,Female,Hyderabad,Premium Buyer,Sports & Outdoors,2025-02-19
3494,Vedika Mammen,33,Male,Jaipur,Mainstream Buyer,Books & Media,2024-03-18
3495,Samar Devan,24,Male,Kochi,Budget Shopper,Books & Media,2026-03-04
3496,Dalaja Kade,31,Male,Indore,Premium Buyer,Fashion,2025-09-25
3497,Kashish Dhar,40,Male,Nagpur,Mainstream Buyer,Beauty & Personal Care,2026-02-08
3498,Wahab Sarraf,32,Male,Chandigarh,Mainstream Buyer,Books & Media,2024-03-16
3499,Ishaan Bail,28,Male,Kolkata,Value Seeker,Toys & Games,2026-02-07
3500,Bahadurjit Madan,37,Male,Ahmedabad,Premium Buyer,Toys & Games,2024-07-06
3501,Leena Mital,58,Female,Nagpur,Value Seeker,Toys & Games,2026-01-07
3502,Darpan Mallick,31,Male,Lucknow,Mainstream Buyer,Sports & Outdoors,2024-09-10
3503,Warhi Bahl,18,Female,Pune,Budget Shopper,Books & Media,2025-05-14
3504,Leena Sawhney,22,Female,Chandigarh,Mainstream Buyer,Beauty & Personal Care,2024-02-04
3505,Udarsh Jha,43,Female,Bengaluru,Mainstream Buyer,Home & Kitchen,2026-04-28
3506,Qarin Sankar,49,Male,Coimbatore,Mainstream Buyer,Beauty & Personal Care,2025-09-10
3507,Dalaja Balay,25,Female,Nagpur,Value Seeker,Sports & Outdoors,2024-09-14
3508,Atharv Nayar,54,Female,Jaipur,Premium Buyer,Fashion,2024-03-24
3509,Tarak Bala,43,Female,Kochi,Mainstream Buyer,Home & Kitchen,2025-02-28
3510,Radha Sane,30,Male,Mumbai,Value Seeker,Fashion,2026-04-02
3511,Ikbal Rama,44,Male,Kochi,Luxury Enthusiast,Sports & Outdoors,2024-12-08
3512,Ubika Samra,38,Female,Chennai,Mainstream Buyer,Sports & Outdoors,2025-04-24
3513,Nicholas Raj,54,Male,Nagpur,Luxury Enthusiast,Fashion,2024-07-29
3514,Wazir Deo,50,Female,Kolkata,Luxury Enthusiast,Fashion,2025-02-16
3515,Avni Mahal,36,Female,Kolkata,Premium Buyer,Books & Media,2024-04-09
3516,Zaid Merchant,35,Female,Pune,Mainstream Buyer,Home & Kitchen,2026-03-11
3517,Megha Barad,54,Female,Lucknow,Mainstream Buyer,Automotive,2024-12-13
3518,Janaki Luthra,29,Female,Nagpur,Budget Shopper,Fashion,2024-09-01
3519,Advik Dash,44,Female,Kolkata,Mainstream Buyer,Sports & Outdoors,2025-06-28
3520,Ekani Lalla,41,Female,Hyderabad,Mainstream Buyer,Automotive,2025-04-26
3521,Sachi Shere,34,Male,Indore,Value Seeker,Fashion,2024-10-09
3522,Ria Andra,43,Female,Jaipur,Premium Buyer,Sports & Outdoors,2025-05-14
3523,Balhaar Parmer,35,Female,Ahmedabad,Budget Shopper,Sports & Outdoors,2025-07-10
3524,Tejas Rege,38,Other,Nagpur,Value Seeker,Books & Media,2025-01-20
3525,Fariq Malhotra,34,Male,Ahmedabad,Value Seeker,Automotive,2024-07-03
3526,Devansh Sastry,25,Male,Kochi,Value Seeker,Books & Media,2026-03-01
3527,Aarna Majumdar,30,Female,Nagpur,Budget Shopper,Beauty & Personal Care,2024-05-01
3528,Warda Datta,26,Male,Hyderabad,Budget Shopper,Beauty & Personal Care,2025-12-31
3529,Owen Din,40,Female,Bhubaneswar,Premium Buyer,Toys & Games,2026-04-03
3530,Viraj Contractor,56,Female,Nagpur,Value Seeker,Home & Kitchen,2026-01-18
3531,Qarin Toor,18,Male,Ahmedabad,Budget Shopper,Toys & Games,2026-04-22
3532,Edhitha Barman,35,Male,Kolkata,Budget Shopper,Beauty & Personal Care,2024-02-20
3533,Darsh Lad,24,Female,Bengaluru,Value Seeker,Electronics,2025-10-09
3534,Amol Pandit,28,Male,Mumbai,Budget Shopper,Books & Media,2024-07-31
3535,Wahab Palla,60,Female,Nagpur,Mainstream Buyer,Home & Kitchen,2026-01-16
3536,Faras Tripathi,34,Female,Pune,Premium Buyer,Beauty & Personal Care,2025-03-09
3537,Isaiah Vaidya,20,Female,Coimbatore,Budget Shopper,Beauty & Personal Care,2025-06-10
3538,Warjas Jani,36,Male,Hyderabad,Mainstream Buyer,Fashion,2024-11-11
3539,Kamya Sagar,19,Male,Kolkata,Budget Shopper,Home & Kitchen,2024-01-18
3540,Pooja Mandal,39,Female,Chandigarh,Value Seeker,Health & Wellness,2024-11-19
3541,Aryan Narain,38,Male,Coimbatore,Premium Buyer,Beauty & Personal Care,2024-10-03
3542,Gautami Reddy,42,Male,Hyderabad,Mainstream Buyer,Grocery & Gourmet,2025-11-05
3543,Upma Menon,31,Female,Mumbai,Premium Buyer,Sports & Outdoors,2026-03-12
3544,Naveen Pillay,18,Male,Chandigarh,Budget Shopper,Electronics,2026-04-13
3545,Bina Doctor,29,Male,Delhi,Value Seeker,Automotive,2025-10-02
3546,Hitesh Kakar,18,Other,Mumbai,Value Seeker,Health & Wellness,2025-02-13
3547,Yasti Trivedi,45,Male,Chennai,Value Seeker,Home & Kitchen,2026-05-07
3548,Tanveer Radhakrishnan,33,Male,Bhubaneswar,Luxury Enthusiast,Fashion,2025-11-04
3549,Mason Raj,18,Male,Coimbatore,Budget Shopper,Health & Wellness,2024-12-06
3550,Faras Kapur,46,Female,Mumbai,Premium Buyer,Electronics,2024-05-01
3551,Jairaj Wable,37,Female,Bhubaneswar,Premium Buyer,Automotive,2024-01-17
3552,Urmi Vohra,23,Female,Nagpur,Mainstream Buyer,Fashion,2025-11-29
3553,Edhitha Luthra,50,Other,Lucknow,Value Seeker,Automotive,2026-03-30
3554,Chaaya Kohli,22,Male,Delhi,Value Seeker,Health & Wellness,2025-01-28
3555,Xavier Pathak,30,Female,Mumbai,Value Seeker,Home & Kitchen,2024-03-03
3556,Tamanna Murty,41,Male,Chandigarh,Premium Buyer,Home & Kitchen,2025-06-15
3557,Wridesh Saxena,38,Female,Chandigarh,Value Seeker,Fashion,2024-04-03
3558,Janaki Buch,47,Female,Chandigarh,Premium Buyer,Grocery & Gourmet,2024-08-27
3559,Yashasvi Bose,29,Male,Ahmedabad,Mainstream Buyer,Beauty & Personal Care,2024-04-08
3560,Veda Karpe,29,Female,Kochi,Value Seeker,Toys & Games,2024-02-21
3561,Omya Karpe,34,Female,Bengaluru,Mainstream Buyer,Toys & Games,2026-03-25
3562,Yash Reddy,38,Male,Mumbai,Value Seeker,Books & Media,2025-06-23
3563,Abha Mangat,32,Female,Hyderabad,Premium Buyer,Home & Kitchen,2026-05-16
3564,Dipta Dalal,45,Other,Kochi,Budget Shopper,Beauty & Personal Care,2026-05-21
3565,Nilima Sama,40,Male,Pune,Luxury Enthusiast,Books & Media,2025-04-26
3566,Warda Hora,42,Male,Kochi,Premium Buyer,Electronics,2024-11-09
3567,Sudiksha Aurora,32,Other,Ahmedabad,Premium Buyer,Sports & Outdoors,2024-04-20
3568,Jai Sahota,20,Male,Jaipur,Value Seeker,Grocery & Gourmet,2026-03-06
3569,Upma Chaudhuri,35,Male,Nagpur,Premium Buyer,Sports & Outdoors,2026-05-31
3570,Bahadurjit Sankar,23,Female,Coimbatore,Value Seeker,Beauty & Personal Care,2026-03-28
3571,Ojas Bora,33,Female,Nagpur,Mainstream Buyer,Automotive,2024-03-14
3572,Yutika Wagle,18,Male,Nagpur,Budget Shopper,Books & Media,2024-11-09
3573,Pahal Pandya,38,Male,Kochi,Value Seeker,Grocery & Gourmet,2025-04-21
3574,Neelima Khurana,24,Female,Nagpur,Value Seeker,Electronics,2026-03-29
3575,Jagat Nayar,23,Female,Hyderabad,Value Seeker,Health & Wellness,2025-07-30
3576,Hritik Bath,28,Female,Jaipur,Value Seeker,Grocery & Gourmet,2026-03-06
3577,Isha Sen,51,Female,Delhi,Premium Buyer,Automotive,2026-06-03
3578,Shivani Sarin,28,Male,Delhi,Budget Shopper,Toys & Games,2025-05-29
3579,Vansha Desai,36,Female,Bengaluru,Mainstream Buyer,Books & Media,2025-04-02
3580,Yashodhara Chacko,18,Female,Bengaluru,Budget Shopper,Books & Media,2025-05-17
3581,Abhimanyu Pingle,26,Female,Pune,Mainstream Buyer,Toys & Games,2024-05-03
3582,Ladli Nagi,31,Male,Lucknow,Premium Buyer,Sports & Outdoors,2024-03-26
3583,Patrick Trivedi,43,Male,Nagpur,Value Seeker,Grocery & Gourmet,2026-03-12
3584,Gunbir Kata,41,Female,Nagpur,Mainstream Buyer,Beauty & Personal Care,2025-10-24
3585,Wakeeta Om,35,Female,Bengaluru,Premium Buyer,Grocery & Gourmet,2025-04-03
3586,Zarna Vohra,37,Other,Pune,Premium Buyer,Beauty & Personal Care,2025-07-03
3587,Bhavika Naidu,24,Male,Pune,Value Seeker,Sports & Outdoors,2025-06-01
3588,Eiravati Gokhale,24,Female,Delhi,Value Seeker,Electronics,2024-09-28
3589,Benjamin Kade,41,Male,Mumbai,Mainstream Buyer,Health & Wellness,2026-01-19
3590,Zilmil Mall,29,Female,Kolkata,Value Seeker,Toys & Games,2024-06-12
3591,Hardik Palan,61,Female,Chandigarh,Premium Buyer,Home & Kitchen,2025-11-03
3592,Noah Dani,43,Female,Pune,Value Seeker,Electronics,2025-08-19
3593,Anusha Sur,54,Male,Pune,Premium Buyer,Automotive,2025-12-12
3594,Udarsh Gara,33,Female,Nagpur,Budget Shopper,Electronics,2024-12-06
3595,Aashi Cherian,23,Male,Pune,Budget Shopper,Sports & Outdoors,2024-10-09
3596,Arya Dhaliwal,52,Female,Coimbatore,Luxury Enthusiast,Electronics,2024-12-13
3597,Samuel Trivedi,39,Female,Nagpur,Premium Buyer,Toys & Games,2025-04-10
3598,Ayaan Baral,57,Female,Delhi,Premium Buyer,Home & Kitchen,2025-09-29
3599,Abeer Suresh,50,Female,Jaipur,Luxury Enthusiast,Sports & Outdoors,2024-10-16
3600,Kala Jani,34,Female,Kolkata,Value Seeker,Books & Media,2026-03-15
3601,Pooja Saxena,33,Male,Delhi,Value Seeker,Beauty & Personal Care,2025-09-21
3602,Sudiksha Merchant,42,Male,Mumbai,Budget Shopper,Toys & Games,2024-10-21
3603,Jagdish Saxena,19,Female,Coimbatore,Value Seeker,Books & Media,2024-10-12
3604,Wakeeta Lall,43,Female,Coimbatore,Budget Shopper,Sports & Outdoors,2025-10-31
3605,Laksh Mallick,45,Female,Jaipur,Luxury Enthusiast,Beauty & Personal Care,2025-08-26
3606,Irya Brar,18,Male,Coimbatore,Budget Shopper,Sports & Outdoors,2025-09-15
3607,Falan Narain,20,Male,Lucknow,Budget Shopper,Beauty & Personal Care,2024-04-19
3608,Yashica Nayak,18,Female,Mumbai,Budget Shopper,Books & Media,2025-01-29
3609,Sudiksha Varghese,32,Female,Mumbai,Budget Shopper,Grocery & Gourmet,2026-03-15
3610,Divya Barad,18,Female,Kolkata,Budget Shopper,Books & Media,2026-02-05
3611,Harish Verma,38,Male,Kochi,Mainstream Buyer,Electronics,2026-04-29
3612,Ranveer Banik,42,Male,Bhubaneswar,Value Seeker,Automotive,2025-11-24
3613,Yatan Devan,30,Male,Nagpur,Mainstream Buyer,Grocery & Gourmet,2025-12-11
3614,Thomas Hayre,40,Male,Chandigarh,Premium Buyer,Automotive,2025-05-23
3615,Upma Doshi,25,Female,Chennai,Mainstream Buyer,Electronics,2024-08-23
3616,Rachit Taneja,33,Male,Kochi,Mainstream Buyer,Automotive,2024-04-26
3617,Karan Issac,55,Male,Delhi,Value Seeker,Sports & Outdoors,2025-02-10
3618,Zaitra Kala,34,Other,Ahmedabad,Budget Shopper,Automotive,2024-08-01
3619,Radha Bhavsar,29,Male,Delhi,Value Seeker,Grocery & Gourmet,2024-11-15
3620,Sathvik Gokhale,41,Female,Nagpur,Luxury Enthusiast,Automotive,2025-09-16
3621,Omya Lall,36,Male,Ahmedabad,Mainstream Buyer,Fashion,2024-12-24
3622,Wahab Palla,33,Male,Lucknow,Value Seeker,Books & Media,2025-09-30
3623,Pranit Mital,28,Male,Delhi,Value Seeker,Grocery & Gourmet,2025-09-24
3624,Brinda Sundaram,47,Female,Nagpur,Premium Buyer,Books & Media,2024-01-19
3625,Manya Parikh,28,Male,Jaipur,Mainstream Buyer,Automotive,2024-03-28
3626,Chakrika Char,28,Female,Delhi,Mainstream Buyer,Grocery & Gourmet,2024-11-16
3627,Isaiah Mani,46,Female,Kolkata,Premium Buyer,Electronics,2025-01-10
3628,Sanya Nanda,26,Male,Hyderabad,Mainstream Buyer,Fashion,2024-10-18
3629,Pavani D’Alia,43,Female,Delhi,Mainstream Buyer,Toys & Games,2024-08-18
3630,Ucchal Nagar,26,Male,Mumbai,Budget Shopper,Beauty & Personal Care,2026-05-12
3631,Idika Rao,18,Male,Lucknow,Budget Shopper,Beauty & Personal Care,2025-08-10
3632,Veda Suresh,47,Female,Chandigarh,Luxury Enthusiast,Health & Wellness,2026-03-27
3633,Wahab Balakrishnan,21,Male,Coimbatore,Mainstream Buyer,Electronics,2025-03-09
3634,Amrita Tripathi,38,Other,Lucknow,Value Seeker,Books & Media,2025-10-07
3635,Nilima Bhat,34,Female,Mumbai,Mainstream Buyer,Beauty & Personal Care,2025-09-05
3636,Advika Nadkarni,43,Male,Bengaluru,Budget Shopper,Electronics,2024-05-29
3637,Mahika Sathe,52,Male,Mumbai,Premium Buyer,Beauty & Personal Care,2025-12-28
3638,Mohini Lad,18,Female,Nagpur,Budget Shopper,Sports & Outdoors,2024-03-28
3639,Amrita Sunder,24,Female,Lucknow,Premium Buyer,Sports & Outdoors,2025-06-15
3640,Harinakshi Bath,25,Male,Nagpur,Value Seeker,Fashion,2026-01-09
3641,Sara Rout,21,Female,Bhubaneswar,Value Seeker,Grocery & Gourmet,2026-02-21
3642,Ojas Wason,43,Male,Hyderabad,Budget Shopper,Beauty & Personal Care,2024-09-22
3643,Imaran Narayan,42,Other,Jaipur,Premium Buyer,Books & Media,2024-04-05
3644,Anmol Bail,35,Male,Coimbatore,Budget Shopper,Books & Media,2024-04-30
3645,Gautam Nath,24,Female,Lucknow,Budget Shopper,Books & Media,2026-01-27
3646,Dev Bawa,35,Female,Coimbatore,Mainstream Buyer,Books & Media,2024-04-26
3647,Janaki Wason,31,Female,Ahmedabad,Value Seeker,Beauty & Personal Care,2025-12-08
3648,Naksh Wason,41,Female,Mumbai,Value Seeker,Sports & Outdoors,2025-05-11
3649,Veer Mannan,29,Female,Nagpur,Budget Shopper,Books & Media,2026-06-25
3650,Kashvi Narula,33,Male,Lucknow,Premium Buyer,Electronics,2025-11-08
3651,Tanveer Kothari,46,Male,Chandigarh,Value Seeker,Grocery & Gourmet,2025-09-14
3652,Balendra Bahri,24,Female,Hyderabad,Budget Shopper,Sports & Outdoors,2024-02-16
3653,Yachana Rao,27,Male,Delhi,Value Seeker,Home & Kitchen,2025-10-22
3654,Brijesh Dugar,18,Female,Bhubaneswar,Budget Shopper,Electronics,2025-10-23
3655,Charvi Bajwa,37,Male,Indore,Value Seeker,Beauty & Personal Care,2025-10-26
3656,Yug Bandi,27,Female,Chandigarh,Budget Shopper,Sports & Outdoors,2025-11-14
3657,Jatin Purohit,27,Female,Ahmedabad,Budget Shopper,Automotive,2025-02-27
3658,Karan Madan,28,Female,Bhubaneswar,Value Seeker,Toys & Games,2025-12-26
3659,Faraj Borah,37,Male,Hyderabad,Premium Buyer,Sports & Outdoors,2025-10-11
3660,Anmol Aurora,23,Other,Indore,Budget Shopper,Fashion,2025-03-06
3661,Girish Raman,31,Female,Ahmedabad,Budget Shopper,Home & Kitchen,2024-08-15
3662,Devika Naik,48,Female,Bengaluru,Premium Buyer,Health & Wellness,2026-03-25
3663,Yauvani Bajaj,40,Female,Lucknow,Premium Buyer,Fashion,2025-08-19
3664,Anusha Shanker,45,Male,Kolkata,Mainstream Buyer,Toys & Games,2025-01-30
3665,Harish Lalla,26,Male,Bengaluru,Budget Shopper,Books & Media,2024-03-23
3666,Krisha Manne,27,Male,Lucknow,Value Seeker,Home & Kitchen,2024-02-27
3667,Girik Kapadia,28,Female,Indore,Budget Shopper,Automotive,2024-05-02
3668,Arya Subramanian,18,Female,Kolkata,Budget Shopper,Beauty & Personal Care,2025-03-31
3669,Yashawini Konda,34,Male,Nagpur,Value Seeker,Toys & Games,2026-04-03
3670,Anay Taneja,23,Other,Lucknow,Mainstream Buyer,Electronics,2024-02-08
3671,Kashish Chokshi,22,Male,Mumbai,Value Seeker,Health & Wellness,2024-12-15
3672,Udarsh Bakshi,18,Female,Kolkata,Mainstream Buyer,Electronics,2024-04-02
3673,Vincent Sekhon,30,Female,Nagpur,Value Seeker,Beauty & Personal Care,2024-03-19
3674,Vansha Chopra,46,Male,Bengaluru,Value Seeker,Health & Wellness,2024-07-13
3675,Gaurangi Dhawan,41,Male,Nagpur,Premium Buyer,Toys & Games,2025-06-15
3676,Girish Gara,48,Female,Jaipur,Premium Buyer,Toys & Games,2024-12-27
3677,Vrishti Krish,53,Female,Coimbatore,Value Seeker,Beauty & Personal Care,2024-10-13
3678,Lohit Rau,40,Male,Coimbatore,Mainstream Buyer,Grocery & Gourmet,2024-04-24
3679,Viraj Bhargava,25,Female,Jaipur,Value Seeker,Health & Wellness,2025-12-08
3680,Zayyan Sabharwal,21,Female,Jaipur,Budget Shopper,Toys & Games,2025-02-13
3681,Geetika Dora,37,Male,Kochi,Mainstream Buyer,Home & Kitchen,2025-01-07
3682,Ekanta Ray,21,Female,Coimbatore,Budget Shopper,Health & Wellness,2025-12-25
3683,Amrita Kadakia,26,Male,Lucknow,Value Seeker,Electronics,2025-07-02
3684,Xalak Munshi,40,Female,Ahmedabad,Value Seeker,Automotive,2024-03-15
3685,Ekanta Shenoy,36,Female,Pune,Budget Shopper,Electronics,2026-06-16
3686,Yoshita Bumb,18,Male,Indore,Budget Shopper,Electronics,2025-04-02
3687,Pavani Brahmbhatt,24,Female,Indore,Value Seeker,Electronics,2024-12-26
3688,Joshua Arya,42,Male,Coimbatore,Luxury Enthusiast,Fashion,2024-03-31
3689,Zinal Dara,42,Female,Ahmedabad,Mainstream Buyer,Grocery & Gourmet,2025-10-17
3690,Rudra Sarma,42,Female,Kochi,Value Seeker,Beauty & Personal Care,2025-07-10
3691,Balvan Samra,51,Male,Kochi,Budget Shopper,Electronics,2026-04-19
3692,Onkar Vohra,32,Female,Pune,Mainstream Buyer,Beauty & Personal Care,2025-08-31
3693,Logan Sahota,23,Male,Bengaluru,Budget Shopper,Health & Wellness,2024-01-10
3694,Aditya Minhas,42,Female,Jaipur,Mainstream Buyer,Books & Media,2024-08-06
3695,Radhika Menon,30,Female,Ahmedabad,Mainstream Buyer,Grocery & Gourmet,2025-06-08
3696,Ekantika Prabhu,30,Female,Mumbai,Value Seeker,Home & Kitchen,2024-12-03
3697,Lohit Mannan,28,Female,Nagpur,Value Seeker,Books & Media,2024-02-09
3698,Kamya Venkataraman,18,Female,Coimbatore,Budget Shopper,Grocery & Gourmet,2025-05-29
3699,Urmi Shere,28,Male,Delhi,Budget Shopper,Toys & Games,2025-10-07
3700,Ganga Deshmukh,30,Male,Hyderabad,Value Seeker,Electronics,2024-04-26
3701,Urvi Anne,54,Female,Kochi,Premium Buyer,Toys & Games,2024-05-22
3702,Omaja Gola,27,Male,Chandigarh,Budget Shopper,Grocery & Gourmet,2025-03-20
3703,Upma Bhavsar,25,Male,Ahmedabad,Mainstream Buyer,Fashion,2026-06-20
3704,Devika Guha,34,Male,Indore,Mainstream Buyer,Beauty & Personal Care,2026-06-19
3705,Girindra Yogi,18,Other,Bengaluru,Budget Shopper,Toys & Games,2026-03-16
3706,Ganga Chandra,18,Female,Jaipur,Budget Shopper,Electronics,2024-10-11
3707,Upadhriti Dugar,37,Male,Chandigarh,Value Seeker,Grocery & Gourmet,2026-01-23
3708,Inaya Kara,34,Male,Chandigarh,Mainstream Buyer,Automotive,2026-05-04
3709,Akshay Hans,40,Female,Hyderabad,Value Seeker,Books & Media,2024-10-21
3710,Bhavani Sandhu,19,Male,Coimbatore,Mainstream Buyer,Sports & Outdoors,2025-04-21
3711,Jhalak Rau,40,Female,Mumbai,Premium Buyer,Electronics,2025-03-07
3712,Samaksh Brahmbhatt,32,Female,Bengaluru,Mainstream Buyer,Grocery & Gourmet,2026-01-08
3713,Harshil Kalita,55,Female,Bhubaneswar,Luxury Enthusiast,Health & Wellness,2025-12-18
3714,Pranav Lall,43,Male,Lucknow,Mainstream Buyer,Automotive,2025-11-24
3715,Jonathan Vig,48,Female,Hyderabad,Premium Buyer,Books & Media,2024-11-25
3716,Ganga Malhotra,56,Other,Nagpur,Premium Buyer,Electronics,2024-01-26
3717,Shaurya Ganguly,33,Male,Nagpur,Mainstream Buyer,Home & Kitchen,2024-03-24
3718,Vincent Kalita,55,Female,Mumbai,Premium Buyer,Home & Kitchen,2026-03-20
3719,Manan Dhar,37,Male,Mumbai,Luxury Enthusiast,Electronics,2024-10-23
3720,Vaishnavi Acharya,22,Other,Hyderabad,Value Seeker,Fashion,2024-08-14
3721,Faras Ben,43,Female,Indore,Mainstream Buyer,Books & Media,2026-05-25
3722,Yasti Sarraf,18,Male,Kochi,Value Seeker,Electronics,2024-12-01
3723,Urmi Narain,48,Male,Jaipur,Premium Buyer,Electronics,2025-05-24
3724,Xiti Dalal,32,Male,Pune,Value Seeker,Health & Wellness,2026-01-05
3725,Maya Purohit,52,Male,Ahmedabad,Premium Buyer,Toys & Games,2024-07-16
3726,Urvi Pant,42,Female,Coimbatore,Premium Buyer,Automotive,2024-03-06
3727,Edhitha Wali,47,Male,Delhi,Luxury Enthusiast,Home & Kitchen,2025-01-05
3728,Tanish Ganesan,31,Female,Kochi,Budget Shopper,Beauty & Personal Care,2025-12-30
3729,Luke Sarkar,31,Male,Hyderabad,Mainstream Buyer,Toys & Games,2025-06-07
3730,Vrishti Krishna,30,Female,Indore,Mainstream Buyer,Toys & Games,2025-03-21
3731,Radhika Pall,51,Female,Hyderabad,Luxury Enthusiast,Beauty & Personal Care,2024-04-05
3732,Aryan Pau,42,Female,Delhi,Premium Buyer,Health & Wellness,2024-07-15
3733,Hiral Samra,33,Female,Pune,Mainstream Buyer,Grocery & Gourmet,2024-11-01
3734,Rayaan Raja,36,Other,Ahmedabad,Mainstream Buyer,Home & Kitchen,2024-08-08
3735,Praneel Anne,41,Female,Jaipur,Budget Shopper,Electronics,2024-10-10
3736,Riya Patel,43,Female,Chandigarh,Luxury Enthusiast,Electronics,2025-09-14
3737,Abdul Mukherjee,22,Male,Lucknow,Budget Shopper,Automotive,2026-03-02
3738,Girindra Pillay,21,Male,Kolkata,Mainstream Buyer,Automotive,2024-06-01
3739,Yadavi Arya,42,Male,Lucknow,Premium Buyer,Sports & Outdoors,2025-02-14
3740,Bahadurjit Maharaj,37,Female,Jaipur,Value Seeker,Grocery & Gourmet,2024-02-11
3741,Mitali Bassi,34,Female,Hyderabad,Budget Shopper,Automotive,2024-10-22
3742,Anusha Bhandari,27,Female,Mumbai,Budget Shopper,Fashion,2025-04-28
3743,Urishilla Sha,51,Female,Mumbai,Premium Buyer,Health & Wellness,2024-11-22
3744,Oscar Solanki,38,Male,Hyderabad,Value Seeker,Sports & Outdoors,2024-11-17
3745,Balvan Pingle,37,Female,Chandigarh,Budget Shopper,Sports & Outdoors,2024-01-24
3746,Michael Goel,45,Male,Ahmedabad,Mainstream Buyer,Fashion,2025-08-05
3747,Fitan Saini,41,Male,Ahmedabad,Budget Shopper,Toys & Games,2025-07-21
3748,Daksh Sawhney,41,Female,Pune,Premium Buyer,Toys & Games,2025-08-14
3749,Dipta Chatterjee,20,Male,Chennai,Value Seeker,Electronics,2026-03-25
3750,Rishi Badal,32,Female,Lucknow,Budget Shopper,Toys & Games,2025-05-01
3751,Edhitha Gara,34,Female,Mumbai,Budget Shopper,Fashion,2025-05-23
3752,Zaitra Atwal,46,Female,Kochi,Value Seeker,Home & Kitchen,2026-01-03
3753,Omaja Bhat,43,Male,Bhubaneswar,Value Seeker,Toys & Games,2024-06-23
3754,Reyansh Thaker,54,Male,Bhubaneswar,Mainstream Buyer,Grocery & Gourmet,2024-10-15
3755,Amara Chacko,37,Male,Kolkata,Value Seeker,Fashion,2025-11-24
3756,Sachi Basu,34,Female,Chandigarh,Value Seeker,Sports & Outdoors,2026-02-01
3757,Rushil Tiwari,19,Male,Hyderabad,Value Seeker,Home & Kitchen,2024-12-18
3758,Oscar Aggarwal,34,Male,Hyderabad,Value Seeker,Grocery & Gourmet,2026-06-26
3759,Anusha Panchal,38,Female,Kolkata,Premium Buyer,Automotive,2026-02-14
3760,Harita Shukla,28,Female,Mumbai,Budget Shopper,Toys & Games,2025-05-29
3761,Ubika Chakrabarti,47,Female,Chennai,Luxury Enthusiast,Grocery & Gourmet,2024-01-16
3762,Gautam Gopal,36,Male,Chandigarh,Value Seeker,Sports & Outdoors,2026-04-22
3763,Quincy Nadkarni,26,Female,Indore,Budget Shopper,Books & Media,2025-03-09
3764,Omkaar Anne,35,Male,Kolkata,Budget Shopper,Home & Kitchen,2025-02-06
3765,Kavya Sharma,18,Male,Chennai,Budget Shopper,Health & Wellness,2025-11-15
3766,Yatin Morar,44,Male,Kolkata,Premium Buyer,Home & Kitchen,2025-03-17
3767,Kevin Mukherjee,42,Female,Delhi,Value Seeker,Health & Wellness,2024-12-04
3768,Ladli Mangat,48,Female,Bengaluru,Value Seeker,Grocery & Gourmet,2026-02-26
3769,Arya Dey,43,Male,Nagpur,Mainstream Buyer,Health & Wellness,2024-02-18
3770,Odika Kara,52,Female,Lucknow,Mainstream Buyer,Toys & Games,2025-11-20
3771,Anjali Iyengar,48,Female,Coimbatore,Luxury Enthusiast,Beauty & Personal Care,2025-08-01
3772,Chakrika Lad,47,Male,Chennai,Luxury Enthusiast,Home & Kitchen,2026-06-08
3773,Aishani Chanda,41,Female,Chandigarh,Mainstream Buyer,Fashion,2025-01-09
3774,Isha Patla,42,Male,Bengaluru,Premium Buyer,Health & Wellness,2025-01-09
3775,Shivani Garde,35,Male,Nagpur,Premium Buyer,Fashion,2026-03-17
3776,Lekha Dugal,27,Female,Jaipur,Value Seeker,Automotive,2025-10-08
3777,Radha Palan,26,Male,Kolkata,Mainstream Buyer,Toys & Games,2024-08-06
3778,Sarthak Oommen,31,Female,Indore,Budget Shopper,Fashion,2024-09-23
3779,Gautam Varghese,37,Male,Pune,Mainstream Buyer,Health & Wellness,2025-09-25
3780,Aarna Kamdar,43,Female,Chennai,Luxury Enthusiast,Fashion,2024-12-08
3781,Advika Balay,21,Female,Coimbatore,Budget Shopper,Fashion,2024-08-23
3782,Zansi Grewal,47,Female,Lucknow,Premium Buyer,Books & Media,2025-07-27
3783,Logan Sibal,54,Female,Kochi,Luxury Enthusiast,Fashion,2026-01-22
3784,Kashish Purohit,18,Female,Ahmedabad,Budget Shopper,Fashion,2026-06-11
3785,Ekantika Cheema,20,Male,Kolkata,Value Seeker,Toys & Games,2024-02-17
3786,Abhiram Dutt,51,Male,Pune,Premium Buyer,Health & Wellness,2025-09-14
3787,Vaishnavi Natt,34,Female,Chandigarh,Luxury Enthusiast,Electronics,2024-07-01
3788,Harish Grover,31,Female,Kolkata,Budget Shopper,Toys & Games,2025-09-09
3789,Damini Gaba,46,Male,Nagpur,Value Seeker,Toys & Games,2024-09-24
3790,Quincy Bains,51,Female,Bengaluru,Mainstream Buyer,Electronics,2025-09-02
3791,Tanmayi Saran,33,Male,Bengaluru,Budget Shopper,Fashion,2024-12-28
3792,Urvashi Kohli,38,Male,Kolkata,Value Seeker,Sports & Outdoors,2024-02-19
3793,Kashvi Nazareth,47,Female,Mumbai,Budget Shopper,Toys & Games,2024-08-17
3794,Nandini Mital,18,Female,Bhubaneswar,Budget Shopper,Home & Kitchen,2026-02-02
3795,Vivaan Tripathi,32,Female,Kolkata,Mainstream Buyer,Sports & Outdoors,2025-03-14
3796,Oviya Sandhu,44,Male,Delhi,Mainstream Buyer,Sports & Outdoors,2025-10-29
3797,Nandini Balakrishnan,33,Male,Kochi,Mainstream Buyer,Grocery & Gourmet,2025-12-14
3798,Yauvani Ganesan,48,Female,Nagpur,Mainstream Buyer,Home & Kitchen,2024-06-07
3799,Rushil Dewan,31,Male,Nagpur,Value Seeker,Toys & Games,2024-01-23
3800,Gauri Bhagat,33,Female,Delhi,Value Seeker,Automotive,2024-03-15
3801,Dayamai Dhaliwal,24,Male,Indore,Budget Shopper,Books & Media,2024-06-01
3802,Tara Randhawa,22,Male,Kolkata,Budget Shopper,Grocery & Gourmet,2025-05-03
3803,Triveni Acharya,27,Male,Chandigarh,Value Seeker,Fashion,2025-03-11
3804,Sai Gera,29,Male,Kochi,Budget Shopper,Health & Wellness,2025-02-27
3805,Damyanti Buch,20,Male,Lucknow,Budget Shopper,Beauty & Personal Care,2024-09-02
3806,Warinder Jani,35,Female,Chandigarh,Budget Shopper,Fashion,2026-05-14
3807,Gautam Konda,42,Female,Bhubaneswar,Mainstream Buyer,Books & Media,2024-06-12
3808,Kavya Ahluwalia,46,Male,Bengaluru,Mainstream Buyer,Beauty & Personal Care,2024-06-29
3809,Nathaniel Padmanabhan,36,Female,Lucknow,Luxury Enthusiast,Sports & Outdoors,2024-01-12
3810,Urishilla Ramesh,27,Male,Bengaluru,Premium Buyer,Automotive,2025-01-08
3811,Urmi Puri,36,Male,Nagpur,Mainstream Buyer,Books & Media,2025-05-13
3812,Xavier Char,53,Female,Coimbatore,Budget Shopper,Beauty & Personal Care,2025-04-23
3813,Kabir Nadkarni,48,Female,Hyderabad,Mainstream Buyer,Automotive,2024-12-16
3814,Mugdha Narain,22,Female,Chennai,Budget Shopper,Beauty & Personal Care,2025-09-30
3815,Panini Ramesh,35,Male,Bhubaneswar,Value Seeker,Health & Wellness,2024-07-27
3816,Idika Suresh,38,Male,Coimbatore,Value Seeker,Health & Wellness,2025-05-25
3817,Tristan Gokhale,19,Female,Hyderabad,Value Seeker,Sports & Outdoors,2025-10-19
3818,Jyoti Pathak,44,Female,Chandigarh,Value Seeker,Grocery & Gourmet,2024-09-03
3819,Yachana Agarwal,35,Female,Lucknow,Mainstream Buyer,Grocery & Gourmet,2025-08-30
3820,Faras Karpe,42,Other,Delhi,Premium Buyer,Automotive,2026-04-18
3821,Xalak Guha,37,Male,Chennai,Mainstream Buyer,Sports & Outdoors,2025-03-15
3822,Siddharth Mittal,47,Female,Chandigarh,Mainstream Buyer,Sports & Outdoors,2025-03-29
3823,Girik Nori,25,Female,Kolkata,Value Seeker,Home & Kitchen,2025-10-10
3824,Pranit Sandal,18,Male,Mumbai,Budget Shopper,Books & Media,2026-05-30
3825,Bhavani Mukhopadhyay,39,Male,Kochi,Mainstream Buyer,Toys & Games,2025-04-26
3826,Vasana Banerjee,18,Female,Bhubaneswar,Mainstream Buyer,Sports & Outdoors,2024-08-01
3827,Oviya Gola,29,Male,Jaipur,Value Seeker,Beauty & Personal Care,2024-07-05
3828,Mitali Varughese,42,Female,Nagpur,Value Seeker,Sports & Outdoors,2025-12-22
3829,Udyati Butala,52,Female,Delhi,Luxury Enthusiast,Books & Media,2025-06-06
3830,Harrison Ravel,46,Male,Coimbatore,Mainstream Buyer,Fashion,2024-04-04
3831,Naveen Nagar,37,Female,Coimbatore,Value Seeker,Toys & Games,2025-08-23
3832,Yashica Rajagopalan,58,Female,Nagpur,Mainstream Buyer,Automotive,2025-04-26
3833,Advay Sunder,26,Male,Jaipur,Value Seeker,Beauty & Personal Care,2024-10-23
3834,Pahal Bhagat,35,Female,Chandigarh,Value Seeker,Beauty & Personal Care,2025-05-13
3835,Pavani Kuruvilla,28,Male,Bengaluru,Value Seeker,Electronics,2024-05-30
3836,Shravya Thakkar,40,Other,Mumbai,Value Seeker,Books & Media,2025-08-08
3837,Urvashi Nayak,36,Male,Lucknow,Mainstream Buyer,Sports & Outdoors,2025-04-11
3838,Isaac Gola,42,Male,Mumbai,Budget Shopper,Automotive,2025-03-20
3839,Leela Buch,38,Female,Chandigarh,Premium Buyer,Health & Wellness,2024-08-26
3840,Abhimanyu Nazareth,44,Male,Mumbai,Value Seeker,Grocery & Gourmet,2025-08-29
3841,Rudra Varma,42,Male,Lucknow,Mainstream Buyer,Home & Kitchen,2025-10-24
3842,Radhika Bava,36,Male,Ahmedabad,Mainstream Buyer,Fashion,2025-08-09
3843,Baghyawati Baral,41,Female,Coimbatore,Mainstream Buyer,Sports & Outdoors,2025-12-02
3844,Vrishti Sharma,39,Female,Kochi,Mainstream Buyer,Toys & Games,2026-01-04
3845,Chandresh Pingle,50,Male,Ahmedabad,Luxury Enthusiast,Electronics,2024-06-19
3846,Pavani Nazareth,30,Male,Ahmedabad,Value Seeker,Sports & Outdoors,2025-08-22
3847,Arjun Loke,30,Male,Jaipur,Mainstream Buyer,Electronics,2025-10-29
3848,Chaaya Parikh,33,Female,Coimbatore,Mainstream Buyer,Home & Kitchen,2024-06-26
3849,Anay Sekhon,18,Male,Lucknow,Budget Shopper,Beauty & Personal Care,2024-07-17
3850,Chameli Banik,39,Female,Ahmedabad,Value Seeker,Electronics,2025-11-20
3851,Ishanvi Bansal,20,Female,Kolkata,Value Seeker,Home & Kitchen,2025-09-28
3852,Yuvraj Gill,30,Female,Mumbai,Value Seeker,Toys & Games,2024-06-17
3853,Girindra Date,37,Female,Indore,Value Seeker,Health & Wellness,2025-10-22
3854,Wakeeta Sankar,39,Male,Hyderabad,Value Seeker,Grocery & Gourmet,2024-05-12
3855,Hemani Shanker,21,Female,Pune,Mainstream Buyer,Beauty & Personal Care,2024-12-18
3856,Tara Baria,26,Male,Nagpur,Budget Shopper,Health & Wellness,2024-11-04
3857,Eta Pradhan,47,Female,Indore,Premium Buyer,Sports & Outdoors,2025-03-04
3858,Manan Chaudhuri,32,Male,Kolkata,Value Seeker,Beauty & Personal Care,2026-06-03
3859,Yauvani Brar,49,Male,Ahmedabad,Mainstream Buyer,Automotive,2024-06-14
3860,Chasmum Sami,19,Male,Kolkata,Budget Shopper,Beauty & Personal Care,2025-02-08
3861,Anthony Gour,18,Male,Coimbatore,Value Seeker,Grocery & Gourmet,2026-01-25
3862,Fariq Sant,34,Female,Bengaluru,Budget Shopper,Fashion,2024-06-07
3863,Rehaan Lal,32,Female,Nagpur,Mainstream Buyer,Beauty & Personal Care,2025-10-08
3864,Yoshita Zacharia,18,Male,Nagpur,Value Seeker,Health & Wellness,2025-08-03
3865,Chandran Prasad,45,Female,Chennai,Luxury Enthusiast,Home & Kitchen,2024-11-29
3866,Tanveer Sarkar,43,Female,Hyderabad,Value Seeker,Automotive,2025-10-18
3867,Quincy Malhotra,25,Male,Jaipur,Mainstream Buyer,Sports & Outdoors,2026-06-25
3868,Mohini Golla,48,Male,Coimbatore,Budget Shopper,Health & Wellness,2025-09-13
3869,Anjali Ahluwalia,29,Female,Coimbatore,Mainstream Buyer,Sports & Outdoors,2024-10-20
3870,Sarthak Bahl,32,Male,Mumbai,Value Seeker,Sports & Outdoors,2025-06-13
3871,Kai Maharaj,21,Female,Lucknow,Value Seeker,Beauty & Personal Care,2024-09-24
3872,Turvi Nadkarni,27,Male,Delhi,Budget Shopper,Home & Kitchen,2026-04-28
3873,Timothy Kar,25,Male,Kolkata,Budget Shopper,Automotive,2025-11-09
3874,Ekta Kant,18,Female,Lucknow,Budget Shopper,Books & Media,2025-11-27
3875,Bhavna Sharma,72,Female,Bhubaneswar,Luxury Enthusiast,Books & Media,2026-05-04
3876,Falguni Ramachandran,27,Other,Coimbatore,Value Seeker,Beauty & Personal Care,2024-11-22
3877,Advik Oza,22,Male,Bengaluru,Budget Shopper,Grocery & Gourmet,2025-12-22
3878,Ekaja Pal,55,Female,Coimbatore,Luxury Enthusiast,Beauty & Personal Care,2025-04-29
3879,Max Shere,43,Female,Mumbai,Budget Shopper,Home & Kitchen,2024-01-16
3880,Shivansh Walia,42,Female,Hyderabad,Value Seeker,Electronics,2025-11-19
3881,Madhavi Kumer,26,Female,Delhi,Mainstream Buyer,Automotive,2026-01-05
3882,Bachittar Brar,44,Other,Nagpur,Premium Buyer,Electronics,2024-03-10
3883,Hemani Chacko,20,Female,Kolkata,Mainstream Buyer,Automotive,2025-08-11
3884,Kala Modi,40,Other,Jaipur,Value Seeker,Beauty & Personal Care,2025-10-06
3885,Divya Seth,32,Female,Indore,Luxury Enthusiast,Electronics,2024-09-17
3886,Ayushman Dugal,19,Female,Nagpur,Budget Shopper,Health & Wellness,2026-03-05
3887,Indira Sankar,46,Female,Nagpur,Luxury Enthusiast,Grocery & Gourmet,2025-07-23
3888,Arin Mander,47,Female,Bengaluru,Premium Buyer,Grocery & Gourmet,2026-01-01
3889,Wahab Prashad,40,Male,Pune,Premium Buyer,Books & Media,2024-04-14
3890,Kritika Dasgupta,40,Male,Pune,Budget Shopper,Grocery & Gourmet,2025-10-05
3891,Meghana Kamdar,33,Male,Indore,Budget Shopper,Fashion,2025-02-03
3892,Indrajit Mann,42,Female,Kolkata,Mainstream Buyer,Home & Kitchen,2025-03-15
3893,Nathan Rattan,20,Male,Hyderabad,Value Seeker,Books & Media,2025-04-11
3894,Indira Kalla,47,Male,Indore,Value Seeker,Grocery & Gourmet,2026-05-01
3895,Arya Nagarajan,35,Female,Ahmedabad,Premium Buyer,Books & Media,2025-11-05
3896,Hitesh Nadkarni,52,Male,Lucknow,Mainstream Buyer,Sports & Outdoors,2024-05-18
3897,Umang Raval,50,Female,Pune,Value Seeker,Toys & Games,2025-02-19
3898,Ucchal Mangat,36,Female,Ahmedabad,Value Seeker,Electronics,2024-04-27
3899,Naksh Goel,36,Male,Mumbai,Budget Shopper,Books & Media,2025-02-09
3900,Bhavya Aggarwal,18,Male,Mumbai,Budget Shopper,Beauty & Personal Care,2025-09-15
3901,Ucchal Gera,25,Female,Mumbai,Budget Shopper,Sports & Outdoors,2025-08-22
3902,Leela Sahota,52,Female,Bengaluru,Premium Buyer,Fashion,2024-07-29
3903,Nirja Gulati,45,Male,Kolkata,Mainstream Buyer,Health & Wellness,2025-11-27
3904,Udarsh Devi,21,Male,Mumbai,Value Seeker,Automotive,2025-01-04
3905,Nilima Bajaj,29,Female,Bengaluru,Value Seeker,Health & Wellness,2024-03-06
3906,Zaid Ganesan,18,Female,Chandigarh,Mainstream Buyer,Automotive,2024-05-26
3907,Gavin Prabhakar,46,Female,Chandigarh,Premium Buyer,Toys & Games,2025-07-15
3908,Lopa Vaidya,26,Male,Chennai,Premium Buyer,Home & Kitchen,2025-10-23
3909,Neel Shankar,47,Other,Nagpur,Mainstream Buyer,Fashion,2024-12-15
3910,Wriddhish Gill,53,Female,Delhi,Premium Buyer,Toys & Games,2024-12-25
3911,Ryan Naidu,27,Male,Mumbai,Value Seeker,Health & Wellness,2024-09-15
3912,Chaaya Bhattacharyya,36,Female,Kolkata,Value Seeker,Beauty & Personal Care,2026-04-26
3913,Samuel Shenoy,41,Female,Chennai,Premium Buyer,Health & Wellness,2025-02-27
3914,Yash Sawhney,34,Female,Delhi,Value Seeker,Fashion,2026-06-22
3915,Peter Shenoy,21,Female,Chandigarh,Value Seeker,Home & Kitchen,2024-01-16
3916,Garima Dutta,37,Male,Nagpur,Value Seeker,Toys & Games,2024-04-30
3917,Turvi Boase,18,Female,Chennai,Value Seeker,Sports & Outdoors,2024-08-30
3918,Bachittar Ray,20,Male,Kolkata,Mainstream Buyer,Grocery & Gourmet,2025-10-07
3919,Lekha Bobal,35,Female,Lucknow,Mainstream Buyer,Beauty & Personal Care,2024-08-24
3920,Abha Yogi,30,Male,Bhubaneswar,Value Seeker,Grocery & Gourmet,2025-05-23
3921,Arjun Sarna,29,Male,Chennai,Budget Shopper,Beauty & Personal Care,2024-11-20
3922,Darpan Master,37,Female,Coimbatore,Premium Buyer,Fashion,2025-12-03
3923,Balveer Patla,48,Male,Mumbai,Value Seeker,Books & Media,2025-04-27
3924,Yasti Sarraf,44,Female,Kochi,Premium Buyer,Books & Media,2024-04-28
3925,Jeet Chawla,29,Male,Nagpur,Budget Shopper,Books & Media,2026-01-10
3926,Adweta Choudhury,38,Male,Ahmedabad,Mainstream Buyer,Electronics,2025-07-17
3927,Jeevika Sachar,41,Male,Coimbatore,Value Seeker,Sports & Outdoors,2025-10-10
3928,Lucky Kibe,48,Male,Coimbatore,Premium Buyer,Electronics,2026-01-19
3929,Shivansh Lalla,30,Male,Coimbatore,Budget Shopper,Automotive,2025-07-06
3930,Forum Borah,49,Male,Coimbatore,Premium Buyer,Electronics,2024-12-27
3931,Vyanjana Konda,18,Female,Bhubaneswar,Value Seeker,Health & Wellness,2026-05-12
3932,Hema Merchant,20,Female,Mumbai,Mainstream Buyer,Electronics,2025-12-27
3933,Ganga Seshadri,31,Male,Bhubaneswar,Value Seeker,Toys & Games,2024-06-21
3934,Anvi Banik,25,Male,Bhubaneswar,Budget Shopper,Beauty & Personal Care,2025-11-07
3935,Manbir Vig,37,Male,Bhubaneswar,Value Seeker,Fashion,2025-08-31
3936,Atharv Kant,32,Male,Kolkata,Value Seeker,Beauty & Personal Care,2024-10-30
3937,Janani Manne,37,Male,Kochi,Value Seeker,Electronics,2024-08-24
3938,Nathan Mody,25,Female,Kolkata,Mainstream Buyer,Toys & Games,2024-02-13
3939,Ria Menon,31,Female,Chandigarh,Value Seeker,Automotive,2026-02-07
3940,Kabir Din,18,Female,Pune,Budget Shopper,Beauty & Personal Care,2024-08-16
3941,Leena Kurian,30,Female,Kolkata,Budget Shopper,Sports & Outdoors,2024-09-14
3942,Ayaan Kakar,18,Female,Coimbatore,Budget Shopper,Fashion,2026-03-10
3943,Manbir Arora,30,Male,Mumbai,Budget Shopper,Sports & Outdoors,2024-04-28
3944,Januja Trivedi,23,Male,Pune,Mainstream Buyer,Health & Wellness,2025-09-21
3945,Vansha Garde,23,Female,Hyderabad,Budget Shopper,Books & Media,2025-06-13
3946,Nachiket Thaker,51,Male,Kolkata,Premium Buyer,Automotive,2024-07-10
3947,Kavya Radhakrishnan,29,Male,Ahmedabad,Budget Shopper,Grocery & Gourmet,2025-03-13
3948,Omkaar Vohra,18,Other,Delhi,Budget Shopper,Fashion,2025-10-24
3949,Parth Sule,36,Male,Chandigarh,Premium Buyer,Electronics,2025-09-12
3950,Akshay Bhattacharyya,18,Male,Pune,Value Seeker,Beauty & Personal Care,2024-08-30
3951,Umang More,18,Female,Kolkata,Value Seeker,Health & Wellness,2026-01-16
3952,Udarsh Doctor,48,Male,Bengaluru,Luxury Enthusiast,Fashion,2025-04-30
3953,Jagdish Hegde,52,Male,Nagpur,Luxury Enthusiast,Electronics,2024-08-23
3954,Wishi Sharaf,40,Male,Chandigarh,Mainstream Buyer,Health & Wellness,2024-04-21
3955,Vedant Jain,32,Male,Ahmedabad,Budget Shopper,Fashion,2024-06-13
3956,Bachittar Rastogi,36,Other,Kolkata,Mainstream Buyer,Beauty & Personal Care,2025-08-09
3957,Forum Tripathi,44,Female,Ahmedabad,Luxury Enthusiast,Grocery & Gourmet,2026-01-02
3958,Anika Warrior,37,Male,Nagpur,Luxury Enthusiast,Electronics,2024-03-07
3959,Daksh Sekhon,23,Male,Hyderabad,Budget Shopper,Fashion,2025-01-06
3960,Yash Kunda,20,Male,Coimbatore,Value Seeker,Grocery & Gourmet,2025-06-27
3961,Yash Kari,24,Female,Bhubaneswar,Value Seeker,Electronics,2024-04-05
3962,Peter Baria,27,Male,Indore,Budget Shopper,Grocery & Gourmet,2024-09-11
3963,Arunima Chand,35,Male,Chandigarh,Mainstream Buyer,Books & Media,2025-04-25
3964,Devansh Deo,59,Female,Nagpur,Value Seeker,Home & Kitchen,2026-01-05
3965,Darsh Johal,19,Female,Mumbai,Value Seeker,Toys & Games,2026-04-18
3966,Yagnesh Sood,25,Female,Hyderabad,Budget Shopper,Beauty & Personal Care,2025-03-07
3967,Guneet Yadav,19,Female,Bengaluru,Value Seeker,Health & Wellness,2026-03-19
3968,Eiravati Bora,23,Female,Kochi,Budget Shopper,Sports & Outdoors,2025-09-23
3969,Vanya Dada,28,Female,Pune,Value Seeker,Grocery & Gourmet,2024-10-22
3970,Fiyaz Soni,34,Female,Mumbai,Budget Shopper,Home & Kitchen,2026-06-19
3971,Harish Kale,42,Male,Jaipur,Luxury Enthusiast,Automotive,2024-01-17
3972,Charita Andra,25,Male,Delhi,Budget Shopper,Home & Kitchen,2025-05-31
3973,Isaac Savant,28,Male,Pune,Value Seeker,Books & Media,2024-05-04
3974,Tanmayi Acharya,18,Other,Kolkata,Budget Shopper,Automotive,2026-01-25
3975,Niharika Madan,21,Female,Bhubaneswar,Budget Shopper,Health & Wellness,2025-05-10
3976,Patrick Narasimhan,23,Female,Coimbatore,Budget Shopper,Grocery & Gourmet,2024-02-14
3977,Yoshita Mander,27,Male,Kochi,Budget Shopper,Toys & Games,2024-12-05
3978,Aishani Wali,32,Female,Chandigarh,Budget Shopper,Toys & Games,2024-06-29
3979,Harita Maharaj,29,Male,Bengaluru,Value Seeker,Sports & Outdoors,2024-10-19
3980,Ria Choudhury,34,Male,Chennai,Mainstream Buyer,Toys & Games,2024-08-30
3981,Vinaya Ahuja,18,Female,Indore,Budget Shopper,Books & Media,2025-08-05
3982,Yashodhara Singhal,36,Female,Lucknow,Value Seeker,Books & Media,2025-05-16
3983,Nihal Gola,30,Female,Mumbai,Mainstream Buyer,Beauty & Personal Care,2026-05-17
3984,Rachana Modi,33,Male,Hyderabad,Budget Shopper,Beauty & Personal Care,2025-11-08
3985,Saanvi Oommen,43,Male,Hyderabad,Value Seeker,Fashion,2026-05-03
3986,Rishi Chopra,25,Male,Mumbai,Budget Shopper,Grocery & Gourmet,2025-09-10
3987,Tanay Mohanty,18,Male,Coimbatore,Budget Shopper,Electronics,2024-09-12
3988,Ekaja Wali,31,Female,Mumbai,Value Seeker,Fashion,2025-12-28
3989,Harshil Mital,50,Male,Chandigarh,Luxury Enthusiast,Home & Kitchen,2025-04-23
3990,Mohammed Naik,44,Male,Kochi,Luxury Enthusiast,Fashion,2025-02-16
3991,Rehaan Randhawa,41,Male,Indore,Luxury Enthusiast,Grocery & Gourmet,2026-02-02
3992,Nakul Dugar,37,Female,Ahmedabad,Value Seeker,Fashion,2024-06-26
3993,Zaitra Som,31,Female,Nagpur,Budget Shopper,Sports & Outdoors,2024-08-02
3994,Amruta Karnik,28,Male,Chennai,Value Seeker,Grocery & Gourmet,2026-01-12
3995,Urmi Mitter,18,Male,Jaipur,Budget Shopper,Books & Media,2026-05-29
3996,Maanav Mohan,31,Female,Mumbai,Budget Shopper,Books & Media,2026-06-26
3997,Irya Murty,20,Female,Chandigarh,Budget Shopper,Beauty & Personal Care,2025-10-08
3998,Darika Sandal,33,Male,Kochi,Value Seeker,Sports & Outdoors,2026-03-09
3999,Omisha Ahluwalia,33,Male,Bengaluru,Value Seeker,Grocery & Gourmet,2026-06-15
4000,Christopher Rege,18,Other,Chandigarh,Budget Shopper,Sports & Outdoors,2025-05-09
4001,Logan Shan,37,Female,Nagpur,Mainstream Buyer,Toys & Games,2025-03-12
4002,Anirudh Jain,36,Male,Delhi,Value Seeker,Automotive,2026-06-14
4003,Aahana Menon,48,Male,Chandigarh,Premium Buyer,Home & Kitchen,2025-01-05
4004,Arjun Nagy,28,Male,Lucknow,Budget Shopper,Fashion,2025-07-01
4005,Lavanya Nanda,18,Male,Kolkata,Value Seeker,Sports & Outdoors,2025-12-31
4006,Tanveer Thakur,38,Male,Coimbatore,Budget Shopper,Beauty & Personal Care,2026-03-22
4007,Anusha Chhabra,35,Male,Indore,Value Seeker,Fashion,2024-08-12
4008,Xavier Dyal,18,Male,Ahmedabad,Budget Shopper,Grocery & Gourmet,2026-03-25
4009,Varsha Singhal,19,Male,Coimbatore,Budget Shopper,Toys & Games,2025-12-31
4010,Madhavi Sur,39,Female,Mumbai,Mainstream Buyer,Toys & Games,2024-09-24
4011,Ati Prashad,38,Male,Bhubaneswar,Value Seeker,Grocery & Gourmet,2024-12-08
4012,Harrison Bhalla,22,Female,Bhubaneswar,Budget Shopper,Sports & Outdoors,2024-01-08
4013,Anya Yogi,50,Male,Hyderabad,Premium Buyer,Books & Media,2026-05-25
4014,Raksha Mane,18,Female,Ahmedabad,Budget Shopper,Home & Kitchen,2026-01-05
4015,Urmi Desai,27,Female,Hyderabad,Mainstream Buyer,Grocery & Gourmet,2024-11-09
4016,Ekta Sachdev,18,Female,Pune,Mainstream Buyer,Health & Wellness,2025-12-05
4017,Matthew Mistry,18,Male,Chennai,Budget Shopper,Automotive,2025-07-21
4018,Gaurang Sarma,45,Male,Chandigarh,Value Seeker,Sports & Outdoors,2025-10-05
4019,Falak Lad,45,Female,Lucknow,Budget Shopper,Electronics,2024-06-29
4020,Anthony Dey,39,Male,Chandigarh,Mainstream Buyer,Automotive,2024-07-20
4021,Dipta Patel,21,Male,Indore,Budget Shopper,Books & Media,2024-07-01
4022,Tanish Gour,25,Male,Lucknow,Budget Shopper,Grocery & Gourmet,2025-03-30
4023,Upadhriti Kari,36,Female,Bengaluru,Value Seeker,Beauty & Personal Care,2025-04-15
4024,Janaki Nath,28,Female,Chandigarh,Premium Buyer,Automotive,2025-01-30
4025,Aashi Kumer,37,Male,Indore,Premium Buyer,Automotive,2026-05-01
4026,Logan Dar,59,Female,Delhi,Luxury Enthusiast,Electronics,2025-02-21
4027,Prisha Randhawa,27,Female,Delhi,Mainstream Buyer,Books & Media,2025-10-23
4028,Chanakya Wadhwa,30,Male,Indore,Mainstream Buyer,Sports & Outdoors,2024-03-04
4029,Yauvani Prakash,32,Male,Pune,Value Seeker,Toys & Games,2026-01-15
4030,Rajeshri Balay,45,Male,Kolkata,Premium Buyer,Home & Kitchen,2026-05-30
4031,Vyanjana Mandal,26,Female,Pune,Value Seeker,Electronics,2024-02-10
4032,Ekalinga Borra,32,Female,Chandigarh,Value Seeker,Home & Kitchen,2026-02-08
4033,Isaiah Wali,42,Female,Kolkata,Mainstream Buyer,Books & Media,2025-03-19
4034,Yochana Chahal,54,Female,Kolkata,Mainstream Buyer,Home & Kitchen,2025-07-20
4035,Rayaan Bora,25,Male,Pune,Budget Shopper,Sports & Outdoors,2025-10-30
4036,Aradhana Shroff,31,Female,Mumbai,Value Seeker,Beauty & Personal Care,2025-04-15
4037,Max Narayanan,45,Female,Mumbai,Value Seeker,Toys & Games,2024-09-06
4038,Qabil Nori,38,Female,Pune,Premium Buyer,Sports & Outdoors,2026-03-19
4039,Rachana Bail,20,Male,Mumbai,Value Seeker,Fashion,2024-11-09
4040,Chaaya Ahuja,45,Male,Indore,Premium Buyer,Toys & Games,2024-04-13
4041,Anirudh Anand,41,Male,Pune,Value Seeker,Home & Kitchen,2025-10-11
4042,Ekantika Sane,40,Male,Jaipur,Mainstream Buyer,Beauty & Personal Care,2024-10-25
4043,Aashi Kapoor,26,Female,Kolkata,Budget Shopper,Grocery & Gourmet,2024-03-20
4044,Tanvi Iyer,29,Female,Indore,Premium Buyer,Home & Kitchen,2024-03-09
4045,Michael Gulati,31,Female,Pune,Value Seeker,Electronics,2024-11-21
4046,Samuel Morar,38,Male,Mumbai,Budget Shopper,Beauty & Personal Care,2024-03-01
4047,Harrison Bal,18,Male,Ahmedabad,Budget Shopper,Beauty & Personal Care,2024-07-27
4048,Joshua Zachariah,29,Male,Bengaluru,Value Seeker,Toys & Games,2025-03-24
4049,Ekapad Narang,28,Other,Kochi,Value Seeker,Grocery & Gourmet,2026-03-09
4050,Victor Joshi,30,Female,Kochi,Mainstream Buyer,Electronics,2024-05-20
4051,Chavvi Gade,49,Female,Ahmedabad,Luxury Enthusiast,Grocery & Gourmet,2025-10-14
4052,Anika Kaul,40,Female,Pune,Mainstream Buyer,Grocery & Gourmet,2024-09-02
4053,Isha Bala,40,Female,Kochi,Mainstream Buyer,Fashion,2024-11-24
4054,Ria Dasgupta,23,Male,Coimbatore,Value Seeker,Beauty & Personal Care,2025-08-08
4055,Atharv Sawhney,28,Male,Bhubaneswar,Premium Buyer,Grocery & Gourmet,2024-07-29
4056,Lajita Bawa,45,Male,Nagpur,Premium Buyer,Books & Media,2024-11-13
4057,Reva Rastogi,27,Male,Delhi,Value Seeker,Beauty & Personal Care,2024-08-25
4058,Samesh Rai,63,Female,Coimbatore,Luxury Enthusiast,Grocery & Gourmet,2024-02-19
4059,Girik Gill,48,Male,Delhi,Value Seeker,Toys & Games,2025-10-25
4060,Nicholas Kadakia,60,Female,Pune,Premium Buyer,Books & Media,2024-08-08
4061,Vrinda Parmar,38,Female,Lucknow,Luxury Enthusiast,Electronics,2026-05-26
4062,Ojasvi Halder,42,Female,Jaipur,Mainstream Buyer,Toys & Games,2024-09-26
4063,Gautam Tripathi,34,Female,Indore,Budget Shopper,Fashion,2026-02-10
4064,Vanya Kumer,43,Male,Bhubaneswar,Mainstream Buyer,Health & Wellness,2025-12-12
4065,Tanmayi Babu,23,Female,Nagpur,Budget Shopper,Fashion,2026-01-04
4066,Lajita Salvi,54,Male,Coimbatore,Premium Buyer,Electronics,2024-06-08
4067,Harish Pant,32,Female,Coimbatore,Value Seeker,Beauty & Personal Care,2025-07-27
4068,Dayita Bhattacharyya,38,Female,Indore,Mainstream Buyer,Beauty & Personal Care,2025-07-13
4069,Charita Karnik,29,Male,Hyderabad,Premium Buyer,Beauty & Personal Care,2025-08-07
4070,Madhavi Sinha,32,Male,Chennai,Budget Shopper,Health & Wellness,2024-12-13
4071,Anvi Naik,29,Female,Kolkata,Value Seeker,Home & Kitchen,2024-03-24
4072,Lohit Kothari,41,Female,Lucknow,Mainstream Buyer,Automotive,2024-10-25
4073,Aditya Dave,34,Female,Kolkata,Value Seeker,Fashion,2026-03-31
4074,Logan Singhal,28,Male,Bengaluru,Budget Shopper,Toys & Games,2025-03-21
4075,Darsh Kadakia,26,Female,Indore,Budget Shopper,Fashion,2026-03-25
4076,Kamya Sachdeva,39,Female,Lucknow,Value Seeker,Home & Kitchen,2026-02-01
4077,Oni Gera,35,Male,Kochi,Mainstream Buyer,Fashion,2026-01-04
4078,Zilmil Doshi,23,Female,Bhubaneswar,Mainstream Buyer,Beauty & Personal Care,2024-10-07
4079,Janya Choudhary,32,Female,Indore,Budget Shopper,Sports & Outdoors,2024-04-29
4080,Ayushman Tank,24,Female,Bhubaneswar,Value Seeker,Automotive,2025-11-19
4081,Damini Raval,20,Male,Chennai,Value Seeker,Grocery & Gourmet,2024-02-29
4082,Alka Nagi,22,Male,Delhi,Value Seeker,Toys & Games,2025-11-02
4083,Atharv Narula,39,Other,Kolkata,Mainstream Buyer,Sports & Outdoors,2025-09-26
4084,Upma Banerjee,31,Female,Chandigarh,Value Seeker,Home & Kitchen,2026-03-08
4085,Nikita Batra,18,Male,Bhubaneswar,Mainstream Buyer,Home & Kitchen,2026-05-19
4086,Omkaar Dugar,39,Female,Delhi,Premium Buyer,Fashion,2024-12-16
4087,Alexander Palla,42,Male,Chandigarh,Value Seeker,Toys & Games,2025-06-27
4088,George Saini,32,Female,Ahmedabad,Mainstream Buyer,Grocery & Gourmet,2026-03-16
4089,Isaiah Soni,25,Male,Chandigarh,Budget Shopper,Books & Media,2025-02-04
4090,Ojasvi Yadav,36,Male,Coimbatore,Budget Shopper,Books & Media,2025-08-22
4091,Krish Acharya,34,Other,Mumbai,Budget Shopper,Beauty & Personal Care,2025-07-10
4092,Vamakshi Singh,46,Male,Ahmedabad,Mainstream Buyer,Health & Wellness,2024-04-16
4093,Kabir Naidu,18,Female,Delhi,Premium Buyer,Automotive,2025-06-30
4094,Gopal Sridhar,42,Female,Kolkata,Budget Shopper,Sports & Outdoors,2025-05-16
4095,Rohan Dass,32,Male,Indore,Budget Shopper,Grocery & Gourmet,2024-10-17
4096,Yutika Dayal,54,Female,Coimbatore,Value Seeker,Beauty & Personal Care,2024-04-12
4097,Umang Butala,29,Female,Lucknow,Mainstream Buyer,Fashion,2024-08-31
4098,Netra Mandal,21,Female,Coimbatore,Mainstream Buyer,Home & Kitchen,2025-04-11
4099,Zaid Kara,37,Female,Mumbai,Mainstream Buyer,Automotive,2025-09-27
4100,Qasim Mitra,40,Male,Kochi,Premium Buyer,Sports & Outdoors,2026-01-20
4101,Turvi Venkatesh,37,Male,Ahmedabad,Value Seeker,Automotive,2026-03-11
4102,Karan Narang,46,Male,Jaipur,Mainstream Buyer,Beauty & Personal Care,2024-08-13
4103,Kavya Dhillon,36,Female,Hyderabad,Mainstream Buyer,Sports & Outdoors,2024-09-02
4104,Lekha Bava,29,Male,Lucknow,Value Seeker,Electronics,2025-08-15
4105,Qabil Atwal,47,Male,Kochi,Premium Buyer,Grocery & Gourmet,2024-03-03
4106,Bahadurjit Khanna,24,Female,Pune,Budget Shopper,Beauty & Personal Care,2024-02-07
4107,Mekhala Naidu,33,Male,Mumbai,Mainstream Buyer,Electronics,2024-12-16
4108,Vasana Sule,46,Female,Delhi,Mainstream Buyer,Home & Kitchen,2025-11-05
4109,Raghav Ravi,54,Male,Kolkata,Premium Buyer,Toys & Games,2025-03-29
4110,Tanish Setty,41,Male,Jaipur,Value Seeker,Automotive,2024-06-16
4111,Ria Dalal,30,Male,Nagpur,Value Seeker,Health & Wellness,2025-03-29
4112,Yoshita Nazareth,23,Male,Lucknow,Premium Buyer,Home & Kitchen,2025-04-10
4113,Quincy Kumer,35,Female,Ahmedabad,Mainstream Buyer,Books & Media,2025-03-05
4114,Vinaya Shan,25,Male,Chennai,Value Seeker,Sports & Outdoors,2024-05-29
4115,Hema Venkataraman,35,Female,Bengaluru,Mainstream Buyer,Grocery & Gourmet,2025-06-24
4116,Dev Pau,25,Female,Bengaluru,Value Seeker,Toys & Games,2026-01-16
4117,Atharv Date,36,Male,Delhi,Mainstream Buyer,Electronics,2025-03-23
4118,Utkarsh Shankar,33,Female,Bhubaneswar,Premium Buyer,Fashion,2024-12-04
4119,Jai Merchant,20,Female,Mumbai,Value Seeker,Books & Media,2024-03-07
4120,Idika Mohanty,43,Male,Chandigarh,Value Seeker,Books & Media,2026-03-20
4121,Rajata Butala,38,Female,Kochi,Luxury Enthusiast,Automotive,2024-02-28
4122,Mitali Vaidya,43,Male,Kochi,Premium Buyer,Automotive,2024-07-02
4123,Lucky Kapadia,51,Female,Nagpur,Premium Buyer,Electronics,2024-09-26
4124,Rushil Pandya,40,Male,Indore,Value Seeker,Books & Media,2025-11-29
4125,Champak Walia,54,Female,Bengaluru,Luxury Enthusiast,Sports & Outdoors,2025-12-26
4126,Victor Wali,29,Female,Nagpur,Budget Shopper,Sports & Outdoors,2025-06-09
4127,Kavya Dutt,38,Other,Bengaluru,Value Seeker,Electronics,2026-01-16
4128,Noah Kara,44,Other,Kochi,Value Seeker,Automotive,2024-11-14
4129,Panini Jain,46,Male,Coimbatore,Premium Buyer,Fashion,2024-08-19
4130,Chandran Rattan,26,Female,Hyderabad,Premium Buyer,Health & Wellness,2025-04-24
4131,Madhavi Vig,32,Male,Coimbatore,Mainstream Buyer,Health & Wellness,2024-10-12
4132,Vamakshi Sidhu,43,Male,Coimbatore,Mainstream Buyer,Automotive,2024-07-26
4133,Laban Mital,26,Male,Nagpur,Value Seeker,Fashion,2024-03-26
4134,Falan Krishnamurthy,46,Female,Bhubaneswar,Value Seeker,Sports & Outdoors,2024-10-16
4135,Sathvik Bhavsar,31,Female,Pune,Value Seeker,Electronics,2025-12-01
4136,Nirja Dey,27,Male,Lucknow,Budget Shopper,Toys & Games,2026-03-04
4137,Vasana Dyal,42,Other,Chandigarh,Value Seeker,Automotive,2024-03-01
4138,Mahika Dutta,41,Female,Mumbai,Premium Buyer,Books & Media,2024-07-31
4139,Mahika Hari,38,Male,Coimbatore,Mainstream Buyer,Electronics,2024-05-23
4140,Inaya Bobal,51,Male,Bhubaneswar,Premium Buyer,Beauty & Personal Care,2025-06-12
4141,Anya Dey,18,Female,Delhi,Value Seeker,Fashion,2026-02-08
4142,Jatin Doshi,29,Female,Indore,Value Seeker,Sports & Outdoors,2025-01-06
4143,Sachi Dhar,34,Male,Mumbai,Budget Shopper,Beauty & Personal Care,2024-11-29
4144,Falak Apte,32,Female,Pune,Value Seeker,Automotive,2025-12-17
4145,Deepa Viswanathan,45,Male,Chandigarh,Value Seeker,Home & Kitchen,2025-05-01
4146,Urishilla Kata,18,Female,Nagpur,Budget Shopper,Beauty & Personal Care,2025-06-13
4147,Chanchal Dash,18,Male,Lucknow,Budget Shopper,Home & Kitchen,2025-11-08
4148,Mitesh Bobal,43,Male,Lucknow,Mainstream Buyer,Automotive,2024-06-21
4149,Anita Baria,39,Male,Chennai,Value Seeker,Home & Kitchen,2025-04-17
4150,Aadhya Chowdhury,30,Female,Chandigarh,Value Seeker,Health & Wellness,2024-03-14
4151,Pooja Ganguly,30,Male,Coimbatore,Budget Shopper,Toys & Games,2026-06-29
4152,Bishakha Kar,38,Male,Nagpur,Value Seeker,Beauty & Personal Care,2024-03-03
4153,Gaurang Patil,24,Male,Kochi,Value Seeker,Books & Media,2024-11-09
4154,Warda Sankaran,25,Female,Mumbai,Value Seeker,Fashion,2024-10-05
4155,Dakshesh Cheema,38,Male,Jaipur,Mainstream Buyer,Health & Wellness,2025-10-13
4156,Anya Krishnamurthy,35,Male,Indore,Budget Shopper,Health & Wellness,2026-04-20
4157,Oni Krishnamurthy,32,Male,Indore,Premium Buyer,Home & Kitchen,2025-12-03
4158,Fiyaz Arya,25,Female,Pune,Budget Shopper,Fashion,2025-05-26
4159,Vedika Kibe,29,Male,Bengaluru,Value Seeker,Sports & Outdoors,2025-08-29
4160,Timothy Saraf,30,Male,Chandigarh,Budget Shopper,Grocery & Gourmet,2026-01-07
4161,Hemang Sura,31,Female,Chandigarh,Value Seeker,Toys & Games,2026-06-19
4162,Zilmil Raja,27,Female,Bhubaneswar,Value Seeker,Electronics,2024-10-07
4163,Hritik Chaudhari,54,Female,Coimbatore,Premium Buyer,Electronics,2024-11-04
4164,Jacob Khare,27,Male,Chandigarh,Value Seeker,Home & Kitchen,2026-02-04
4165,Oviya Ramesh,34,Female,Pune,Mainstream Buyer,Grocery & Gourmet,2024-07-22
4166,Idika Sarraf,18,Female,Indore,Budget Shopper,Home & Kitchen,2024-01-28
4167,Baljiwan Rastogi,20,Female,Ahmedabad,Budget Shopper,Automotive,2024-01-08
4168,Atharv Kalita,36,Female,Indore,Value Seeker,Home & Kitchen,2026-01-05
4169,Arjun Narasimhan,34,Female,Bengaluru,Value Seeker,Automotive,2025-06-09
4170,Brinda Sachar,37,Female,Chennai,Value Seeker,Health & Wellness,2026-05-14
4171,Tanmayi Kulkarni,51,Male,Hyderabad,Luxury Enthusiast,Grocery & Gourmet,2026-06-19
4172,Hemangini Pandey,55,Other,Pune,Mainstream Buyer,Fashion,2024-05-28
4173,Aradhana Sehgal,40,Female,Chandigarh,Luxury Enthusiast,Electronics,2024-02-05
4174,Ekta Shanker,18,Female,Delhi,Value Seeker,Fashion,2025-12-29
4175,Naveen Kadakia,33,Male,Lucknow,Premium Buyer,Toys & Games,2025-05-07
4176,Nandini Pall,30,Male,Chandigarh,Mainstream Buyer,Toys & Games,2026-06-09
4177,Xalak Chakraborty,28,Female,Coimbatore,Mainstream Buyer,Health & Wellness,2024-06-22
4178,Indira Yohannan,47,Female,Coimbatore,Luxury Enthusiast,Health & Wellness,2025-02-19
4179,Edhitha Mohan,48,Male,Bengaluru,Mainstream Buyer,Beauty & Personal Care,2025-10-09
4180,Gautam Ravi,56,Female,Kochi,Premium Buyer,Beauty & Personal Care,2024-02-04
4181,Widisha Grewal,41,Male,Hyderabad,Mainstream Buyer,Grocery & Gourmet,2026-02-27
4182,Samaksh Lanka,46,Female,Hyderabad,Budget Shopper,Grocery & Gourmet,2025-10-31
4183,Indali Nazareth,33,Female,Chandigarh,Mainstream Buyer,Beauty & Personal Care,2024-08-23
4184,Janaki Dutta,18,Female,Kochi,Value Seeker,Electronics,2025-06-26
4185,Ekantika Babu,52,Male,Nagpur,Premium Buyer,Electronics,2024-10-05
4186,Ranveer Mukherjee,26,Male,Ahmedabad,Premium Buyer,Automotive,2025-11-28
4187,Pranav Rao,20,Male,Kolkata,Budget Shopper,Beauty & Personal Care,2024-11-12
4188,Rushil Chander,31,Female,Nagpur,Budget Shopper,Grocery & Gourmet,2025-02-11
4189,Nidhi Lall,26,Female,Kochi,Budget Shopper,Automotive,2026-05-19
4190,Harini Walia,30,Female,Chandigarh,Value Seeker,Automotive,2025-09-11
4191,Mekhala Deol,18,Female,Mumbai,Budget Shopper,Sports & Outdoors,2025-10-04
4192,Hemang Memon,36,Male,Jaipur,Mainstream Buyer,Toys & Games,2025-01-11
4193,Ekiya Kar,46,Male,Chandigarh,Mainstream Buyer,Fashion,2025-05-30
4194,Banjeet Korpal,43,Female,Indore,Premium Buyer,Health & Wellness,2025-04-24
4195,Anusha Bal,24,Female,Lucknow,Value Seeker,Automotive,2026-01-28
4196,Udarsh Kanda,20,Male,Bengaluru,Value Seeker,Beauty & Personal Care,2024-03-12
4197,Upkaar Sarraf,19,Female,Jaipur,Budget Shopper,Beauty & Personal Care,2024-08-21
4198,Maanav Arora,46,Female,Delhi,Premium Buyer,Grocery & Gourmet,2024-11-01
4199,Yagnesh Bail,30,Male,Indore,Budget Shopper,Sports & Outdoors,2025-10-24
4200,Reva Sachdeva,19,Male,Coimbatore,Budget Shopper,Grocery & Gourmet,2024-10-21
4201,Nitara Grewal,18,Female,Hyderabad,Budget Shopper,Electronics,2025-11-30
4202,Lila Lal,46,Male,Lucknow,Premium Buyer,Home & Kitchen,2025-04-16
4203,Adya Sankar,18,Male,Lucknow,Budget Shopper,Grocery & Gourmet,2025-10-31
4204,Janya Keer,43,Female,Mumbai,Mainstream Buyer,Health & Wellness,2025-09-29
4205,Ishanvi Bose,30,Other,Delhi,Mainstream Buyer,Electronics,2024-11-20
4206,Ekanta Koshy,28,Male,Hyderabad,Mainstream Buyer,Grocery & Gourmet,2025-09-19
4207,Gopal Tripathi,28,Male,Delhi,Budget Shopper,Electronics,2024-09-08
4208,Dipta Cheema,48,Female,Jaipur,Budget Shopper,Automotive,2025-03-31
4209,Ijaya Kapur,38,Male,Bhubaneswar,Value Seeker,Home & Kitchen,2024-01-25
4210,Amruta Bera,28,Female,Delhi,Budget Shopper,Beauty & Personal Care,2026-01-08
4211,Raksha Tank,40,Female,Kochi,Mainstream Buyer,Grocery & Gourmet,2024-02-26
4212,Dhruv Garg,18,Male,Pune,Value Seeker,Automotive,2026-03-03
4213,Saumya Bhandari,21,Female,Chandigarh,Value Seeker,Sports & Outdoors,2025-02-18
4214,Vansha Divan,18,Male,Ahmedabad,Budget Shopper,Beauty & Personal Care,2025-07-29
4215,Irya Bhattacharyya,52,Female,Coimbatore,Mainstream Buyer,Health & Wellness,2024-08-19
4216,Zayyan Bala,40,Female,Bhubaneswar,Budget Shopper,Health & Wellness,2026-03-04
4217,Raagini Deol,40,Male,Bengaluru,Mainstream Buyer,Books & Media,2025-11-12
4218,Tanveer Seth,28,Male,Kolkata,Budget Shopper,Electronics,2025-12-04
4219,Daksha Narayanan,33,Female,Chennai,Luxury Enthusiast,Health & Wellness,2024-03-19
4220,Yashoda Ray,35,Male,Bengaluru,Mainstream Buyer,Toys & Games,2025-03-03
4221,Divya Ahuja,43,Male,Coimbatore,Budget Shopper,Books & Media,2026-02-02
4222,Ishita Dar,28,Male,Mumbai,Budget Shopper,Fashion,2024-07-15
4223,Devansh Wagle,26,Male,Pune,Value Seeker,Health & Wellness,2025-10-15
4224,Neel Hayer,18,Female,Delhi,Budget Shopper,Grocery & Gourmet,2025-12-09
4225,Praneel Golla,39,Male,Kochi,Budget Shopper,Home & Kitchen,2025-04-09
4226,Warda Dar,42,Male,Indore,Premium Buyer,Beauty & Personal Care,2024-07-14
4227,Gaurav Chandra,21,Male,Ahmedabad,Mainstream Buyer,Beauty & Personal Care,2024-06-01
4228,Lila Reddy,18,Female,Ahmedabad,Budget Shopper,Automotive,2026-06-16
4229,Urvi Devi,25,Female,Ahmedabad,Mainstream Buyer,Sports & Outdoors,2024-04-09
4230,Qadim Char,25,Female,Hyderabad,Budget Shopper,Automotive,2024-01-10
4231,Isha Goel,48,Female,Pune,Luxury Enthusiast,Toys & Games,2025-09-13
4232,Zayyan Tata,22,Female,Bhubaneswar,Budget Shopper,Beauty & Personal Care,2025-03-20
4233,Qarin Lad,43,Male,Mumbai,Mainstream Buyer,Sports & Outdoors,2025-07-25
4234,Sai Karan,37,Male,Indore,Mainstream Buyer,Automotive,2025-04-26
4235,Finn Nori,36,Male,Bengaluru,Budget Shopper,Sports & Outdoors,2024-11-17
4236,Girindra Viswanathan,23,Male,Delhi,Budget Shopper,Toys & Games,2024-11-19
4237,Anmol Bhat,59,Other,Chennai,Value Seeker,Fashion,2025-04-27
4238,Kashvi Chandran,37,Male,Chennai,Premium Buyer,Sports & Outdoors,2025-04-26
4239,Aarav Wadhwa,23,Female,Kolkata,Value Seeker,Books & Media,2025-04-14
4240,Aayush Narain,27,Male,Chandigarh,Mainstream Buyer,Beauty & Personal Care,2025-06-26
4241,Damini Bala,41,Male,Bhubaneswar,Premium Buyer,Automotive,2026-03-11
4242,Ekaraj Gera,27,Male,Lucknow,Premium Buyer,Home & Kitchen,2025-07-30
4243,Wishi Gopal,34,Male,Bengaluru,Value Seeker,Automotive,2024-09-21
4244,Hemani Chatterjee,18,Male,Nagpur,Value Seeker,Electronics,2024-01-28
4245,Kavya Goel,38,Female,Chandigarh,Mainstream Buyer,Sports & Outdoors,2024-06-25
4246,Peter Tripathi,19,Female,Delhi,Value Seeker,Books & Media,2024-05-12
4247,Sai Balasubramanian,39,Female,Pune,Premium Buyer,Home & Kitchen,2024-07-22
4248,Jai Muni,32,Female,Indore,Budget Shopper,Books & Media,2025-04-02
4249,Hritik Palla,47,Female,Delhi,Budget Shopper,Health & Wellness,2024-10-21
4250,Zarna Ganesh,33,Other,Delhi,Premium Buyer,Sports & Outdoors,2024-06-04
4251,Widisha Hans,30,Male,Kochi,Value Seeker,Books & Media,2025-12-11
4252,Geetika Sha,20,Male,Kolkata,Budget Shopper,Health & Wellness,2026-02-16
4253,Sara Dada,19,Male,Ahmedabad,Budget Shopper,Health & Wellness,2025-11-01
4254,Hamsini Koshy,25,Female,Indore,Value Seeker,Electronics,2025-03-08
4255,Lohit Khatri,50,Female,Jaipur,Premium Buyer,Grocery & Gourmet,2024-07-19
4256,Raghav Raval,22,Female,Lucknow,Budget Shopper,Automotive,2025-05-19
4257,Ishita Bhargava,47,Female,Bengaluru,Budget Shopper,Health & Wellness,2024-01-23
4258,Hardik Venkatesh,35,Male,Mumbai,Value Seeker,Automotive,2025-09-09
4259,Ekani Vyas,37,Female,Chennai,Luxury Enthusiast,Electronics,2025-05-08
4260,Sai Mandal,28,Female,Hyderabad,Value Seeker,Grocery & Gourmet,2024-03-21
4261,Krishna Sem,39,Female,Kolkata,Luxury Enthusiast,Automotive,2026-01-27
4262,Brinda Sandhu,50,Male,Indore,Premium Buyer,Books & Media,2024-06-07
4263,Radhika Purohit,18,Male,Bengaluru,Value Seeker,Electronics,2026-02-14
4264,Vritti Bajwa,30,Male,Bengaluru,Premium Buyer,Fashion,2024-04-01
4265,Hemang Nagy,31,Female,Hyderabad,Mainstream Buyer,Home & Kitchen,2025-09-11
4266,Lopa Mohan,38,Male,Kolkata,Value Seeker,Automotive,2024-12-03
4267,Bhavna Bhakta,43,Male,Hyderabad,Value Seeker,Fashion,2024-09-24
4268,Raghav Chakraborty,55,Female,Bengaluru,Premium Buyer,Grocery & Gourmet,2025-07-25
4269,Oscar Murthy,47,Female,Kochi,Premium Buyer,Fashion,2025-02-17
4270,Ayaan Batta,36,Female,Delhi,Mainstream Buyer,Automotive,2024-08-15
4271,Lekha Guha,54,Female,Bengaluru,Luxury Enthusiast,Electronics,2024-04-29
4272,Charles Saraf,21,Female,Chandigarh,Value Seeker,Home & Kitchen,2026-03-24
4273,Yashoda Prabhakar,26,Male,Mumbai,Premium Buyer,Fashion,2025-04-08
4274,Tanish Chaudhary,46,Female,Mumbai,Premium Buyer,Books & Media,2024-05-19
4275,Quincy Kant,18,Male,Delhi,Budget Shopper,Grocery & Gourmet,2025-02-12
4276,Elijah Jani,26,Male,Jaipur,Budget Shopper,Sports & Outdoors,2026-06-04
4277,Samuel Aurora,33,Other,Lucknow,Value Seeker,Books & Media,2026-03-09
4278,Lakshmi Jha,45,Female,Lucknow,Premium Buyer,Toys & Games,2024-06-20
4279,Bina Agrawal,40,Female,Lucknow,Value Seeker,Sports & Outdoors,2025-06-12
4280,Ganga Goel,44,Female,Mumbai,Mainstream Buyer,Grocery & Gourmet,2024-10-01
4281,Vedant Prabhu,28,Female,Kolkata,Budget Shopper,Home & Kitchen,2024-04-14
4282,Chaitanya Dugal,28,Male,Coimbatore,Value Seeker,Fashion,2026-04-11
4283,Yatin Kuruvilla,37,Male,Coimbatore,Mainstream Buyer,Fashion,2025-05-15
4284,Dayita Jayaraman,21,Male,Kolkata,Budget Shopper,Fashion,2026-02-17
4285,Nimrat Anne,41,Male,Chandigarh,Premium Buyer,Electronics,2024-05-29
4286,Odika Purohit,50,Male,Chandigarh,Budget Shopper,Electronics,2025-05-17
4287,Ranveer Sura,44,Female,Indore,Premium Buyer,Electronics,2024-04-28
4288,Advaith Rana,31,Male,Indore,Budget Shopper,Fashion,2025-10-02
4289,Saumya Dave,40,Female,Nagpur,Luxury Enthusiast,Toys & Games,2026-02-19
4290,Ekavir Contractor,46,Female,Indore,Mainstream Buyer,Home & Kitchen,2024-05-07
4291,Nathan Suresh,33,Male,Kochi,Budget Shopper,Books & Media,2024-12-23
4292,Qadim Yadav,33,Female,Pune,Budget Shopper,Electronics,2026-01-07
4293,Oliver Kunda,28,Male,Kolkata,Budget Shopper,Automotive,2024-10-10
4294,Bhavani Yadav,46,Female,Chandigarh,Mainstream Buyer,Beauty & Personal Care,2025-06-18
4295,Bhavani Lal,54,Female,Chennai,Premium Buyer,Sports & Outdoors,2026-05-19
4296,Jagdish Rana,34,Male,Coimbatore,Value Seeker,Toys & Games,2025-11-07
4297,Gabriel Tank,30,Male,Jaipur,Value Seeker,Health & Wellness,2024-08-21
4298,Joshua Vasa,45,Female,Pune,Mainstream Buyer,Grocery & Gourmet,2026-03-07
4299,Upasna Srinivas,23,Male,Ahmedabad,Value Seeker,Sports & Outdoors,2025-08-29
4300,Isaac Karnik,30,Female,Delhi,Mainstream Buyer,Beauty & Personal Care,2025-11-07
4301,Lipika Gour,31,Male,Lucknow,Value Seeker,Beauty & Personal Care,2024-09-05
4302,Ekansh Khurana,21,Female,Delhi,Mainstream Buyer,Electronics,2024-05-13
4303,Kamala Sarma,54,Male,Delhi,Luxury Enthusiast,Beauty & Personal Care,2024-07-18
4304,Riya Barman,23,Male,Chennai,Value Seeker,Grocery & Gourmet,2024-09-21
4305,Shivansh Nadkarni,22,Male,Jaipur,Budget Shopper,Home & Kitchen,2026-04-10
4306,Akshay Dua,25,Male,Chennai,Budget Shopper,Beauty & Personal Care,2024-03-25
4307,Zashil Gill,37,Female,Bhubaneswar,Mainstream Buyer,Electronics,2026-02-04
4308,Turvi Iyer,28,Female,Bhubaneswar,Value Seeker,Home & Kitchen,2025-06-29
4309,Mahika Rai,46,Male,Pune,Luxury Enthusiast,Electronics,2024-06-11
4310,Bishakha Tiwari,36,Male,Nagpur,Mainstream Buyer,Sports & Outdoors,2025-11-25
4311,Umang Gour,27,Male,Delhi,Value Seeker,Home & Kitchen,2025-12-16
4312,Gautami Sarna,36,Female,Bengaluru,Premium Buyer,Health & Wellness,2026-06-07
4313,Ridhi Boase,36,Female,Kolkata,Budget Shopper,Books & Media,2025-08-10
4314,Bhavna Dyal,24,Female,Nagpur,Premium Buyer,Beauty & Personal Care,2025-04-08
4315,Eesha Bhandari,25,Female,Jaipur,Budget Shopper,Books & Media,2025-05-04
4316,Dhruv Rout,32,Male,Lucknow,Mainstream Buyer,Health & Wellness,2026-05-26
4317,Omkaar Nagy,50,Male,Coimbatore,Luxury Enthusiast,Fashion,2025-12-27
4318,Balvan Dhar,29,Female,Ahmedabad,Premium Buyer,Home & Kitchen,2026-06-27
4319,Vivaan Ahuja,38,Male,Bhubaneswar,Premium Buyer,Books & Media,2025-12-09
4320,Aarush Bhardwaj,31,Male,Nagpur,Value Seeker,Fashion,2024-12-30
4321,Jagdish Kapur,52,Male,Ahmedabad,Premium Buyer,Books & Media,2026-06-23
4322,Ethan Bahri,39,Female,Lucknow,Mainstream Buyer,Fashion,2026-02-01
4323,Libni Mandal,26,Female,Kochi,Mainstream Buyer,Automotive,2025-02-23
4324,Shivani Khanna,22,Other,Kochi,Budget Shopper,Grocery & Gourmet,2025-02-09
4325,Zashil Pai,34,Male,Delhi,Budget Shopper,Electronics,2024-04-10
4326,Varenya Dua,26,Male,Hyderabad,Mainstream Buyer,Books & Media,2025-01-27
4327,Jagvi Kapur,26,Male,Nagpur,Budget Shopper,Home & Kitchen,2024-03-15
4328,Bhavini Ghosh,36,Female,Hyderabad,Mainstream Buyer,Books & Media,2024-09-13
4329,Aarini Dyal,39,Male,Coimbatore,Premium Buyer,Books & Media,2025-02-17
4330,Ansh Sankaran,67,Female,Bhubaneswar,Premium Buyer,Health & Wellness,2025-07-19
4331,Maanas Basak,23,Female,Kochi,Budget Shopper,Fashion,2026-03-22
4332,Nirja Karan,51,Female,Hyderabad,Luxury Enthusiast,Books & Media,2024-09-30
4333,Jeremiah Pandit,20,Female,Chandigarh,Budget Shopper,Health & Wellness,2024-03-04
4334,Nidra Sama,36,Male,Mumbai,Value Seeker,Fashion,2025-08-03
4335,Triveni Sethi,50,Female,Lucknow,Premium Buyer,Home & Kitchen,2025-08-13
4336,Lipika Sheth,21,Male,Chennai,Budget Shopper,Grocery & Gourmet,2026-04-03
4337,Geetika Nanda,26,Female,Coimbatore,Budget Shopper,Fashion,2025-01-06
4338,Kiaan Wagle,18,Female,Ahmedabad,Budget Shopper,Home & Kitchen,2025-09-23
4339,Yatan Kalla,21,Female,Kochi,Value Seeker,Health & Wellness,2026-06-21
4340,Robert Patla,52,Male,Pune,Premium Buyer,Books & Media,2026-06-24
4341,Nilima Prasad,22,Other,Jaipur,Budget Shopper,Electronics,2025-08-31
4342,Tanay Ramaswamy,18,Female,Bhubaneswar,Budget Shopper,Automotive,2025-05-08
4343,Upma Chopra,52,Female,Chandigarh,Mainstream Buyer,Books & Media,2025-05-13
4344,Charita Sachar,19,Other,Pune,Budget Shopper,Sports & Outdoors,2024-08-30
4345,Ryan Kalla,34,Female,Nagpur,Mainstream Buyer,Health & Wellness,2025-03-10
4346,Naksh Rajagopalan,61,Male,Bhubaneswar,Luxury Enthusiast,Beauty & Personal Care,2024-07-20
4347,Pranit Savant,35,Male,Coimbatore,Mainstream Buyer,Beauty & Personal Care,2025-10-05
4348,Samuel Raju,41,Male,Kochi,Premium Buyer,Books & Media,2025-12-02
4349,Anjali Dugal,20,Female,Mumbai,Value Seeker,Home & Kitchen,2025-02-27
4350,Rudra Dora,28,Female,Jaipur,Premium Buyer,Fashion,2026-03-27
4351,Edhitha Sidhu,25,Male,Hyderabad,Budget Shopper,Fashion,2024-08-08
4352,Kalpit Sur,30,Male,Bengaluru,Budget Shopper,Beauty & Personal Care,2026-01-14
4353,Balendra Chatterjee,39,Female,Chandigarh,Mainstream Buyer,Electronics,2024-03-24
4354,Frederick Bail,22,Female,Chennai,Budget Shopper,Books & Media,2024-01-22
4355,Chatresh Narula,43,Other,Kochi,Premium Buyer,Health & Wellness,2025-03-01
4356,Dhriti Parikh,20,Male,Chandigarh,Mainstream Buyer,Home & Kitchen,2025-09-21
4357,Matthew Kala,51,Female,Kochi,Luxury Enthusiast,Electronics,2025-08-28
4358,Dominic Patil,33,Male,Indore,Value Seeker,Electronics,2025-06-07
4359,Sanya Soman,49,Male,Indore,Value Seeker,Fashion,2025-04-23
4360,Parth Mann,37,Female,Ahmedabad,Mainstream Buyer,Books & Media,2026-04-23
4361,Harrison Dutta,18,Male,Bhubaneswar,Budget Shopper,Sports & Outdoors,2026-01-03
4362,Nihal Sagar,36,Female,Bhubaneswar,Mainstream Buyer,Sports & Outdoors,2024-07-16
4363,Nimrat Dutt,34,Male,Kolkata,Mainstream Buyer,Grocery & Gourmet,2026-05-14
4364,Avni Krish,50,Male,Chandigarh,Luxury Enthusiast,Beauty & Personal Care,2025-05-21
4365,Manan Saxena,37,Female,Bengaluru,Mainstream Buyer,Toys & Games,2024-04-30
4366,Balveer Deshmukh,18,Male,Delhi,Budget Shopper,Health & Wellness,2026-04-12
4367,Urvashi Raghavan,18,Male,Jaipur,Value Seeker,Fashion,2024-03-15
4368,Onkar Bahri,39,Male,Kochi,Mainstream Buyer,Fashion,2025-04-28
4369,Ridhi Gopal,39,Male,Kochi,Budget Shopper,Home & Kitchen,2025-06-12
4370,Anmol Swamy,32,Female,Indore,Value Seeker,Fashion,2024-09-23
4371,Harinakshi Chada,39,Male,Pune,Value Seeker,Automotive,2024-07-27
4372,Ekapad Goel,36,Female,Indore,Budget Shopper,Automotive,2025-04-28
4373,Charita Ramesh,34,Female,Bhubaneswar,Value Seeker,Books & Media,2026-04-16
4374,Indrajit Hegde,19,Female,Delhi,Budget Shopper,Fashion,2024-02-05
4375,Brinda Chacko,38,Female,Ahmedabad,Mainstream Buyer,Automotive,2026-06-22
4376,Warda Babu,37,Female,Hyderabad,Budget Shopper,Health & Wellness,2024-05-03
4377,Omkaar Patla,41,Female,Coimbatore,Mainstream Buyer,Sports & Outdoors,2025-06-03
4378,Rehaan Varghese,33,Male,Pune,Budget Shopper,Toys & Games,2025-03-22
4379,Zinal Bajwa,38,Female,Chennai,Premium Buyer,Toys & Games,2024-08-07
4380,Eiravati Ganesan,25,Male,Chennai,Budget Shopper,Books & Media,2024-03-01
4381,William Mohan,30,Female,Kolkata,Value Seeker,Beauty & Personal Care,2026-02-14
4382,Saumya Sant,31,Female,Delhi,Value Seeker,Home & Kitchen,2024-06-26
4383,Banjeet Mahajan,37,Male,Delhi,Budget Shopper,Home & Kitchen,2024-11-09
4384,Faris Natarajan,18,Male,Coimbatore,Value Seeker,Beauty & Personal Care,2025-08-01
4385,Kalpit Anne,43,Male,Nagpur,Premium Buyer,Grocery & Gourmet,2025-06-10
4386,Chasmum Rai,42,Male,Jaipur,Premium Buyer,Automotive,2024-08-01
4387,Upma Rai,19,Female,Bhubaneswar,Value Seeker,Fashion,2026-02-24
4388,Balendra Madan,33,Male,Bengaluru,Budget Shopper,Electronics,2025-03-30
4389,Gautami Peri,30,Female,Nagpur,Mainstream Buyer,Sports & Outdoors,2024-09-15
4390,Niharika Oommen,33,Female,Kochi,Mainstream Buyer,Grocery & Gourmet,2025-02-28
4391,Hiral Lal,43,Male,Lucknow,Budget Shopper,Books & Media,2025-05-21
4392,Vrinda Manda,46,Male,Mumbai,Mainstream Buyer,Automotive,2025-03-16
4393,Fiyaz Sengupta,37,Male,Kochi,Value Seeker,Grocery & Gourmet,2025-03-25
4394,Eiravati Upadhyay,40,Female,Pune,Mainstream Buyer,Grocery & Gourmet,2024-07-03
4395,Arin Dave,30,Male,Bhubaneswar,Value Seeker,Books & Media,2024-06-18
4396,Xavier Borde,49,Male,Indore,Value Seeker,Electronics,2024-03-21
4397,Kashvi Bhattacharyya,34,Other,Chandigarh,Budget Shopper,Fashion,2026-04-26
4398,Warjas Chahal,30,Female,Bhubaneswar,Mainstream Buyer,Grocery & Gourmet,2025-09-14
4399,Aditya Arya,18,Male,Lucknow,Budget Shopper,Beauty & Personal Care,2024-04-28
4400,Ekavir Dugal,42,Female,Hyderabad,Mainstream Buyer,Grocery & Gourmet,2024-11-27
4401,Ganga Cherian,42,Female,Chennai,Premium Buyer,Beauty & Personal Care,2025-07-24
4402,Daksh Dewan,24,Female,Chandigarh,Mainstream Buyer,Electronics,2024-12-09
4403,Finn Grewal,30,Male,Kochi,Budget Shopper,Toys & Games,2025-05-07
4404,Gavin Aggarwal,29,Female,Bhubaneswar,Value Seeker,Automotive,2024-04-18
4405,Viraj Kade,36,Male,Indore,Value Seeker,Sports & Outdoors,2025-02-10
4406,Fariq Ram,40,Male,Kochi,Mainstream Buyer,Fashion,2025-05-22
4407,Reyansh Soni,37,Male,Bengaluru,Premium Buyer,Sports & Outdoors,2024-12-13
4408,Warhi Grewal,37,Female,Nagpur,Value Seeker,Health & Wellness,2026-01-09
4409,Bhavna Bhat,38,Female,Hyderabad,Premium Buyer,Beauty & Personal Care,2024-08-02
4410,Qasim Tripathi,23,Female,Hyderabad,Budget Shopper,Electronics,2025-12-29
4411,Fariq Goda,27,Female,Bengaluru,Value Seeker,Grocery & Gourmet,2026-06-09
4412,Adya Dhawan,37,Male,Delhi,Budget Shopper,Home & Kitchen,2026-05-15
4413,Jatin Borra,34,Male,Pune,Mainstream Buyer,Electronics,2026-05-02
4414,Rachit Nagy,39,Female,Chandigarh,Budget Shopper,Toys & Games,2026-03-31
4415,Nicholas Rana,43,Male,Chandigarh,Budget Shopper,Beauty & Personal Care,2026-05-16
4416,Nitara Toor,30,Male,Ahmedabad,Mainstream Buyer,Fashion,2025-10-01
4417,Tejas Sandhu,18,Female,Kolkata,Value Seeker,Electronics,2024-02-12
4418,Hemani Khosla,36,Male,Kolkata,Budget Shopper,Fashion,2026-03-30
4419,Zayan Manda,23,Male,Bhubaneswar,Budget Shopper,Fashion,2024-10-27
4420,Dhruv Bhatia,24,Female,Mumbai,Value Seeker,Electronics,2024-05-03
4421,Wakeeta Padmanabhan,26,Other,Mumbai,Value Seeker,Beauty & Personal Care,2024-06-28
4422,Qushi Buch,23,Female,Delhi,Budget Shopper,Automotive,2025-08-07
4423,Advik Chakrabarti,48,Male,Bhubaneswar,Mainstream Buyer,Beauty & Personal Care,2026-05-14
4424,Janaki Bhatti,28,Female,Delhi,Budget Shopper,Electronics,2025-08-01
4425,Eiravati Seshadri,48,Female,Nagpur,Mainstream Buyer,Automotive,2025-01-02
4426,Varsha Prabhakar,36,Male,Bengaluru,Value Seeker,Toys & Games,2024-08-14
4427,Charita Suresh,24,Female,Jaipur,Budget Shopper,Health & Wellness,2026-02-22
4428,Ranveer Kari,23,Female,Nagpur,Budget Shopper,Books & Media,2025-10-01
4429,Brijesh Pandit,32,Female,Delhi,Budget Shopper,Sports & Outdoors,2025-01-02
4430,Udyati Shenoy,34,Male,Chennai,Budget Shopper,Books & Media,2024-09-21
4431,Neha Sheth,40,Female,Lucknow,Value Seeker,Electronics,2025-09-22
4432,Sneha Dua,40,Male,Chandigarh,Premium Buyer,Beauty & Personal Care,2024-06-16
4433,Lekha Saini,44,Male,Bhubaneswar,Premium Buyer,Sports & Outdoors,2024-07-05
4434,Liam Nadig,37,Male,Mumbai,Value Seeker,Home & Kitchen,2025-08-09
4435,Manthan Ratta,33,Male,Indore,Mainstream Buyer,Automotive,2025-03-02
4436,Akshay Saraf,26,Male,Kolkata,Mainstream Buyer,Health & Wellness,2025-04-24
4437,Matthew Gour,35,Female,Jaipur,Premium Buyer,Sports & Outdoors,2024-11-02
4438,Girish Babu,24,Female,Bhubaneswar,Budget Shopper,Grocery & Gourmet,2025-09-12
4439,Urmi Doctor,37,Male,Bhubaneswar,Value Seeker,Home & Kitchen,2025-09-05
4440,Geetika Hora,43,Female,Bengaluru,Value Seeker,Health & Wellness,2025-06-13
4441,Widisha Ramanathan,18,Other,Ahmedabad,Budget Shopper,Grocery & Gourmet,2025-12-17
4442,Chavvi Mall,26,Male,Chennai,Value Seeker,Grocery & Gourmet,2025-01-21
4443,Ranveer Sur,39,Female,Kochi,Premium Buyer,Books & Media,2024-02-14
4444,Rachita Saran,50,Other,Chandigarh,Premium Buyer,Automotive,2025-08-18
4445,Vinaya Bhasin,22,Female,Kolkata,Budget Shopper,Books & Media,2024-05-12
4446,Hitesh Bhavsar,28,Female,Delhi,Value Seeker,Health & Wellness,2025-05-06
4447,Vansha Mann,19,Female,Delhi,Value Seeker,Toys & Games,2026-01-31
4448,Wahab Venkataraman,36,Female,Mumbai,Value Seeker,Sports & Outdoors,2025-04-07
4449,Tarak Saha,35,Male,Kolkata,Mainstream Buyer,Home & Kitchen,2025-04-05
4450,Agastya Morar,21,Male,Nagpur,Budget Shopper,Health & Wellness,2026-06-08
4451,Hamsini Mukhopadhyay,40,Female,Chennai,Premium Buyer,Electronics,2025-04-23
4452,Jairaj Dayal,57,Male,Pune,Luxury Enthusiast,Electronics,2026-02-02
4453,Harita Prakash,27,Male,Coimbatore,Mainstream Buyer,Electronics,2024-07-12
4454,Kala Solanki,29,Male,Coimbatore,Mainstream Buyer,Fashion,2025-02-26
4455,Andrew Sekhon,43,Female,Chennai,Value Seeker,Home & Kitchen,2025-09-28
4456,Omisha Koshy,32,Female,Bengaluru,Value Seeker,Sports & Outdoors,2026-06-28
4457,Eta Kaur,33,Male,Bengaluru,Budget Shopper,Home & Kitchen,2025-01-30
4458,Vamakshi Mand,40,Male,Hyderabad,Mainstream Buyer,Sports & Outdoors,2024-10-01
4459,Garima Hayer,26,Male,Delhi,Budget Shopper,Sports & Outdoors,2025-06-12
4460,Ekanta Karnik,39,Male,Ahmedabad,Premium Buyer,Sports & Outdoors,2024-04-02
4461,Zaid Suresh,39,Female,Coimbatore,Value Seeker,Electronics,2026-01-04
4462,Anirudh Munshi,42,Male,Coimbatore,Value Seeker,Books & Media,2024-08-17
4463,Leena Divan,41,Female,Bhubaneswar,Value Seeker,Home & Kitchen,2025-04-08
4464,Finn Wadhwa,36,Male,Chennai,Luxury Enthusiast,Books & Media,2025-09-19
4465,Turvi Lata,38,Male,Coimbatore,Budget Shopper,Electronics,2025-10-13
4466,Shivani Ramachandran,23,Female,Bhubaneswar,Budget Shopper,Automotive,2025-05-19
4467,Anya Dhar,20,Male,Mumbai,Budget Shopper,Grocery & Gourmet,2026-04-19
4468,Daniel Som,35,Male,Indore,Mainstream Buyer,Beauty & Personal Care,2024-11-19
4469,Udant Aggarwal,54,Male,Delhi,Luxury Enthusiast,Beauty & Personal Care,2025-06-26
4470,Ishani Subramanian,31,Female,Jaipur,Budget Shopper,Beauty & Personal Care,2024-10-23
4471,Anjali Nagarajan,40,Male,Chandigarh,Premium Buyer,Health & Wellness,2025-03-21
4472,Dipta Yadav,39,Female,Ahmedabad,Value Seeker,Grocery & Gourmet,2024-01-28
4473,Raghav Dara,38,Female,Jaipur,Mainstream Buyer,Sports & Outdoors,2026-04-17
4474,Darsh Hayer,21,Female,Kochi,Budget Shopper,Toys & Games,2025-04-10
4475,Yuvraj Puri,25,Female,Kochi,Value Seeker,Electronics,2025-03-02
4476,Advay Misra,40,Female,Lucknow,Mainstream Buyer,Automotive,2025-11-17
4477,Samarth Dhawan,31,Female,Chandigarh,Value Seeker,Books & Media,2024-10-30
4478,Aryan Balakrishnan,18,Male,Bengaluru,Budget Shopper,Beauty & Personal Care,2025-08-07
4479,Farhan Pillay,50,Female,Pune,Premium Buyer,Toys & Games,2024-08-09
4480,Manbir Sekhon,42,Female,Chandigarh,Luxury Enthusiast,Electronics,2024-03-18
4481,Naksh Sawhney,46,Male,Pune,Value Seeker,Sports & Outdoors,2024-05-19
4482,Hritik Mahal,24,Female,Ahmedabad,Mainstream Buyer,Health & Wellness,2024-12-05
4483,Anya Hora,41,Male,Lucknow,Premium Buyer,Grocery & Gourmet,2024-09-19
4484,Bhavani Gaba,20,Female,Bhubaneswar,Budget Shopper,Electronics,2024-05-09
4485,Ekantika Badal,34,Male,Chennai,Premium Buyer,Books & Media,2024-01-25
4486,Charles Narain,27,Male,Nagpur,Value Seeker,Toys & Games,2024-09-13
4487,Jyoti Dhar,52,Male,Lucknow,Mainstream Buyer,Books & Media,2024-03-26
4488,Keya Bal,28,Male,Mumbai,Budget Shopper,Beauty & Personal Care,2024-02-08
4489,Ekiya Randhawa,24,Male,Chandigarh,Value Seeker,Toys & Games,2026-01-22
4490,Eta Banerjee,18,Male,Pune,Value Seeker,Sports & Outdoors,2025-04-03
4491,Ekiya Baral,18,Female,Chennai,Value Seeker,Health & Wellness,2025-08-11
4492,Kevin Taneja,38,Male,Jaipur,Premium Buyer,Automotive,2024-02-22
4493,Ekansh Dey,41,Other,Kochi,Luxury Enthusiast,Health & Wellness,2024-08-26
4494,Harsh Virk,24,Female,Jaipur,Budget Shopper,Sports & Outdoors,2024-04-20
4495,Wahab Chanda,18,Male,Mumbai,Value Seeker,Toys & Games,2025-08-18
4496,Ishanvi Nigam,31,Male,Chandigarh,Value Seeker,Fashion,2024-05-28
4497,Nitara Oza,41,Male,Kolkata,Value Seeker,Grocery & Gourmet,2026-04-18
4498,Waida Rattan,46,Male,Bengaluru,Value Seeker,Grocery & Gourmet,2024-03-03
4499,Omaja Randhawa,25,Female,Kochi,Premium Buyer,Grocery & Gourmet,2025-12-04
4500,Gaurav Johal,29,Female,Kochi,Mainstream Buyer,Electronics,2025-03-12
4501,Nathan D’Alia,19,Female,Delhi,Budget Shopper,Sports & Outdoors,2024-09-20
4502,Utkarsh Khatri,33,Male,Nagpur,Value Seeker,Home & Kitchen,2024-08-27
4503,Arjun Ben,26,Female,Kochi,Mainstream Buyer,Health & Wellness,2025-12-20
4504,Varenya Basak,47,Male,Nagpur,Value Seeker,Books & Media,2025-02-13
4505,Theodore Kaul,27,Female,Coimbatore,Budget Shopper,Toys & Games,2025-03-07
4506,Laksh Tella,30,Female,Mumbai,Value Seeker,Sports & Outdoors,2024-07-28
4507,Ekantika Ram,46,Male,Hyderabad,Value Seeker,Fashion,2025-09-13
4508,Anirudh Uppal,26,Female,Nagpur,Budget Shopper,Toys & Games,2024-08-08
4509,Waida Bajwa,40,Female,Jaipur,Mainstream Buyer,Toys & Games,2024-12-20
4510,Ekansh Baria,25,Female,Delhi,Value Seeker,Beauty & Personal Care,2024-08-13
4511,Balendra Joshi,24,Male,Delhi,Mainstream Buyer,Toys & Games,2024-04-29
4512,Vyanjana Amble,26,Female,Jaipur,Value Seeker,Beauty & Personal Care,2025-06-08
4513,Faris Pillai,62,Male,Kochi,Premium Buyer,Toys & Games,2025-06-04
4514,Mekhala Kala,32,Male,Hyderabad,Budget Shopper,Beauty & Personal Care,2024-07-10
4515,Abhimanyu Manda,29,Female,Hyderabad,Budget Shopper,Grocery & Gourmet,2024-07-23
4516,Kavya Vaidya,23,Male,Kochi,Value Seeker,Automotive,2024-04-28
4517,Nathaniel Jaggi,40,Male,Pune,Value Seeker,Sports & Outdoors,2025-02-17
4518,Gaurika Hayre,19,Other,Mumbai,Value Seeker,Electronics,2024-12-02
4519,Abha Ramaswamy,22,Male,Mumbai,Mainstream Buyer,Toys & Games,2026-05-08
4520,Bhavika Seth,21,Female,Hyderabad,Budget Shopper,Health & Wellness,2025-05-15
4521,Sanaya Vala,44,Female,Kochi,Budget Shopper,Grocery & Gourmet,2025-11-20
4522,Samarth Goyal,49,Male,Chennai,Value Seeker,Beauty & Personal Care,2024-05-19
4523,Benjamin Ram,32,Female,Mumbai,Mainstream Buyer,Books & Media,2026-03-12
4524,Samesh Iyengar,36,Female,Bhubaneswar,Premium Buyer,Beauty & Personal Care,2024-07-26
4525,Tanish Mitter,22,Female,Lucknow,Mainstream Buyer,Grocery & Gourmet,2024-06-03
4526,Ubika Bhagat,37,Female,Kochi,Mainstream Buyer,Grocery & Gourmet,2025-05-02
4527,Zayyan Kalla,38,Female,Hyderabad,Mainstream Buyer,Toys & Games,2024-11-03
4528,Dayita Arora,44,Female,Lucknow,Mainstream Buyer,Beauty & Personal Care,2025-01-22
4529,Pratyush Nath,35,Male,Nagpur,Budget Shopper,Fashion,2024-10-15
4530,Xalak Rama,35,Male,Coimbatore,Mainstream Buyer,Toys & Games,2024-10-18
4531,Tanvi Raman,42,Female,Chennai,Mainstream Buyer,Beauty & Personal Care,2025-11-13
4532,Vyanjana Srinivasan,25,Female,Pune,Value Seeker,Health & Wellness,2024-10-16
4533,Yuvraj Brahmbhatt,41,Female,Bhubaneswar,Mainstream Buyer,Electronics,2024-04-05
4534,Aadi Balasubramanian,27,Male,Mumbai,Value Seeker,Automotive,2025-09-22
4535,Advay Mahal,36,Female,Hyderabad,Value Seeker,Grocery & Gourmet,2025-09-26
4536,Chavvi Saxena,30,Male,Delhi,Budget Shopper,Books & Media,2025-10-09
4537,Nathaniel Chatterjee,37,Male,Coimbatore,Mainstream Buyer,Health & Wellness,2024-03-27
4538,Jhalak Kale,50,Female,Ahmedabad,Premium Buyer,Grocery & Gourmet,2024-04-18
4539,Pallavi Pradhan,18,Male,Bengaluru,Budget Shopper,Electronics,2025-08-20
4540,Ati Sahni,22,Female,Nagpur,Value Seeker,Beauty & Personal Care,2024-03-05
4541,Chameli Banerjee,24,Male,Jaipur,Budget Shopper,Automotive,2024-08-10
4542,Chasmum Dhar,18,Female,Hyderabad,Budget Shopper,Grocery & Gourmet,2025-07-02
4543,Tanmayi Jayaraman,43,Female,Nagpur,Luxury Enthusiast,Fashion,2024-06-14
4544,Azaan Soni,28,Male,Lucknow,Value Seeker,Fashion,2024-03-26
4545,Akshay Chowdhury,43,Female,Bengaluru,Value Seeker,Health & Wellness,2024-05-05
4546,Wahab Shah,33,Female,Chandigarh,Value Seeker,Electronics,2025-05-01
4547,Anamika Bajaj,56,Male,Mumbai,Luxury Enthusiast,Health & Wellness,2025-12-16
4548,Dev Dua,29,Female,Bhubaneswar,Budget Shopper,Books & Media,2026-01-30
4549,Dhruv Rao,32,Female,Pune,Mainstream Buyer,Automotive,2024-06-12
4550,Ayushman Barad,33,Male,Chennai,Value Seeker,Home & Kitchen,2024-09-05
4551,Rachana Shroff,33,Female,Mumbai,Budget Shopper,Beauty & Personal Care,2024-09-27
4552,Parth Arya,47,Male,Bhubaneswar,Mainstream Buyer,Grocery & Gourmet,2026-05-20
4553,Dev Mand,25,Male,Jaipur,Budget Shopper,Fashion,2024-02-08
4554,Varenya Jain,22,Male,Kochi,Mainstream Buyer,Fashion,2026-03-19
4555,Arjun Magar,18,Female,Chandigarh,Budget Shopper,Toys & Games,2025-01-21
4556,Wahab Sem,34,Female,Jaipur,Mainstream Buyer,Electronics,2024-03-01
4557,Chaitanya Saran,18,Male,Chennai,Mainstream Buyer,Health & Wellness,2025-11-23
4558,Vincent Batta,53,Male,Indore,Mainstream Buyer,Toys & Games,2025-03-19
4559,Januja Chakrabarti,32,Male,Jaipur,Budget Shopper,Grocery & Gourmet,2024-05-31
4560,Tanmayi Sodhi,31,Female,Hyderabad,Mainstream Buyer,Books & Media,2025-11-01
4561,Kashvi Prabhu,37,Male,Chandigarh,Luxury Enthusiast,Toys & Games,2026-03-30
4562,Ekani Palan,36,Male,Chandigarh,Budget Shopper,Health & Wellness,2025-04-22
4563,Owen Ratti,21,Male,Hyderabad,Value Seeker,Electronics,2024-07-11
4564,Unni Palan,33,Male,Coimbatore,Premium Buyer,Home & Kitchen,2025-01-23
4565,Manbir Talwar,20,Female,Bhubaneswar,Budget Shopper,Toys & Games,2025-05-26
4566,Jagvi Sankaran,38,Female,Indore,Mainstream Buyer,Fashion,2024-11-29
4567,Zehaan Devan,42,Male,Hyderabad,Mainstream Buyer,Home & Kitchen,2026-05-15
4568,Jagrati Shukla,37,Female,Chandigarh,Budget Shopper,Electronics,2025-08-19
4569,Nitesh Basak,46,Male,Mumbai,Mainstream Buyer,Electronics,2024-04-27
4570,Yashawini Dhillon,37,Female,Kochi,Mainstream Buyer,Sports & Outdoors,2025-07-15
4571,Nathaniel Dewan,41,Male,Jaipur,Value Seeker,Toys & Games,2024-02-08
4572,Meghana Bumb,36,Male,Mumbai,Premium Buyer,Fashion,2025-02-18
4573,Isaac Thaker,18,Female,Lucknow,Budget Shopper,Health & Wellness,2024-03-07
4574,Zinal Chawla,25,Male,Chennai,Value Seeker,Grocery & Gourmet,2024-12-10
4575,Aachal Gala,35,Female,Chandigarh,Premium Buyer,Toys & Games,2025-06-16
4576,Gaurika Suresh,21,Male,Bhubaneswar,Budget Shopper,Electronics,2024-03-19
4577,Eshana Prakash,34,Male,Kochi,Premium Buyer,Books & Media,2025-10-29
4578,Maya Kanda,22,Female,Coimbatore,Budget Shopper,Health & Wellness,2025-07-10
4579,Nikita Cherian,37,Male,Mumbai,Value Seeker,Home & Kitchen,2024-09-15
4580,Sudiksha Dugal,42,Male,Bhubaneswar,Budget Shopper,Books & Media,2024-04-30
4581,Aadi Thaman,21,Female,Coimbatore,Mainstream Buyer,Books & Media,2026-01-07
4582,Warhi Dhawan,31,Male,Pune,Premium Buyer,Toys & Games,2024-01-14
4583,Damini Khurana,35,Female,Delhi,Premium Buyer,Health & Wellness,2025-06-06
4584,Chavvi Kadakia,53,Male,Jaipur,Luxury Enthusiast,Fashion,2025-08-28
4585,Rayaan Bajwa,35,Female,Bhubaneswar,Mainstream Buyer,Electronics,2026-03-06
4586,Azaan Merchant,30,Female,Chandigarh,Mainstream Buyer,Electronics,2026-06-06
4587,Sarthak Grewal,38,Male,Delhi,Value Seeker,Home & Kitchen,2025-02-11
4588,Ekalinga Kulkarni,51,Female,Indore,Premium Buyer,Beauty & Personal Care,2024-12-31
4589,Jagat Sami,36,Female,Delhi,Mainstream Buyer,Automotive,2026-04-07
4590,Neha Anne,35,Female,Pune,Premium Buyer,Books & Media,2024-04-04
4591,Hemal Rama,29,Male,Ahmedabad,Budget Shopper,Grocery & Gourmet,2025-02-23
4592,Sathvik Modi,29,Female,Mumbai,Value Seeker,Books & Media,2026-05-13
4593,Vanya Barman,34,Female,Bengaluru,Mainstream Buyer,Health & Wellness,2024-05-30
4594,Azad Tata,22,Female,Bhubaneswar,Budget Shopper,Beauty & Personal Care,2026-01-03
4595,Indali Balasubramanian,35,Female,Coimbatore,Budget Shopper,Toys & Games,2024-10-30
4596,Urvashi Rajagopal,49,Female,Indore,Luxury Enthusiast,Home & Kitchen,2024-10-27
4597,Pahal Panchal,41,Female,Kochi,Value Seeker,Home & Kitchen,2024-06-27
4598,Avi Rai,39,Female,Ahmedabad,Budget Shopper,Health & Wellness,2024-06-28
4599,Vinaya Chadha,36,Female,Mumbai,Value Seeker,Electronics,2024-01-20
4600,Zayyan Chanda,27,Female,Jaipur,Value Seeker,Home & Kitchen,2026-04-13
4601,Yatan Chandra,46,Male,Indore,Mainstream Buyer,Beauty & Personal Care,2025-08-04
4602,Ladli Nazareth,47,Female,Hyderabad,Premium Buyer,Fashion,2025-08-05
4603,Upasna Banerjee,70,Male,Ahmedabad,Luxury Enthusiast,Grocery & Gourmet,2025-07-25
4604,Dayita Seth,39,Female,Pune,Mainstream Buyer,Beauty & Personal Care,2025-11-26
4605,Nirja Chandran,43,Female,Chandigarh,Mainstream Buyer,Sports & Outdoors,2025-12-01
4606,Kabir Bala,34,Female,Bengaluru,Value Seeker,Beauty & Personal Care,2024-02-08
4607,Ekapad Thakkar,42,Male,Delhi,Premium Buyer,Automotive,2024-04-08
4608,Ubika Maharaj,24,Female,Hyderabad,Budget Shopper,Sports & Outdoors,2024-10-21
4609,Chanakya Kulkarni,29,Male,Bengaluru,Budget Shopper,Grocery & Gourmet,2025-02-13
4610,Zansi Swaminathan,51,Female,Chandigarh,Luxury Enthusiast,Toys & Games,2025-04-26
4611,Siya Memon,53,Female,Chennai,Premium Buyer,Health & Wellness,2024-10-21
4612,Balveer Mannan,34,Female,Kolkata,Value Seeker,Toys & Games,2024-05-11
4613,Pooja Choudhary,32,Male,Chennai,Mainstream Buyer,Health & Wellness,2025-06-10
4614,Faraj Issac,29,Female,Chandigarh,Value Seeker,Toys & Games,2025-03-01
4615,Vedika Krish,20,Male,Coimbatore,Value Seeker,Electronics,2024-03-27
4616,Lila Goda,46,Female,Ahmedabad,Value Seeker,Fashion,2024-03-28
4617,Caleb Mittal,22,Female,Indore,Budget Shopper,Grocery & Gourmet,2025-12-04
4618,Udant Oak,45,Female,Delhi,Mainstream Buyer,Electronics,2025-11-26
4619,Veer Saxena,34,Male,Coimbatore,Value Seeker,Fashion,2025-12-28
4620,Harrison Gala,34,Male,Kolkata,Value Seeker,Grocery & Gourmet,2026-06-06
4621,Kevin Bajwa,25,Female,Pune,Budget Shopper,Beauty & Personal Care,2024-10-10
4622,Watika Peri,39,Other,Bengaluru,Luxury Enthusiast,Home & Kitchen,2025-06-07
4623,Ansh Vohra,28,Male,Delhi,Mainstream Buyer,Fashion,2026-06-02
4624,Hitesh Sahota,58,Female,Lucknow,Premium Buyer,Beauty & Personal Care,2025-12-28
4625,Bahadurjit Mallick,28,Male,Chandigarh,Budget Shopper,Automotive,2025-03-06
4626,Pahal Bhavsar,47,Male,Bhubaneswar,Mainstream Buyer,Sports & Outdoors,2024-06-04
4627,Gagan Lall,55,Other,Hyderabad,Premium Buyer,Health & Wellness,2024-11-08
4628,Vaishnavi Rattan,28,Female,Indore,Value Seeker,Grocery & Gourmet,2025-03-05
4629,Laksh Dara,30,Other,Delhi,Budget Shopper,Home & Kitchen,2026-01-13
4630,Neel Chadha,32,Male,Indore,Value Seeker,Fashion,2025-10-12
4631,Ronith Sehgal,21,Female,Kochi,Value Seeker,Health & Wellness,2024-07-23
4632,Adya Sridhar,30,Female,Chandigarh,Value Seeker,Health & Wellness,2024-07-30
4633,Qasim Sachdev,37,Female,Delhi,Value Seeker,Fashion,2024-05-06
4634,Balveer Kata,27,Male,Indore,Value Seeker,Beauty & Personal Care,2025-03-11
4635,Manan Mital,34,Female,Ahmedabad,Mainstream Buyer,Grocery & Gourmet,2025-10-26
4636,Mahika Apte,25,Male,Kochi,Budget Shopper,Health & Wellness,2025-04-01
4637,Darpan Uppal,51,Female,Jaipur,Value Seeker,Health & Wellness,2024-04-10
4638,Isaiah Vohra,20,Female,Lucknow,Mainstream Buyer,Home & Kitchen,2026-01-18
4639,Aditya Mitter,31,Male,Kochi,Budget Shopper,Automotive,2024-05-25
4640,Ekaja Kohli,24,Male,Pune,Budget Shopper,Grocery & Gourmet,2024-01-12
4641,Tanay Gulati,21,Female,Pune,Budget Shopper,Sports & Outdoors,2024-06-19
4642,Vanya Srinivas,24,Female,Delhi,Budget Shopper,Beauty & Personal Care,2024-11-11
4643,Hardik Gera,38,Male,Lucknow,Value Seeker,Automotive,2025-06-25
4644,Ekavir Dhingra,33,Male,Lucknow,Budget Shopper,Automotive,2024-05-18
4645,Yashvi Dhillon,33,Female,Kochi,Value Seeker,Health & Wellness,2026-02-05
4646,Vanya Varghese,56,Male,Lucknow,Luxury Enthusiast,Sports & Outdoors,2024-08-12
4647,Nitesh Koshy,54,Female,Chennai,Premium Buyer,Home & Kitchen,2025-07-02
4648,Janaki Kar,34,Female,Hyderabad,Budget Shopper,Automotive,2025-04-01
4649,Niharika Bhasin,27,Male,Bhubaneswar,Value Seeker,Beauty & Personal Care,2025-05-07
4650,Brijesh Nagi,36,Female,Nagpur,Value Seeker,Grocery & Gourmet,2026-06-22
4651,Ayaan Hans,47,Female,Chandigarh,Premium Buyer,Books & Media,2024-01-20
4652,Mahika Sengupta,35,Female,Mumbai,Premium Buyer,Books & Media,2024-11-04
4653,Joshua Srinivas,18,Female,Jaipur,Budget Shopper,Home & Kitchen,2025-01-03
4654,Nakul Khurana,18,Male,Lucknow,Budget Shopper,Home & Kitchen,2026-03-31
4655,Widisha Borde,32,Male,Mumbai,Value Seeker,Toys & Games,2024-07-26
4656,Azaan Sahni,45,Female,Nagpur,Premium Buyer,Home & Kitchen,2024-02-11
4657,Frado Dhingra,32,Male,Indore,Premium Buyer,Toys & Games,2024-06-23
4658,Kala Mall,36,Male,Chennai,Budget Shopper,Health & Wellness,2025-11-17
4659,Avni Shetty,38,Male,Jaipur,Mainstream Buyer,Electronics,2026-01-17
4660,Chavvi Wason,39,Female,Bhubaneswar,Budget Shopper,Health & Wellness,2025-08-02
4661,Darika Singhal,40,Male,Chandigarh,Mainstream Buyer,Fashion,2026-06-10
4662,Libni Devan,33,Female,Chandigarh,Premium Buyer,Fashion,2025-02-16
4663,Geetika Chand,36,Female,Nagpur,Value Seeker,Automotive,2025-05-12
4664,Hema Walia,33,Male,Lucknow,Budget Shopper,Home & Kitchen,2025-04-02
4665,Zayan Loyal,32,Female,Bhubaneswar,Mainstream Buyer,Toys & Games,2024-01-17
4666,Bhavya Varghese,19,Male,Nagpur,Value Seeker,Fashion,2024-11-15
4667,Dhriti Naik,43,Female,Mumbai,Premium Buyer,Electronics,2025-06-18
4668,Rayaan Pall,22,Female,Coimbatore,Value Seeker,Home & Kitchen,2024-07-21
4669,Rehaan Nayak,53,Female,Kolkata,Premium Buyer,Books & Media,2025-07-31
4670,Arya Lalla,28,Female,Ahmedabad,Value Seeker,Home & Kitchen,2024-08-14
4671,Raghav Dewan,42,Female,Bengaluru,Budget Shopper,Home & Kitchen,2024-03-08
4672,Ranveer Pathak,18,Female,Coimbatore,Value Seeker,Automotive,2024-03-31
4673,Samarth Shere,28,Female,Chandigarh,Budget Shopper,Fashion,2025-03-18
4674,Jacob Manne,44,Male,Pune,Value Seeker,Electronics,2025-05-01
4675,Samesh Nazareth,28,Female,Lucknow,Mainstream Buyer,Fashion,2025-07-06
4676,Watika Prasad,25,Female,Kolkata,Budget Shopper,Automotive,2025-03-04
4677,Manya Sule,23,Male,Lucknow,Budget Shopper,Sports & Outdoors,2024-03-05
4678,Tripti Yogi,20,Other,Delhi,Budget Shopper,Health & Wellness,2024-04-30
4679,Madhav Kumar,29,Female,Bhubaneswar,Budget Shopper,Automotive,2024-12-29
4680,Zayyan Dash,31,Female,Pune,Premium Buyer,Home & Kitchen,2025-10-18
4681,Maya Aggarwal,46,Male,Jaipur,Luxury Enthusiast,Grocery & Gourmet,2025-07-25
4682,Ranbir Kumar,31,Female,Indore,Budget Shopper,Sports & Outdoors,2025-11-20
4683,Suhani Malhotra,35,Female,Mumbai,Mainstream Buyer,Books & Media,2026-01-13
4684,Rushil Lata,27,Male,Nagpur,Mainstream Buyer,Books & Media,2026-06-22
4685,Prisha Suri,56,Female,Kochi,Luxury Enthusiast,Grocery & Gourmet,2024-07-30
4686,Vamakshi Sarkar,38,Female,Nagpur,Value Seeker,Home & Kitchen,2024-08-31
4687,Dhriti Dar,22,Male,Jaipur,Value Seeker,Electronics,2026-01-19
4688,Pratyush Das,20,Female,Hyderabad,Value Seeker,Grocery & Gourmet,2024-10-16
4689,Chatura Barman,34,Male,Kochi,Premium Buyer,Health & Wellness,2026-02-01
4690,Arunima Chokshi,41,Female,Kochi,Mainstream Buyer,Books & Media,2025-10-23
4691,Joshua Char,34,Female,Bhubaneswar,Value Seeker,Fashion,2025-11-09
4692,Samarth Baral,34,Female,Kochi,Budget Shopper,Fashion,2026-03-05
4693,Advaith Choudhury,34,Female,Pune,Mainstream Buyer,Books & Media,2024-09-09
4694,Aradhana Mane,34,Male,Bengaluru,Premium Buyer,Automotive,2026-05-23
4695,Wridesh Kashyap,40,Male,Kolkata,Value Seeker,Toys & Games,2025-06-29
4696,Amara Pandya,32,Female,Kochi,Mainstream Buyer,Beauty & Personal Care,2025-04-15
4697,Max Bajaj,33,Male,Kolkata,Value Seeker,Toys & Games,2025-01-24
4698,Thomas Garg,18,Male,Kolkata,Value Seeker,Fashion,2026-01-06
4699,Samar Badal,26,Male,Mumbai,Value Seeker,Sports & Outdoors,2025-04-30
4700,Gavin Madan,46,Female,Nagpur,Mainstream Buyer,Health & Wellness,2024-07-12
4701,Jeet Chandran,40,Female,Chandigarh,Luxury Enthusiast,Toys & Games,2025-07-27
4702,Niharika Kant,39,Male,Chennai,Value Seeker,Fashion,2024-02-22
4703,Tripti Gandhi,18,Male,Bengaluru,Value Seeker,Home & Kitchen,2025-06-07
4704,Thomas Mammen,26,Male,Chandigarh,Value Seeker,Electronics,2024-07-27
4705,Aarush Khare,25,Male,Chandigarh,Budget Shopper,Sports & Outdoors,2026-03-19
4706,Radhika Raju,47,Male,Bhubaneswar,Value Seeker,Home & Kitchen,2024-05-21
4707,Tanay Kata,18,Female,Jaipur,Budget Shopper,Health & Wellness,2025-04-22
4708,Finn Rege,38,Female,Lucknow,Value Seeker,Beauty & Personal Care,2024-01-16
4709,Saanvi Doctor,36,Male,Lucknow,Budget Shopper,Electronics,2024-10-04
4710,Lajita Bajaj,25,Female,Hyderabad,Value Seeker,Sports & Outdoors,2024-08-29
4711,Samesh Swamy,39,Female,Jaipur,Premium Buyer,Grocery & Gourmet,2026-02-16
4712,Hema Nagy,28,Male,Chennai,Budget Shopper,Toys & Games,2025-02-02
4713,Xalak Tripathi,23,Male,Indore,Mainstream Buyer,Health & Wellness,2024-09-01
4714,Riya Jha,38,Female,Nagpur,Premium Buyer,Beauty & Personal Care,2024-06-27
4715,Maanas Brahmbhatt,48,Male,Delhi,Mainstream Buyer,Books & Media,2025-07-25
4716,Om Raval,31,Female,Delhi,Budget Shopper,Books & Media,2025-02-05
4717,Tejas Murthy,30,Female,Chennai,Value Seeker,Electronics,2026-01-25
4718,Nidhi Mahal,38,Female,Delhi,Mainstream Buyer,Electronics,2025-06-04
4719,Bina Kashyap,37,Male,Mumbai,Value Seeker,Grocery & Gourmet,2025-04-26
4720,Upasna Bajwa,33,Male,Nagpur,Budget Shopper,Beauty & Personal Care,2026-06-01
4721,Dhruv Sethi,26,Female,Kochi,Value Seeker,Toys & Games,2024-03-23
4722,Lopa Pai,50,Male,Indore,Mainstream Buyer,Health & Wellness,2024-11-26
4723,Lakshmi Bahri,43,Male,Kochi,Value Seeker,Home & Kitchen,2026-01-16
4724,Rajata Sehgal,43,Female,Lucknow,Mainstream Buyer,Grocery & Gourmet,2024-04-09
4725,Gaurav Sarkar,19,Male,Coimbatore,Budget Shopper,Home & Kitchen,2024-10-13
4726,Ijaya Karnik,22,Female,Bengaluru,Value Seeker,Grocery & Gourmet,2024-10-11
4727,Jeevika Lad,40,Female,Bengaluru,Premium Buyer,Fashion,2024-03-08
4728,Nakul Ganguly,27,Female,Ahmedabad,Budget Shopper,Beauty & Personal Care,2025-06-30
4729,Zansi Wali,21,Male,Kolkata,Mainstream Buyer,Sports & Outdoors,2025-08-13
4730,Balhaar Raj,36,Female,Chandigarh,Value Seeker,Sports & Outdoors,2024-12-19
4731,Chanakya Karnik,43,Female,Chennai,Value Seeker,Electronics,2024-04-17
4732,Nathan Chanda,48,Male,Kolkata,Premium Buyer,Automotive,2024-06-25
4733,Zashil Buch,25,Female,Jaipur,Value Seeker,Electronics,2024-07-19
4734,Sneha Dixit,19,Male,Hyderabad,Budget Shopper,Automotive,2024-08-08
4735,Lucky Sarin,45,Male,Chandigarh,Premium Buyer,Home & Kitchen,2026-05-30
4736,Quincy Karnik,35,Female,Mumbai,Mainstream Buyer,Grocery & Gourmet,2025-04-12
4737,Devika Ganesan,40,Male,Chandigarh,Mainstream Buyer,Grocery & Gourmet,2025-08-13
4738,Vincent Chanda,32,Male,Kochi,Budget Shopper,Sports & Outdoors,2025-08-07
4739,Patrick Mani,36,Female,Bhubaneswar,Budget Shopper,Books & Media,2024-05-17
4740,Pallavi Ganesh,26,Male,Chennai,Mainstream Buyer,Electronics,2025-07-06
4741,Anay Hayre,28,Female,Bhubaneswar,Budget Shopper,Health & Wellness,2024-06-03
4742,Ekalinga Chaudhuri,23,Male,Chandigarh,Budget Shopper,Fashion,2024-03-31
4743,Praneel Walla,36,Female,Ahmedabad,Mainstream Buyer,Toys & Games,2025-05-15
4744,Turvi Pillay,39,Female,Chennai,Value Seeker,Electronics,2026-01-28
4745,Michael Walla,35,Male,Hyderabad,Budget Shopper,Grocery & Gourmet,2024-10-06
4746,Yatan Anand,39,Female,Bengaluru,Budget Shopper,Beauty & Personal Care,2024-05-11
4747,Onveer Magar,35,Male,Kochi,Value Seeker,Sports & Outdoors,2025-06-28
4748,Xiti Thaman,36,Male,Nagpur,Mainstream Buyer,Electronics,2026-01-05
4749,Meera Deshmukh,40,Male,Kochi,Premium Buyer,Home & Kitchen,2025-03-16
4750,Chanakya Singh,18,Male,Nagpur,Budget Shopper,Sports & Outdoors,2024-01-25
4751,Kevin Khurana,39,Male,Indore,Budget Shopper,Grocery & Gourmet,2025-03-20
4752,Arya Shere,29,Female,Coimbatore,Value Seeker,Books & Media,2025-05-21
4753,Suhani Gill,36,Female,Lucknow,Value Seeker,Home & Kitchen,2025-05-28
4754,Yuvraj Edwin,38,Other,Bhubaneswar,Value Seeker,Books & Media,2024-09-05
4755,Ekalinga Purohit,31,Female,Chandigarh,Premium Buyer,Home & Kitchen,2025-08-26
4756,Aadi Mani,28,Male,Bengaluru,Mainstream Buyer,Books & Media,2024-09-08
4757,Vrishti Rana,45,Male,Kochi,Value Seeker,Books & Media,2024-01-20
4758,Unnati Venkatesh,49,Male,Ahmedabad,Luxury Enthusiast,Home & Kitchen,2024-07-31
4759,Nidhi Krishnamurthy,21,Female,Bhubaneswar,Budget Shopper,Home & Kitchen,2024-03-12
4760,Ojas Thakur,45,Female,Hyderabad,Luxury Enthusiast,Books & Media,2024-07-16
4761,Jonathan Bansal,41,Male,Chandigarh,Value Seeker,Books & Media,2024-05-28
4762,Ethan Pillai,40,Male,Ahmedabad,Value Seeker,Health & Wellness,2026-05-26
4763,Jack Sachar,29,Male,Bhubaneswar,Premium Buyer,Sports & Outdoors,2025-08-15
4764,Keya Mistry,46,Female,Indore,Value Seeker,Sports & Outdoors,2025-10-26
4765,Arjun Murty,40,Male,Kolkata,Value Seeker,Sports & Outdoors,2024-05-10
4766,Rushil Babu,30,Female,Chandigarh,Value Seeker,Automotive,2025-12-05
4767,Radhika Din,26,Male,Bengaluru,Mainstream Buyer,Beauty & Personal Care,2024-02-06
4768,Logan Mittal,46,Male,Mumbai,Mainstream Buyer,Beauty & Personal Care,2024-10-06
4769,Yash Dhar,31,Male,Jaipur,Budget Shopper,Beauty & Personal Care,2026-03-10
4770,Utkarsh Sarna,23,Female,Pune,Mainstream Buyer,Toys & Games,2024-10-20
4771,Vidhi Rastogi,34,Female,Bengaluru,Mainstream Buyer,Toys & Games,2025-08-24
4772,Udyati Prabhu,60,Male,Nagpur,Value Seeker,Sports & Outdoors,2025-10-05
4773,Ubika De,27,Male,Mumbai,Budget Shopper,Home & Kitchen,2024-01-13
4774,Charan Korpal,25,Male,Kochi,Value Seeker,Toys & Games,2024-07-12
4775,Harrison Merchant,18,Male,Chennai,Budget Shopper,Home & Kitchen,2024-08-09
4776,Chatresh Palla,42,Male,Chennai,Budget Shopper,Automotive,2025-09-21
4777,Libni Sant,39,Male,Hyderabad,Value Seeker,Toys & Games,2024-11-08
4778,Chaitaly Pant,39,Female,Pune,Budget Shopper,Sports & Outdoors,2025-08-24
4779,Banjeet Srinivas,34,Female,Coimbatore,Value Seeker,Home & Kitchen,2025-01-01
4780,Indira Narula,48,Female,Kolkata,Mainstream Buyer,Grocery & Gourmet,2025-07-05
4781,Dayita Toor,24,Female,Lucknow,Value Seeker,Toys & Games,2024-12-26
4782,Advay Chaudhuri,48,Other,Ahmedabad,Luxury Enthusiast,Automotive,2024-08-26
4783,Anamika Bhasin,45,Female,Indore,Premium Buyer,Grocery & Gourmet,2025-09-18
4784,Yashodhara Kamdar,49,Male,Ahmedabad,Mainstream Buyer,Grocery & Gourmet,2026-06-20
4785,Arjun Sen,49,Male,Kolkata,Luxury Enthusiast,Electronics,2026-04-04
4786,Gaurika Sharma,37,Male,Jaipur,Premium Buyer,Electronics,2024-04-01
4787,Eta Mane,32,Female,Coimbatore,Value Seeker,Toys & Games,2024-02-13
4788,Charan Varughese,21,Male,Ahmedabad,Mainstream Buyer,Electronics,2024-10-12
4789,Raksha Sura,18,Male,Bhubaneswar,Budget Shopper,Automotive,2026-03-26
4790,Yoshita Bansal,44,Female,Jaipur,Mainstream Buyer,Automotive,2025-01-16
4791,Mitesh Purohit,28,Female,Chennai,Value Seeker,Books & Media,2025-06-04
4792,Ria Loke,24,Female,Mumbai,Budget Shopper,Grocery & Gourmet,2025-11-28
4793,Lucky Hegde,39,Female,Pune,Value Seeker,Sports & Outdoors,2025-07-22
4794,Leena Majumdar,59,Female,Mumbai,Luxury Enthusiast,Health & Wellness,2024-07-20
4795,Thomas Barman,36,Female,Mumbai,Value Seeker,Electronics,2024-01-11
4796,Chavvi Arora,44,Male,Kolkata,Budget Shopper,Home & Kitchen,2024-05-02
4797,Robert Sahota,31,Female,Chennai,Budget Shopper,Toys & Games,2025-12-28
4798,Omisha Doshi,34,Female,Bhubaneswar,Value Seeker,Grocery & Gourmet,2025-04-03
4799,Aadhya Kade,45,Male,Lucknow,Premium Buyer,Home & Kitchen,2025-03-09
4800,Dominic Gade,25,Other,Indore,Mainstream Buyer,Automotive,2025-10-09
4801,Alka Subramanian,40,Female,Jaipur,Value Seeker,Sports & Outdoors,2025-06-02
4802,Theodore Sidhu,18,Female,Delhi,Budget Shopper,Automotive,2025-07-21
4803,Wakeeta Comar,21,Female,Chandigarh,Budget Shopper,Home & Kitchen,2026-04-29
4804,Tripti Oommen,32,Male,Ahmedabad,Value Seeker,Toys & Games,2025-06-19
4805,Upasna Kuruvilla,35,Male,Pune,Premium Buyer,Home & Kitchen,2025-08-05
4806,Eta Vyas,32,Male,Kochi,Mainstream Buyer,Fashion,2025-09-27
4807,Zinal Mallick,48,Female,Bengaluru,Value Seeker,Grocery & Gourmet,2024-12-22
4808,Upkaar Bains,46,Female,Ahmedabad,Mainstream Buyer,Toys & Games,2024-09-24
4809,Vasudha Magar,25,Other,Kochi,Value Seeker,Home & Kitchen,2026-05-19
4810,Yashodhara Mital,32,Female,Lucknow,Mainstream Buyer,Toys & Games,2025-08-25
4811,Nidhi Behl,20,Female,Jaipur,Value Seeker,Health & Wellness,2026-06-03
4812,Aarini Chhabra,43,Male,Nagpur,Mainstream Buyer,Beauty & Personal Care,2024-06-17
4813,Udant Kanda,29,Male,Nagpur,Value Seeker,Books & Media,2024-03-13
4814,Ucchal Dua,29,Male,Delhi,Luxury Enthusiast,Home & Kitchen,2025-05-07
4815,Yashasvi Patil,32,Female,Delhi,Value Seeker,Books & Media,2024-02-26
4816,Mugdha Saini,30,Male,Jaipur,Budget Shopper,Automotive,2024-12-08
4817,Chandani Bumb,35,Female,Chandigarh,Budget Shopper,Toys & Games,2024-05-05
4818,Nicholas Srivastava,31,Female,Jaipur,Value Seeker,Fashion,2024-02-24
4819,Dipta Bhandari,33,Male,Hyderabad,Mainstream Buyer,Grocery & Gourmet,2025-01-15
4820,Nidra Sankaran,54,Female,Jaipur,Mainstream Buyer,Sports & Outdoors,2025-05-23
4821,Oeshi Solanki,37,Female,Nagpur,Mainstream Buyer,Electronics,2024-08-28
4822,Gauri Prabhakar,38,Female,Bengaluru,Value Seeker,Toys & Games,2026-01-27
4823,Darika Keer,32,Male,Ahmedabad,Mainstream Buyer,Home & Kitchen,2025-10-05
4824,Vyanjana Randhawa,43,Male,Coimbatore,Mainstream Buyer,Health & Wellness,2025-02-18
4825,Nidra Sani,18,Male,Pune,Value Seeker,Health & Wellness,2025-12-30
4826,Bhavini Kohli,27,Female,Mumbai,Value Seeker,Toys & Games,2025-04-07
4827,Gayathri Dutta,18,Female,Coimbatore,Budget Shopper,Toys & Games,2024-05-17
4828,Krisha Butala,26,Female,Lucknow,Value Seeker,Beauty & Personal Care,2024-07-22
4829,Fitan Butala,54,Female,Coimbatore,Premium Buyer,Electronics,2024-04-15
4830,Mason Zachariah,37,Male,Coimbatore,Premium Buyer,Electronics,2024-05-13
4831,Waida Chanda,43,Other,Coimbatore,Mainstream Buyer,Sports & Outdoors,2025-09-03
4832,Charan Agate,45,Male,Kolkata,Value Seeker,Beauty & Personal Care,2024-09-24
4833,Peter Bali,36,Male,Mumbai,Mainstream Buyer,Health & Wellness,2025-07-29
4834,Bishakha Peri,45,Female,Nagpur,Mainstream Buyer,Home & Kitchen,2024-02-02
4835,Gagan Baria,36,Female,Hyderabad,Value Seeker,Home & Kitchen,2026-01-22
4836,Dayita Narayanan,44,Female,Chandigarh,Premium Buyer,Automotive,2025-10-30
4837,Balvan Butala,33,Female,Jaipur,Budget Shopper,Automotive,2024-02-29
4838,Aadi Handa,43,Male,Jaipur,Budget Shopper,Beauty & Personal Care,2025-11-26
4839,Mahika Swaminathan,21,Male,Mumbai,Budget Shopper,Electronics,2024-12-17
4840,Amara Manne,18,Male,Nagpur,Budget Shopper,Electronics,2025-10-10
4841,Bhavani Devi,33,Female,Jaipur,Premium Buyer,Books & Media,2025-10-16
4842,Turvi Lad,40,Female,Chandigarh,Value Seeker,Automotive,2024-10-31
4843,Yutika Char,42,Male,Indore,Value Seeker,Beauty & Personal Care,2024-07-11
4844,Udarsh Mander,27,Male,Bengaluru,Value Seeker,Electronics,2025-12-02
4845,Maya Nigam,18,Female,Nagpur,Value Seeker,Beauty & Personal Care,2024-01-23
4846,Urvashi Sethi,25,Female,Kochi,Value Seeker,Electronics,2026-04-11
4847,Yashodhara Mohan,31,Male,Bengaluru,Budget Shopper,Sports & Outdoors,2026-04-01
4848,Nandini Sahota,36,Male,Kochi,Mainstream Buyer,Sports & Outdoors,2024-01-28
4849,Dayamai Narain,28,Female,Kochi,Budget Shopper,Grocery & Gourmet,2026-05-11
4850,Wridesh Shenoy,32,Female,Coimbatore,Mainstream Buyer,Electronics,2025-09-19
4851,Mohammed Bansal,36,Male,Kolkata,Budget Shopper,Sports & Outdoors,2026-03-13
4852,Daniel Dalal,40,Male,Nagpur,Mainstream Buyer,Fashion,2025-12-11
4853,Hritik Sen,48,Female,Hyderabad,Premium Buyer,Sports & Outdoors,2026-04-25
4854,Manthan Borah,28,Female,Ahmedabad,Budget Shopper,Health & Wellness,2025-08-10
4855,Gaurangi Nagarajan,31,Male,Chandigarh,Budget Shopper,Grocery & Gourmet,2025-10-06
4856,Vasatika Saran,51,Female,Delhi,Luxury Enthusiast,Automotive,2026-02-07
4857,Jason Mittal,23,Female,Pune,Value Seeker,Electronics,2024-09-18
4858,Urvashi Bandi,40,Male,Ahmedabad,Mainstream Buyer,Grocery & Gourmet,2026-05-29
4859,Naksh Raman,34,Male,Indore,Budget Shopper,Automotive,2025-04-27
4860,Hemani Bhatti,42,Female,Indore,Value Seeker,Toys & Games,2025-09-27
4861,Azad Krishnan,35,Female,Indore,Value Seeker,Grocery & Gourmet,2024-11-19
4862,Rachit Tank,34,Male,Kolkata,Premium Buyer,Electronics,2025-08-29
4863,Mitali Naik,24,Female,Ahmedabad,Value Seeker,Grocery & Gourmet,2025-04-29
4864,Kiaan Narain,33,Male,Mumbai,Mainstream Buyer,Automotive,2024-06-27
4865,Divya Gour,38,Female,Chandigarh,Mainstream Buyer,Home & Kitchen,2026-02-20
4866,Nitesh Krishna,25,Male,Chennai,Budget Shopper,Sports & Outdoors,2025-06-01
4867,Girik Sur,21,Male,Ahmedabad,Value Seeker,Sports & Outdoors,2025-02-07
4868,Manbir Basak,18,Male,Coimbatore,Budget Shopper,Electronics,2024-09-02
4869,Wriddhish Varghese,18,Other,Indore,Value Seeker,Fashion,2025-03-02
4870,Arunima Jain,18,Female,Delhi,Mainstream Buyer,Beauty & Personal Care,2024-09-03
4871,Omisha Barad,30,Female,Indore,Value Seeker,Fashion,2024-07-10
4872,Jalsa Oza,47,Male,Pune,Budget Shopper,Books & Media,2024-07-16
4873,Geetika Agate,53,Female,Pune,Mainstream Buyer,Electronics,2024-12-21
4874,Vasudha Thaker,28,Female,Bengaluru,Mainstream Buyer,Electronics,2024-03-21
4875,Siddharth Divan,33,Female,Lucknow,Value Seeker,Toys & Games,2026-06-10
4876,Yashasvi Mahal,23,Male,Ahmedabad,Mainstream Buyer,Home & Kitchen,2025-04-05
4877,Ronith Saran,18,Female,Delhi,Budget Shopper,Beauty & Personal Care,2024-07-05
4878,Suhani Mannan,26,Male,Bengaluru,Mainstream Buyer,Beauty & Personal Care,2026-03-28
4879,Chaitanya Mane,29,Male,Lucknow,Value Seeker,Sports & Outdoors,2024-06-20
4880,Andrew Reddy,30,Female,Delhi,Value Seeker,Sports & Outdoors,2026-05-27
4881,Urvi Sahni,29,Male,Jaipur,Budget Shopper,Fashion,2024-07-19
4882,Vihaan Murty,42,Male,Lucknow,Mainstream Buyer,Electronics,2026-01-12
4883,Shivani Lanka,33,Female,Bhubaneswar,Mainstream Buyer,Sports & Outdoors,2024-11-03
4884,Balvan Karnik,32,Male,Bengaluru,Value Seeker,Books & Media,2024-06-10
4885,Megha Lanka,33,Female,Chennai,Premium Buyer,Grocery & Gourmet,2024-06-24
4886,Veer Baria,30,Female,Bengaluru,Premium Buyer,Fashion,2025-01-27
4887,Shivani Khare,18,Female,Bhubaneswar,Budget Shopper,Electronics,2024-03-30
4888,Aarnav Sani,42,Male,Kochi,Mainstream Buyer,Books & Media,2026-02-24
4889,Faqid Mahal,28,Female,Nagpur,Value Seeker,Health & Wellness,2025-11-28
4890,Amol Thaker,30,Female,Mumbai,Luxury Enthusiast,Home & Kitchen,2026-03-02
4891,Charan Taneja,26,Male,Lucknow,Budget Shopper,Electronics,2024-09-17
4892,Bhavna D’Alia,20,Female,Mumbai,Value Seeker,Sports & Outdoors,2024-04-15
4893,Lopa Narasimhan,46,Female,Delhi,Value Seeker,Books & Media,2024-03-10
4894,Sai Atwal,26,Male,Pune,Value Seeker,Toys & Games,2025-03-17
4895,Fariq Narasimhan,43,Male,Kolkata,Mainstream Buyer,Fashion,2026-03-03
4896,Varsha Bail,41,Female,Kolkata,Value Seeker,Toys & Games,2026-01-26
4897,Kai Kuruvilla,18,Male,Delhi,Budget Shopper,Beauty & Personal Care,2024-12-11
4898,Brinda Kurian,32,Female,Jaipur,Value Seeker,Electronics,2024-04-10
4899,Neel Sandhu,47,Male,Kolkata,Premium Buyer,Health & Wellness,2024-01-18
4900,Nihal Pathak,44,Male,Nagpur,Premium Buyer,Books & Media,2024-09-16
4901,Bhavya More,35,Female,Indore,Value Seeker,Beauty & Personal Care,2024-04-24
4902,Faraj Dugal,20,Other,Pune,Value Seeker,Automotive,2025-04-24
4903,Aarush Khatri,31,Male,Indore,Budget Shopper,Grocery & Gourmet,2026-01-04
4904,Anamika Gola,38,Female,Kochi,Premium Buyer,Home & Kitchen,2025-05-06
4905,Siya Nazareth,40,Male,Ahmedabad,Mainstream Buyer,Health & Wellness,2026-04-02
4906,Xiti Warrior,45,Male,Bhubaneswar,Mainstream Buyer,Books & Media,2024-10-30
4907,Yasti Das,49,Female,Kochi,Premium Buyer,Home & Kitchen,2025-09-05
4908,Arunima Chacko,30,Male,Ahmedabad,Budget Shopper,Sports & Outdoors,2025-08-28
4909,George Pandit,42,Female,Kochi,Mainstream Buyer,Fashion,2026-06-28
4910,Lipika Gulati,33,Male,Indore,Budget Shopper,Automotive,2024-01-08
4911,Andrew Chadha,40,Female,Lucknow,Budget Shopper,Home & Kitchen,2025-06-09
4912,Nicholas Dhingra,31,Male,Jaipur,Value Seeker,Sports & Outdoors,2024-07-20
4913,Naveen Vig,33,Female,Bengaluru,Value Seeker,Electronics,2025-03-17
4914,Varenya Panchal,55,Female,Coimbatore,Luxury Enthusiast,Health & Wellness,2024-11-27
4915,Harini Ramachandran,27,Male,Pune,Value Seeker,Beauty & Personal Care,2025-05-03
4916,Hemang Vala,30,Male,Bhubaneswar,Premium Buyer,Toys & Games,2024-10-16
4917,Simon Ganesh,41,Other,Bhubaneswar,Mainstream Buyer,Beauty & Personal Care,2026-01-01
4918,Veda Bhavsar,35,Male,Mumbai,Mainstream Buyer,Books & Media,2024-01-11
4919,Warda Shankar,32,Female,Nagpur,Premium Buyer,Books & Media,2025-06-08
4920,Ekanta Pillay,36,Female,Bhubaneswar,Value Seeker,Home & Kitchen,2026-06-21
4921,Benjamin Bansal,44,Female,Bhubaneswar,Value Seeker,Sports & Outdoors,2024-02-19
4922,Raghav Aggarwal,18,Male,Ahmedabad,Budget Shopper,Books & Media,2026-06-10
4923,Anay Pradhan,41,Male,Chennai,Value Seeker,Home & Kitchen,2025-04-29
4924,Ojasvi Amble,20,Male,Kochi,Premium Buyer,Fashion,2024-07-20
4925,Ubika Chada,28,Male,Bhubaneswar,Value Seeker,Fashion,2025-07-30
4926,Gopal Verma,48,Male,Ahmedabad,Value Seeker,Sports & Outdoors,2025-12-23
4927,Laban Solanki,24,Other,Nagpur,Budget Shopper,Home & Kitchen,2025-11-25
4928,Harini Dar,32,Male,Chennai,Value Seeker,Home & Kitchen,2024-10-18
4929,Edhitha Korpal,43,Male,Chandigarh,Mainstream Buyer,Toys & Games,2025-01-27
4930,Pavani Memon,18,Male,Delhi,Value Seeker,Toys & Games,2025-04-01
4931,Hredhaan Bhakta,37,Male,Chandigarh,Mainstream Buyer,Health & Wellness,2025-03-22
4932,Laksh Kuruvilla,37,Female,Nagpur,Mainstream Buyer,Grocery & Gourmet,2025-09-15
4933,Michael Mand,59,Male,Lucknow,Premium Buyer,Sports & Outdoors,2024-03-06
4934,Nisha Borde,18,Female,Kochi,Budget Shopper,Health & Wellness,2025-12-03
4935,Falan Tara,33,Female,Pune,Mainstream Buyer,Health & Wellness,2024-06-03
4936,Charita Ray,18,Male,Chandigarh,Budget Shopper,Home & Kitchen,2024-07-28
4937,Atharv Mane,22,Female,Bengaluru,Value Seeker,Fashion,2026-06-24
4938,Qasim Chander,47,Male,Chennai,Mainstream Buyer,Automotive,2026-01-27
4939,Harish Patil,37,Male,Bengaluru,Mainstream Buyer,Automotive,2025-02-16
4940,Girish Lalla,21,Female,Chennai,Budget Shopper,Automotive,2026-02-07
4941,Eesha Dasgupta,38,Female,Jaipur,Premium Buyer,Sports & Outdoors,2024-05-20
4942,Simon Brar,21,Male,Kolkata,Budget Shopper,Automotive,2025-05-27
4943,Chandran Malhotra,32,Female,Pune,Mainstream Buyer,Grocery & Gourmet,2024-06-03
4944,Fariq Mishra,35,Male,Hyderabad,Luxury Enthusiast,Grocery & Gourmet,2026-03-15
4945,Harish Raval,29,Female,Kolkata,Value Seeker,Toys & Games,2026-06-09
4946,Devika Salvi,39,Female,Ahmedabad,Premium Buyer,Home & Kitchen,2024-11-27
4947,Gauri Luthra,30,Male,Hyderabad,Mainstream Buyer,Grocery & Gourmet,2024-07-05
4948,Laksh Biswas,44,Female,Bhubaneswar,Premium Buyer,Automotive,2024-01-15
4949,Aayush Chhabra,39,Female,Bhubaneswar,Mainstream Buyer,Automotive,2024-07-18
4950,Brijesh Singh,31,Male,Bhubaneswar,Mainstream Buyer,Books & Media,2024-08-23
4951,Nidra Chhabra,25,Female,Mumbai,Budget Shopper,Electronics,2026-05-09
4952,Nathan Kota,56,Female,Ahmedabad,Mainstream Buyer,Grocery & Gourmet,2025-01-01
4953,Gaurika Ganguly,46,Male,Indore,Budget Shopper,Home & Kitchen,2024-09-23
4954,Hemang Badal,37,Female,Kolkata,Luxury Enthusiast,Home & Kitchen,2025-07-08
4955,Tejas Date,18,Female,Hyderabad,Budget Shopper,Electronics,2024-01-08
4956,Yashodhara Khare,18,Female,Kochi,Budget Shopper,Fashion,2024-01-18
4957,Abdul Virk,52,Male,Mumbai,Premium Buyer,Sports & Outdoors,2024-05-17
4958,Raghav Tailor,23,Female,Kochi,Budget Shopper,Home & Kitchen,2024-04-25
4959,Daniel Sani,34,Female,Ahmedabad,Value Seeker,Beauty & Personal Care,2025-02-01
4960,Lipika Hans,54,Other,Coimbatore,Mainstream Buyer,Books & Media,2024-06-18
4961,Hemangini Deshpande,26,Male,Coimbatore,Budget Shopper,Books & Media,2026-04-27
4962,Nisha Mani,33,Female,Jaipur,Budget Shopper,Sports & Outdoors,2025-12-04
4963,Zaid Dash,36,Female,Kochi,Value Seeker,Sports & Outdoors,2024-11-07
4964,Aadhya Tank,21,Male,Mumbai,Budget Shopper,Automotive,2026-03-11
4965,Ishwar Ravi,36,Male,Nagpur,Budget Shopper,Home & Kitchen,2024-06-25
4966,Zehaan Dave,19,Female,Delhi,Budget Shopper,Electronics,2026-01-20
4967,Jagdish Kothari,44,Female,Nagpur,Value Seeker,Automotive,2025-08-18
4968,Banjeet Kashyap,26,Female,Nagpur,Value Seeker,Electronics,2025-11-08
4969,Chakradhar Bora,22,Male,Lucknow,Budget Shopper,Grocery & Gourmet,2025-02-26
4970,Kiaan Kamdar,27,Female,Lucknow,Mainstream Buyer,Beauty & Personal Care,2026-04-18
4971,Isaiah Agate,28,Male,Mumbai,Mainstream Buyer,Automotive,2024-06-25
4972,Indrajit Atwal,23,Female,Nagpur,Budget Shopper,Fashion,2024-04-17
4973,Hredhaan Om,18,Male,Jaipur,Value Seeker,Fashion,2024-08-23
4974,Sanya Dhawan,40,Male,Kolkata,Premium Buyer,Sports & Outdoors,2026-01-14
4975,Jatin Pillay,32,Female,Coimbatore,Mainstream Buyer,Sports & Outdoors,2025-10-11
4976,Nirja Radhakrishnan,39,Female,Jaipur,Value Seeker,Grocery & Gourmet,2025-12-07
4977,Sachi Jaggi,35,Male,Kolkata,Value Seeker,Toys & Games,2025-01-02
4978,Samuel Ramachandran,20,Male,Kolkata,Budget Shopper,Health & Wellness,2024-04-18
4979,Raghav Kibe,38,Female,Delhi,Premium Buyer,Toys & Games,2024-04-26
4980,Vrinda Mahal,40,Other,Bhubaneswar,Premium Buyer,Home & Kitchen,2024-02-14
4981,Chandran Krishnan,56,Male,Coimbatore,Premium Buyer,Electronics,2024-10-14
4982,Rachita Sheth,19,Female,Chennai,Budget Shopper,Home & Kitchen,2025-12-12
4983,Darsh Bhasin,25,Male,Lucknow,Value Seeker,Health & Wellness,2025-07-05
4984,Bimala Jani,18,Female,Lucknow,Budget Shopper,Grocery & Gourmet,2025-10-07
4985,Indrajit Mani,18,Male,Bengaluru,Value Seeker,Grocery & Gourmet,2026-05-04
4986,Bhanumati Mammen,34,Male,Bengaluru,Value Seeker,Home & Kitchen,2024-07-06
4987,Pooja Atwal,38,Female,Hyderabad,Mainstream Buyer,Sports & Outdoors,2025-01-23
4988,Dhruv Sha,38,Male,Delhi,Budget Shopper,Grocery & Gourmet,2024-02-03
4989,Chavvi Kapur,52,Female,Chandigarh,Premium Buyer,Health & Wellness,2024-05-30
4990,Sai Majumdar,48,Male,Bengaluru,Budget Shopper,Books & Media,2024-11-20
4991,Madhavi Madan,26,Male,Indore,Budget Shopper,Electronics,2026-05-22
4992,Varsha Kannan,40,Female,Jaipur,Premium Buyer,Automotive,2025-05-26
4993,Kiaan Badal,25,Female,Delhi,Mainstream Buyer,Health & Wellness,2025-04-27
4994,Vedika Rajagopalan,38,Male,Chandigarh,Value Seeker,Electronics,2024-10-28
4995,Yashodhara Dhillon,38,Female,Bengaluru,Mainstream Buyer,Beauty & Personal Care,2025-02-02
4996,Amrita Prabhakar,32,Male,Nagpur,Budget Shopper,Health & Wellness,2024-07-24
4997,Hardik Magar,18,Female,Mumbai,Budget Shopper,Health & Wellness,2026-06-11
4998,Netra Bahri,35,Male,Kochi,Value Seeker,Health & Wellness,2026-03-21
4999,Hredhaan Khurana,33,Female,Kolkata,Value Seeker,Health & Wellness,2024-02-19
5000,Zayyan Konda,38,Male,Jaipur,Mainstream Buyer,Electronics,2025-06-02
5001,Watika Wadhwa,20,Female,Chandigarh,Budget Shopper,Fashion,2024-06-16
5002,Manthan Bahri,47,Female,Indore,Mainstream Buyer,Sports & Outdoors,2024-05-16
5003,Oni Om,55,Female,Chennai,Mainstream Buyer,Toys & Games,2026-03-13
5004,Vasana Hari,18,Male,Delhi,Budget Shopper,Sports & Outdoors,2024-09-30
5005,Ikbal Mohan,33,Male,Chennai,Budget Shopper,Home & Kitchen,2026-01-24
5006,Zayan Magar,18,Male,Indore,Value Seeker,Home & Kitchen,2026-02-11
5007,Neelima Parikh,43,Female,Jaipur,Mainstream Buyer,Toys & Games,2025-11-21
5008,Lajita Sodhi,20,Male,Indore,Mainstream Buyer,Health & Wellness,2024-08-16
5009,Yash Nair,32,Female,Ahmedabad,Mainstream Buyer,Automotive,2026-04-07
5010,Gayathri Parikh,20,Male,Jaipur,Value Seeker,Fashion,2024-11-03
5011,Wridesh Walia,25,Other,Delhi,Budget Shopper,Fashion,2025-07-20
5012,Waida Kari,39,Female,Mumbai,Value Seeker,Home & Kitchen,2025-11-03
5013,Amol Bose,18,Female,Lucknow,Budget Shopper,Grocery & Gourmet,2025-11-25
5014,Laksh Kashyap,33,Female,Hyderabad,Mainstream Buyer,Electronics,2025-08-23
5015,Caleb Jayaraman,22,Female,Kolkata,Budget Shopper,Grocery & Gourmet,2025-08-19
5016,Nitara Warrior,46,Female,Kolkata,Value Seeker,Books & Media,2025-09-19
5017,Harshil Sastry,35,Female,Coimbatore,Value Seeker,Toys & Games,2025-03-19
5018,Timothy Kala,21,Female,Nagpur,Value Seeker,Automotive,2024-01-14
5019,Kamala Chatterjee,32,Male,Indore,Mainstream Buyer,Books & Media,2025-05-18
5020,Aahana Apte,46,Male,Coimbatore,Value Seeker,Toys & Games,2026-01-15
5021,Jai Mand,49,Female,Chandigarh,Premium Buyer,Sports & Outdoors,2024-12-24
5022,Shaurya Chander,34,Female,Jaipur,Premium Buyer,Toys & Games,2024-06-10
5023,Warjas Dani,40,Male,Bengaluru,Premium Buyer,Beauty & Personal Care,2025-01-04
5024,Zashil Yadav,34,Male,Ahmedabad,Mainstream Buyer,Electronics,2025-03-07
5025,Chaitanya Soni,32,Female,Nagpur,Mainstream Buyer,Electronics,2024-11-02
5026,Oliver Ahuja,21,Male,Indore,Mainstream Buyer,Grocery & Gourmet,2024-04-25
5027,Tarak Sabharwal,25,Female,Kolkata,Value Seeker,Toys & Games,2026-04-22
5028,Harish Chakrabarti,44,Female,Kolkata,Value Seeker,Sports & Outdoors,2024-01-24
5029,Arunima Acharya,33,Male,Bhubaneswar,Mainstream Buyer,Grocery & Gourmet,2024-04-13
5030,Ikshita Parikh,26,Male,Delhi,Budget Shopper,Sports & Outdoors,2024-02-12
5031,Nitesh Bala,28,Male,Bhubaneswar,Budget Shopper,Home & Kitchen,2025-04-06
5032,Ansh Maharaj,62,Male,Coimbatore,Premium Buyer,Books & Media,2024-05-18
5033,Orinder Dugar,27,Female,Indore,Budget Shopper,Beauty & Personal Care,2026-04-17
5034,Chakradev Gola,41,Female,Kolkata,Value Seeker,Health & Wellness,2025-06-21
5035,Shaurya Hora,31,Female,Coimbatore,Mainstream Buyer,Grocery & Gourmet,2024-04-25
5036,Chakrika Sharma,24,Male,Kolkata,Budget Shopper,Grocery & Gourmet,2025-10-28
5037,Shivani Kara,43,Female,Mumbai,Premium Buyer,Toys & Games,2024-08-08
5038,Azad Dalal,20,Male,Ahmedabad,Budget Shopper,Toys & Games,2025-09-14
5039,Jeevika Mistry,41,Female,Nagpur,Premium Buyer,Grocery & Gourmet,2025-01-13
5040,Mitesh Bhatnagar,44,Male,Hyderabad,Mainstream Buyer,Sports & Outdoors,2024-11-16
5041,Urvi Radhakrishnan,19,Female,Bengaluru,Budget Shopper,Automotive,2024-04-27
5042,Onveer Prasad,27,Female,Bhubaneswar,Budget Shopper,Electronics,2025-08-25
5043,Parth Salvi,38,Male,Bhubaneswar,Value Seeker,Toys & Games,2024-07-18
5044,Frado Dugar,24,Other,Chandigarh,Value Seeker,Books & Media,2025-06-02
5045,Elijah Dube,36,Male,Nagpur,Budget Shopper,Electronics,2025-07-10
5046,Ikbal Saran,47,Male,Nagpur,Luxury Enthusiast,Toys & Games,2026-04-19
5047,Ojas Lata,25,Female,Bhubaneswar,Budget Shopper,Electronics,2026-04-22
5048,Sneha Dugar,24,Female,Nagpur,Premium Buyer,Grocery & Gourmet,2024-08-02
5049,Saumya Sandal,23,Male,Lucknow,Budget Shopper,Books & Media,2026-03-28
5050,Sai Mallick,50,Male,Kolkata,Luxury Enthusiast,Toys & Games,2026-03-22
5051,Abha Kala,42,Male,Ahmedabad,Budget Shopper,Toys & Games,2026-01-14
5052,Rohan Ravi,37,Female,Pune,Value Seeker,Beauty & Personal Care,2025-08-29
5053,Keya Wason,47,Female,Jaipur,Mainstream Buyer,Toys & Games,2026-02-03
5054,Gavin D’Alia,18,Male,Lucknow,Budget Shopper,Home & Kitchen,2025-01-12
5055,Chatura Karpe,41,Male,Hyderabad,Premium Buyer,Grocery & Gourmet,2024-06-17
5056,Varenya Rana,42,Female,Mumbai,Value Seeker,Electronics,2025-03-07
5057,Chatresh Vasa,29,Female,Kochi,Mainstream Buyer,Fashion,2024-11-06
5058,Vincent Date,45,Male,Nagpur,Mainstream Buyer,Grocery & Gourmet,2024-04-13
5059,Chandresh Trivedi,43,Female,Chandigarh,Mainstream Buyer,Electronics,2024-04-12
5060,Wyatt Yohannan,29,Male,Mumbai,Budget Shopper,Health & Wellness,2024-11-11
5061,Harinakshi Vohra,24,Male,Kochi,Budget Shopper,Electronics,2026-04-30
5062,Aashi Lal,18,Female,Jaipur,Budget Shopper,Books & Media,2024-07-16
5063,Laban Gokhale,47,Female,Pune,Value Seeker,Health & Wellness,2024-08-14
5064,Prisha Swaminathan,32,Male,Coimbatore,Budget Shopper,Toys & Games,2025-09-29
5065,Logan Kannan,46,Female,Pune,Premium Buyer,Toys & Games,2026-02-04
5066,Zarna Divan,28,Female,Bhubaneswar,Value Seeker,Toys & Games,2026-03-03
5067,Ekbal Sami,37,Female,Bhubaneswar,Mainstream Buyer,Grocery & Gourmet,2025-10-23
5068,Ekanta Sharma,33,Female,Coimbatore,Value Seeker,Fashion,2024-08-27
5069,Anya Nazareth,35,Female,Ahmedabad,Value Seeker,Beauty & Personal Care,2024-02-25
5070,Bachittar Apte,38,Female,Kochi,Value Seeker,Fashion,2026-02-12
5071,Arjun Balasubramanian,24,Male,Bhubaneswar,Value Seeker,Home & Kitchen,2025-06-20
5072,Ekantika Gala,18,Female,Chennai,Value Seeker,Home & Kitchen,2024-06-06
5073,Fitan Gupta,32,Male,Chandigarh,Value Seeker,Toys & Games,2026-04-14
5074,Guneet Sarna,18,Female,Kochi,Value Seeker,Health & Wellness,2024-02-28
5075,Dakshesh Bal,44,Male,Delhi,Luxury Enthusiast,Books & Media,2026-06-14
5076,Ira Munshi,22,Male,Lucknow,Budget Shopper,Electronics,2025-10-17
5077,Ishwar Thaman,36,Female,Hyderabad,Value Seeker,Toys & Games,2026-06-01
5078,Brinda Lal,44,Male,Jaipur,Budget Shopper,Books & Media,2024-08-11
5079,Frederick Divan,18,Male,Nagpur,Value Seeker,Grocery & Gourmet,2025-06-09
5080,Bhavna Swaminathan,57,Male,Indore,Mainstream Buyer,Beauty & Personal Care,2025-05-31
5081,Matthew Gill,24,Female,Lucknow,Budget Shopper,Sports & Outdoors,2025-02-21
5082,Yachana Basak,40,Male,Delhi,Mainstream Buyer,Toys & Games,2025-10-03
5083,Ladli Singh,19,Male,Chandigarh,Value Seeker,Grocery & Gourmet,2024-08-14
5084,Yashica Saran,35,Female,Kolkata,Budget Shopper,Home & Kitchen,2025-06-05
5085,Atharv Basu,47,Female,Mumbai,Luxury Enthusiast,Books & Media,2024-07-10
5086,Aarnav Lal,31,Female,Nagpur,Value Seeker,Health & Wellness,2024-11-22
5087,Krishna Pai,25,Male,Hyderabad,Premium Buyer,Electronics,2024-10-28
5088,Gaurang Pathak,32,Female,Kolkata,Value Seeker,Beauty & Personal Care,2024-01-18
5089,Mason Ravel,54,Female,Bengaluru,Luxury Enthusiast,Books & Media,2025-03-29
5090,Jason Keer,29,Female,Kochi,Value Seeker,Health & Wellness,2025-10-02
5091,Manthan Luthra,42,Female,Chandigarh,Value Seeker,Health & Wellness,2024-09-10
5092,Ekanta Pingle,47,Male,Jaipur,Mainstream Buyer,Books & Media,2024-09-30
5093,Jasmit Mukherjee,26,Female,Chandigarh,Value Seeker,Books & Media,2025-04-19
5094,Keya Barman,46,Female,Bhubaneswar,Value Seeker,Sports & Outdoors,2025-08-31
5095,Upma Bera,47,Male,Chandigarh,Luxury Enthusiast,Sports & Outdoors,2024-03-11
5096,Sarthak Khosla,37,Male,Bengaluru,Mainstream Buyer,Grocery & Gourmet,2025-11-15
5097,Triveni Pant,37,Male,Hyderabad,Mainstream Buyer,Books & Media,2026-04-20
5098,Qasim Dass,37,Female,Chennai,Mainstream Buyer,Books & Media,2024-12-06
5099,Darsh Loyal,19,Male,Coimbatore,Premium Buyer,Automotive,2026-04-18
5100,Jason Ramanathan,41,Female,Chandigarh,Premium Buyer,Fashion,2024-08-11
5101,Jeet Wadhwa,24,Female,Kolkata,Mainstream Buyer,Health & Wellness,2024-05-29
5102,Advika Kuruvilla,46,Male,Coimbatore,Value Seeker,Grocery & Gourmet,2024-09-19
5103,Urvi Tara,41,Male,Bengaluru,Budget Shopper,Books & Media,2025-11-29
5104,Zaitra Hari,44,Male,Jaipur,Mainstream Buyer,Books & Media,2024-02-28
5105,Raghav Wadhwa,40,Male,Indore,Premium Buyer,Books & Media,2026-04-11
5106,Mugdha Loyal,22,Female,Pune,Value Seeker,Books & Media,2026-03-25
5107,Mohammed Bhatti,21,Female,Bengaluru,Budget Shopper,Beauty & Personal Care,2025-09-28
5108,Mugdha Merchant,49,Female,Pune,Value Seeker,Grocery & Gourmet,2025-02-26
5109,Damyanti Reddy,25,Other,Indore,Value Seeker,Home & Kitchen,2024-09-26
5110,Nathan Bail,21,Male,Bhubaneswar,Premium Buyer,Toys & Games,2025-10-10
5111,Oni De,36,Female,Kochi,Budget Shopper,Books & Media,2024-03-24
5112,Raagini Kala,50,Male,Coimbatore,Mainstream Buyer,Beauty & Personal Care,2024-06-21
5113,Dayita Krishnamurthy,51,Female,Pune,Mainstream Buyer,Automotive,2025-12-04
5114,Turvi Baria,56,Male,Bhubaneswar,Luxury Enthusiast,Beauty & Personal Care,2026-05-05
5115,Bishakha Ramakrishnan,37,Male,Chandigarh,Budget Shopper,Toys & Games,2024-10-03
5116,Isha Prakash,43,Female,Nagpur,Premium Buyer,Home & Kitchen,2026-01-22
5117,Brijesh Grover,18,Female,Chandigarh,Mainstream Buyer,Home & Kitchen,2025-10-18
5118,Veer Pillay,37,Male,Jaipur,Mainstream Buyer,Books & Media,2024-08-01
5119,Rachit Memon,32,Male,Nagpur,Budget Shopper,Health & Wellness,2026-01-10
5120,Arin Chad,30,Female,Kochi,Value Seeker,Home & Kitchen,2025-08-14
5121,Krishna Morar,35,Female,Kochi,Mainstream Buyer,Fashion,2024-03-13
5122,Ati Mannan,23,Female,Coimbatore,Value Seeker,Fashion,2024-10-21
5123,Upkaar Chopra,22,Male,Bengaluru,Value Seeker,Sports & Outdoors,2024-12-16
5124,Wyatt Tella,53,Male,Chandigarh,Mainstream Buyer,Grocery & Gourmet,2024-01-09
5125,Anya Narula,53,Female,Kolkata,Mainstream Buyer,Grocery & Gourmet,2024-08-02
5126,Udyati Bhatia,26,Female,Coimbatore,Budget Shopper,Home & Kitchen,2025-05-10
5127,Baljiwan Mann,34,Male,Chandigarh,Value Seeker,Automotive,2024-11-06
5128,Bishakha Khare,18,Male,Delhi,Budget Shopper,Fashion,2025-03-05
5129,Tarak Joshi,48,Male,Chennai,Premium Buyer,Books & Media,2025-08-06
5130,Rishi Vora,62,Female,Nagpur,Luxury Enthusiast,Automotive,2024-01-30
5131,Divya Das,18,Male,Kolkata,Value Seeker,Automotive,2025-01-10
5132,Tristan Dhaliwal,31,Female,Coimbatore,Budget Shopper,Grocery & Gourmet,2024-08-24
5133,Gautam Chandra,31,Female,Jaipur,Budget Shopper,Beauty & Personal Care,2025-06-24
5134,Unnati Dasgupta,36,Male,Chandigarh,Value Seeker,Grocery & Gourmet,2026-01-03
5135,Rushil Khosla,57,Male,Jaipur,Premium Buyer,Beauty & Personal Care,2026-03-12
5136,Rudra Tailor,50,Male,Pune,Value Seeker,Beauty & Personal Care,2024-07-03
5137,Krish Ravel,24,Male,Mumbai,Budget Shopper,Books & Media,2025-03-16
5138,Upkaar Baral,33,Female,Ahmedabad,Budget Shopper,Toys & Games,2025-03-21
5139,Bakhshi Bose,27,Other,Kochi,Budget Shopper,Home & Kitchen,2026-03-13
5140,Yashasvi Taneja,37,Male,Lucknow,Premium Buyer,Health & Wellness,2024-07-18
5141,Lopa Chandran,39,Female,Indore,Mainstream Buyer,Automotive,2025-11-04
5142,Xiti Ray,43,Male,Indore,Mainstream Buyer,Home & Kitchen,2025-01-05
5143,Advaith Goyal,33,Female,Ahmedabad,Value Seeker,Home & Kitchen,2025-08-17
5144,Avi Balan,35,Female,Delhi,Premium Buyer,Electronics,2025-12-07
5145,Gaurika Sachdeva,27,Male,Chennai,Value Seeker,Sports & Outdoors,2026-02-03
5146,Joshua Viswanathan,38,Female,Pune,Premium Buyer,Fashion,2024-06-23
5147,Yash Purohit,35,Female,Nagpur,Premium Buyer,Health & Wellness,2026-04-06
5148,Urmi Tank,34,Male,Indore,Value Seeker,Automotive,2026-06-29
5149,Bhanumati Dar,46,Other,Bhubaneswar,Premium Buyer,Automotive,2025-09-26
5150,Aarush Kala,40,Male,Nagpur,Value Seeker,Home & Kitchen,2024-04-18
5151,Jhalak Pal,29,Male,Bengaluru,Mainstream Buyer,Toys & Games,2024-10-03
5152,Dalbir Bose,21,Female,Mumbai,Budget Shopper,Sports & Outdoors,2024-06-20
5153,Ekavir Dasgupta,45,Male,Kochi,Value Seeker,Home & Kitchen,2025-12-27
5154,Ikbal Zacharia,25,Male,Chennai,Budget Shopper,Books & Media,2024-02-04
5155,Upkaar Kashyap,27,Male,Chandigarh,Budget Shopper,Fashion,2026-03-16
5156,Vansha Oza,25,Male,Ahmedabad,Budget Shopper,Health & Wellness,2026-05-29
5157,Liam Reddy,42,Male,Mumbai,Value Seeker,Fashion,2025-04-25
5158,Onkar Dugar,47,Male,Hyderabad,Mainstream Buyer,Beauty & Personal Care,2025-05-30
5159,Yashasvi Divan,42,Female,Kolkata,Value Seeker,Home & Kitchen,2025-10-10
5160,Wriddhish Seth,32,Male,Mumbai,Value Seeker,Books & Media,2026-01-28
5161,Gautami Nazareth,39,Female,Kolkata,Luxury Enthusiast,Toys & Games,2025-09-13
5162,Faraj Chanda,64,Female,Jaipur,Luxury Enthusiast,Health & Wellness,2025-07-27
5163,Balhaar Menon,34,Male,Bhubaneswar,Budget Shopper,Beauty & Personal Care,2025-01-02
5164,Zinal Wason,27,Female,Coimbatore,Value Seeker,Home & Kitchen,2025-08-09
5165,Brijesh Peri,49,Female,Delhi,Mainstream Buyer,Electronics,2025-11-21
5166,Geetika Khanna,32,Female,Pune,Mainstream Buyer,Books & Media,2025-01-06
5167,Megha Sangha,44,Female,Indore,Value Seeker,Health & Wellness,2025-01-19
5168,Chakradhar Venkataraman,50,Male,Kolkata,Mainstream Buyer,Electronics,2025-05-31
5169,Jackson Dave,18,Male,Kochi,Budget Shopper,Health & Wellness,2026-03-23
5170,Andrew Basak,37,Female,Nagpur,Value Seeker,Home & Kitchen,2024-02-08
5171,Christopher Venkatesh,44,Female,Bengaluru,Mainstream Buyer,Health & Wellness,2025-03-17
5172,Jalsa Ramakrishnan,60,Female,Ahmedabad,Mainstream Buyer,Electronics,2025-10-22
5173,Gaurang Bala,36,Female,Kochi,Premium Buyer,Automotive,2024-09-12
5174,Mitesh Shah,39,Male,Indore,Budget Shopper,Beauty & Personal Care,2025-06-17
5175,Ekani Kala,27,Male,Chandigarh,Budget Shopper,Home & Kitchen,2026-02-02
5176,Parth Kamdar,18,Female,Chennai,Budget Shopper,Home & Kitchen,2024-10-04
5177,Harini Parekh,25,Male,Ahmedabad,Budget Shopper,Fashion,2026-04-08
5178,Qushi Upadhyay,27,Female,Chandigarh,Budget Shopper,Grocery & Gourmet,2025-10-23
5179,Rajata Chopra,22,Other,Chandigarh,Value Seeker,Electronics,2024-11-08
5180,Vedhika Samra,34,Male,Chandigarh,Value Seeker,Sports & Outdoors,2024-09-13
5181,Shivansh Vohra,45,Male,Coimbatore,Mainstream Buyer,Health & Wellness,2024-01-15
5182,Bina Baria,34,Female,Chennai,Value Seeker,Sports & Outdoors,2024-09-27
5183,Wyatt Modi,22,Female,Kolkata,Budget Shopper,Automotive,2025-12-03
5184,Sara Hari,35,Female,Coimbatore,Mainstream Buyer,Toys & Games,2024-09-24
5185,Chanchal Khanna,26,Male,Chennai,Budget Shopper,Grocery & Gourmet,2024-08-19
5186,Laban Reddy,44,Male,Coimbatore,Premium Buyer,Health & Wellness,2024-10-28
5187,Simon Kaur,36,Male,Jaipur,Budget Shopper,Electronics,2024-08-24
5188,Jeet Bera,34,Male,Ahmedabad,Value Seeker,Beauty & Personal Care,2024-06-21
5189,Kamala Seth,30,Male,Kolkata,Premium Buyer,Beauty & Personal Care,2025-02-01
5190,Champak Tripathi,31,Female,Indore,Mainstream Buyer,Electronics,2024-01-12
5191,Dhruv Mann,38,Male,Ahmedabad,Mainstream Buyer,Fashion,2024-11-24
5192,Qabil Babu,47,Female,Chennai,Mainstream Buyer,Fashion,2026-05-11
5193,Aadhya Gandhi,38,Female,Pune,Budget Shopper,Health & Wellness,2026-01-25
5194,Osha Prashad,52,Female,Ahmedabad,Mainstream Buyer,Automotive,2025-04-07
5195,Tanmayi Chakraborty,44,Female,Kochi,Premium Buyer,Books & Media,2025-06-01
5196,Maanav Wason,53,Male,Nagpur,Luxury Enthusiast,Automotive,2024-06-25
5197,Leena Kothari,18,Female,Kolkata,Value Seeker,Beauty & Personal Care,2024-10-30
5198,Ganga Chauhan,35,Male,Bengaluru,Value Seeker,Sports & Outdoors,2026-06-30
5199,Ansh Tella,27,Male,Nagpur,Mainstream Buyer,Automotive,2025-05-14
5200,Robert Gill,36,Female,Bengaluru,Mainstream Buyer,Fashion,2025-02-22
5201,Hritik Goyal,54,Male,Bhubaneswar,Budget Shopper,Fashion,2024-01-25
5202,Chaitaly Dhaliwal,29,Male,Bengaluru,Budget Shopper,Books & Media,2024-11-10
5203,Netra Bhakta,19,Female,Kolkata,Budget Shopper,Home & Kitchen,2026-01-18
5204,Arin Solanki,35,Male,Nagpur,Value Seeker,Toys & Games,2026-01-08
5205,Mitali Dalal,22,Male,Bengaluru,Budget Shopper,Toys & Games,2025-09-18
5206,Omisha Balasubramanian,18,Male,Bengaluru,Budget Shopper,Beauty & Personal Care,2025-07-03
5207,Owen Kalita,45,Male,Kochi,Budget Shopper,Fashion,2026-03-24
5208,Vedant Venkatesh,52,Female,Hyderabad,Premium Buyer,Electronics,2024-07-16
5209,Eshana Pathak,30,Female,Mumbai,Budget Shopper,Sports & Outdoors,2026-04-30
5210,Zinal Devi,23,Male,Lucknow,Budget Shopper,Beauty & Personal Care,2026-05-01
5211,Bhavani Aggarwal,29,Female,Nagpur,Value Seeker,Electronics,2026-03-07
5212,Nikita Dalal,40,Other,Indore,Budget Shopper,Toys & Games,2026-02-28
5213,Radha Om,49,Female,Nagpur,Luxury Enthusiast,Health & Wellness,2025-02-05
5214,Manan Ravi,18,Female,Jaipur,Premium Buyer,Health & Wellness,2024-06-20
5215,Manan Saraf,53,Female,Kochi,Value Seeker,Fashion,2024-02-29
5216,Girik Raja,33,Female,Nagpur,Value Seeker,Fashion,2024-06-28
5217,Hemangini Ray,35,Female,Jaipur,Value Seeker,Sports & Outdoors,2024-10-18
5218,Tarak Aurora,36,Male,Mumbai,Budget Shopper,Health & Wellness,2025-01-12
5219,Pooja Chaudhari,36,Male,Hyderabad,Value Seeker,Books & Media,2025-09-23
5220,Ranveer Wadhwa,33,Male,Kochi,Budget Shopper,Sports & Outdoors,2025-06-19
5221,Gayathri Dara,23,Female,Chandigarh,Budget Shopper,Health & Wellness,2024-05-02
5222,Rehaan Loke,25,Male,Kochi,Mainstream Buyer,Toys & Games,2026-03-27
5223,Manthan Khosla,29,Female,Pune,Budget Shopper,Health & Wellness,2024-06-14
5224,Yashodhara Magar,39,Male,Kolkata,Budget Shopper,Automotive,2024-06-26
5225,Ayushman Gala,26,Female,Coimbatore,Value Seeker,Health & Wellness,2026-05-09
5226,Udarsh Agarwal,25,Male,Bhubaneswar,Value Seeker,Books & Media,2025-11-24
5227,Yoshita Saraf,37,Male,Chennai,Budget Shopper,Beauty & Personal Care,2025-09-23
5228,Lopa Bhatnagar,22,Male,Jaipur,Budget Shopper,Electronics,2024-03-26
5229,Jackson Ram,23,Female,Pune,Budget Shopper,Grocery & Gourmet,2025-05-29
5230,Falan Bumb,23,Female,Hyderabad,Budget Shopper,Home & Kitchen,2024-07-28
5231,Gaurika Bal,42,Male,Pune,Premium Buyer,Electronics,2025-01-03
5232,Dominic Prashad,28,Female,Delhi,Premium Buyer,Automotive,2026-04-18
5233,Arya Buch,27,Female,Jaipur,Value Seeker,Sports & Outdoors,2024-11-04
5234,Elijah Nagy,34,Female,Delhi,Value Seeker,Books & Media,2024-12-02
5235,Sudiksha Reddy,39,Female,Ahmedabad,Mainstream Buyer,Grocery & Gourmet,2024-05-03
5236,Rohan Savant,47,Female,Bhubaneswar,Mainstream Buyer,Beauty & Personal Care,2024-03-19
5237,Maanas Bedi,43,Female,Bengaluru,Budget Shopper,Automotive,2025-01-15
5238,Thomas Mammen,40,Female,Chennai,Budget Shopper,Books & Media,2024-04-26
5239,Anay Tandon,40,Female,Lucknow,Value Seeker,Books & Media,2026-02-24
5240,Saanvi Manda,35,Female,Bhubaneswar,Mainstream Buyer,Home & Kitchen,2024-12-22
5241,Nicholas Bhardwaj,21,Male,Nagpur,Budget Shopper,Grocery & Gourmet,2025-01-24
5242,Logan Rau,32,Male,Delhi,Value Seeker,Home & Kitchen,2026-01-26
5243,Kalpit Devan,37,Female,Hyderabad,Value Seeker,Toys & Games,2025-02-28
5244,Anirudh Chanda,39,Female,Nagpur,Value Seeker,Automotive,2024-10-23
5245,Urvi Rajagopalan,37,Female,Jaipur,Value Seeker,Fashion,2025-06-20
5246,Naveen Bhavsar,35,Other,Chandigarh,Mainstream Buyer,Sports & Outdoors,2024-11-05
5247,Arin Ranganathan,39,Female,Mumbai,Value Seeker,Toys & Games,2024-08-25
5248,Ekalinga Hayer,38,Male,Delhi,Budget Shopper,Home & Kitchen,2025-01-14
5249,Samaksh Setty,34,Female,Hyderabad,Budget Shopper,Electronics,2025-07-05
5250,Gaurav Deo,42,Male,Delhi,Premium Buyer,Sports & Outdoors,2025-11-02
5251,Ishita Garg,24,Female,Bhubaneswar,Value Seeker,Sports & Outdoors,2024-11-09
5252,Hemani Rattan,19,Female,Indore,Budget Shopper,Health & Wellness,2024-04-07
5253,Unni Buch,20,Male,Pune,Budget Shopper,Automotive,2025-05-09
5254,Advaith Jayaraman,45,Female,Delhi,Premium Buyer,Fashion,2025-04-02
5255,Harsh Brar,41,Female,Delhi,Mainstream Buyer,Home & Kitchen,2024-03-27
5256,Aadi Raghavan,30,Male,Chennai,Premium Buyer,Fashion,2025-10-05
5257,Theodore Sami,32,Female,Lucknow,Mainstream Buyer,Health & Wellness,2024-06-30
5258,Yochana Nadkarni,34,Female,Indore,Value Seeker,Beauty & Personal Care,2025-11-12
5259,Unni Tandon,23,Female,Jaipur,Value Seeker,Automotive,2025-11-09
5260,Krisha Dara,30,Male,Bhubaneswar,Budget Shopper,Electronics,2025-10-19
5261,Tejas Sem,34,Male,Bhubaneswar,Mainstream Buyer,Books & Media,2026-05-14
5262,Chaman Mohanty,30,Female,Indore,Mainstream Buyer,Electronics,2025-05-09
5263,Chandran Ganguly,27,Male,Delhi,Budget Shopper,Books & Media,2025-08-14
5264,Champak Dhaliwal,46,Male,Bhubaneswar,Premium Buyer,Electronics,2025-12-04
5265,Chaitaly Uppal,24,Female,Bhubaneswar,Value Seeker,Fashion,2024-08-15
5266,Girindra Sankar,24,Female,Jaipur,Budget Shopper,Fashion,2025-03-19
5267,Bhavani Bera,36,Female,Kochi,Value Seeker,Grocery & Gourmet,2026-01-04
5268,Siya Jayaraman,36,Female,Indore,Premium Buyer,Toys & Games,2026-01-08
5269,Harsh Rao,28,Male,Kochi,Premium Buyer,Books & Media,2024-06-28
5270,Hritik Dhar,18,Male,Kolkata,Value Seeker,Fashion,2025-10-28
5271,Xalak Varghese,43,Female,Lucknow,Luxury Enthusiast,Home & Kitchen,2025-07-08
5272,Rachit Borde,31,Male,Indore,Premium Buyer,Beauty & Personal Care,2026-03-14
5273,Neel Chanda,39,Male,Bengaluru,Premium Buyer,Health & Wellness,2024-07-03
5274,Qabil Chaudry,57,Female,Coimbatore,Premium Buyer,Grocery & Gourmet,2025-08-11
5275,Advika Venkataraman,19,Male,Bengaluru,Value Seeker,Electronics,2024-10-01
5276,Onveer Oak,34,Female,Kochi,Mainstream Buyer,Electronics,2025-06-28
5277,Raksha Kaur,56,Female,Delhi,Mainstream Buyer,Beauty & Personal Care,2024-07-05
5278,Vincent Zacharia,40,Female,Nagpur,Mainstream Buyer,Home & Kitchen,2025-06-30
5279,Ishwar Varma,23,Male,Coimbatore,Budget Shopper,Sports & Outdoors,2024-04-11
5280,Eiravati Rege,35,Male,Ahmedabad,Mainstream Buyer,Health & Wellness,2024-09-12
5281,Hamsini Karnik,50,Female,Jaipur,Luxury Enthusiast,Fashion,2025-04-21
5282,Arin Tailor,47,Female,Kochi,Value Seeker,Books & Media,2025-04-19
5283,Neha Dani,42,Female,Delhi,Luxury Enthusiast,Sports & Outdoors,2024-12-16
5284,Vanya Bhat,25,Male,Jaipur,Value Seeker,Toys & Games,2024-10-11
5285,Watika Keer,18,Female,Lucknow,Budget Shopper,Books & Media,2024-09-29
5286,Zarna Din,27,Male,Chennai,Budget Shopper,Books & Media,2026-06-01
5287,Janya Agate,30,Male,Ahmedabad,Premium Buyer,Home & Kitchen,2025-11-03
5288,Maanas Chad,32,Male,Kolkata,Mainstream Buyer,Health & Wellness,2025-05-31
5289,Pranit Kapur,23,Male,Bengaluru,Value Seeker,Home & Kitchen,2025-03-02
5290,Falak Dutta,46,Male,Nagpur,Mainstream Buyer,Fashion,2026-04-10
5291,Maya Pau,27,Male,Kochi,Value Seeker,Electronics,2026-01-01
5292,Gautami Zacharia,35,Female,Pune,Value Seeker,Electronics,2025-05-08
5293,Henry Lanka,28,Female,Kolkata,Premium Buyer,Beauty & Personal Care,2025-05-22
5294,Mason Bora,38,Male,Coimbatore,Mainstream Buyer,Automotive,2024-12-21
5295,Elijah Dewan,26,Male,Delhi,Mainstream Buyer,Fashion,2026-04-28
5296,Mitali Shan,33,Female,Kochi,Mainstream Buyer,Electronics,2024-07-09
5297,Amrita Keer,66,Male,Hyderabad,Luxury Enthusiast,Books & Media,2025-10-01
5298,Bhavya Babu,35,Male,Bhubaneswar,Budget Shopper,Books & Media,2025-02-18
5299,Jonathan Barad,30,Female,Indore,Value Seeker,Books & Media,2024-02-24
5300,Bahadurjit Karpe,55,Female,Indore,Budget Shopper,Electronics,2025-07-22
5301,Zashil Tripathi,28,Female,Bengaluru,Mainstream Buyer,Home & Kitchen,2025-09-20
5302,Kalpit Misra,47,Male,Delhi,Mainstream Buyer,Beauty & Personal Care,2025-11-03
5303,Yauvani Bhatti,23,Male,Ahmedabad,Mainstream Buyer,Grocery & Gourmet,2024-11-17
5304,Bhanumati Palan,29,Male,Kolkata,Value Seeker,Toys & Games,2024-02-15
5305,Yashica Shankar,18,Female,Lucknow,Budget Shopper,Automotive,2025-02-09
5306,Ridhi Chand,39,Male,Lucknow,Mainstream Buyer,Books & Media,2026-01-02
5307,Praneel Keer,47,Male,Pune,Luxury Enthusiast,Sports & Outdoors,2024-02-25
5308,Sara Ramakrishnan,29,Male,Bengaluru,Value Seeker,Books & Media,2026-05-23
5309,Rohan Zacharia,36,Female,Kolkata,Budget Shopper,Beauty & Personal Care,2025-06-24
5310,Atharv Seth,26,Male,Jaipur,Value Seeker,Fashion,2026-03-09
5311,Lajita Brahmbhatt,34,Male,Chennai,Value Seeker,Books & Media,2026-05-31
5312,Triya Talwar,34,Female,Kolkata,Budget Shopper,Home & Kitchen,2024-01-10
5313,Leena Doctor,18,Female,Hyderabad,Value Seeker,Home & Kitchen,2026-04-15
5314,Yashasvi Tank,30,Female,Delhi,Mainstream Buyer,Grocery & Gourmet,2024-04-01
5315,Kai Nagarajan,32,Female,Kochi,Value Seeker,Electronics,2025-02-22
5316,Wakeeta Barad,37,Male,Nagpur,Value Seeker,Electronics,2025-09-14
5317,Aadi Rastogi,39,Female,Nagpur,Budget Shopper,Beauty & Personal Care,2024-05-11
5318,Wazir Pillay,41,Male,Bhubaneswar,Premium Buyer,Books & Media,2026-06-27
5319,Amruta Balan,29,Female,Coimbatore,Value Seeker,Automotive,2024-10-14
5320,Madhavi Raj,24,Male,Lucknow,Value Seeker,Books & Media,2024-08-05
5321,Tanmayi Barad,29,Female,Delhi,Budget Shopper,Home & Kitchen,2025-08-05
5322,Jeet Ganesh,34,Female,Hyderabad,Mainstream Buyer,Beauty & Personal Care,2025-10-02
5323,Patrick Oommen,40,Male,Lucknow,Premium Buyer,Beauty & Personal Care,2026-06-22
5324,Amrita Krishnamurthy,26,Male,Nagpur,Budget Shopper,Beauty & Personal Care,2026-06-10
5325,Maya Sharma,31,Female,Bhubaneswar,Budget Shopper,Toys & Games,2026-05-22
5326,Rohan Dey,21,Male,Coimbatore,Budget Shopper,Grocery & Gourmet,2025-05-13
5327,Chaitaly Grewal,30,Female,Delhi,Mainstream Buyer,Grocery & Gourmet,2025-03-07
5328,Kiaan Walia,46,Male,Nagpur,Premium Buyer,Beauty & Personal Care,2025-06-12
5329,Mahika Kapadia,18,Female,Kolkata,Value Seeker,Home & Kitchen,2024-10-03
5330,Harshil Oak,26,Female,Mumbai,Value Seeker,Electronics,2025-08-07
5331,Nitesh Lad,26,Male,Indore,Mainstream Buyer,Grocery & Gourmet,2024-07-15
5332,Falak Grover,47,Female,Bengaluru,Mainstream Buyer,Health & Wellness,2024-11-16
5333,Vasudha Gokhale,23,Female,Chennai,Budget Shopper,Electronics,2024-03-05
5334,Lopa Ganesh,21,Female,Coimbatore,Budget Shopper,Fashion,2024-09-11
5335,Netra Kant,31,Female,Nagpur,Value Seeker,Home & Kitchen,2026-03-07
5336,Hemal Wagle,31,Female,Bhubaneswar,Mainstream Buyer,Grocery & Gourmet,2025-02-09
5337,Harsh Kapoor,33,Male,Bengaluru,Mainstream Buyer,Home & Kitchen,2024-11-13
5338,Mahika Pingle,37,Male,Bengaluru,Mainstream Buyer,Electronics,2026-06-18
5339,Atharv Suri,39,Male,Indore,Premium Buyer,Beauty & Personal Care,2026-05-22
5340,Libni Nair,28,Female,Kolkata,Value Seeker,Beauty & Personal Care,2026-06-10
5341,Ekani Sura,22,Female,Delhi,Value Seeker,Beauty & Personal Care,2026-01-26
5342,Advika Kapur,18,Male,Kochi,Budget Shopper,Books & Media,2024-04-24
5343,Rishi Mohan,43,Female,Coimbatore,Premium Buyer,Home & Kitchen,2025-11-25
5344,Yauvani Borde,39,Male,Nagpur,Mainstream Buyer,Electronics,2026-01-13
5345,Vasana Sule,19,Female,Ahmedabad,Value Seeker,Fashion,2025-05-23
5346,Champak Issac,33,Female,Indore,Budget Shopper,Grocery & Gourmet,2025-07-05
5347,Warinder Luthra,43,Female,Jaipur,Mainstream Buyer,Toys & Games,2024-01-14
5348,Gabriel Patla,45,Female,Bhubaneswar,Mainstream Buyer,Home & Kitchen,2026-03-29
5349,Meera Mohanty,39,Female,Ahmedabad,Mainstream Buyer,Health & Wellness,2024-05-31
5350,Eshana Memon,32,Male,Coimbatore,Budget Shopper,Books & Media,2025-12-05
5351,Hritik Narain,62,Female,Nagpur,Premium Buyer,Grocery & Gourmet,2025-09-23
5352,Samaksh Chhabra,34,Male,Bhubaneswar,Mainstream Buyer,Grocery & Gourmet,2025-04-17
5353,Oscar Pau,27,Female,Pune,Mainstream Buyer,Beauty & Personal Care,2024-01-30
5354,Oni Soni,23,Female,Jaipur,Mainstream Buyer,Books & Media,2025-11-29
5355,Wazir Sandhu,58,Male,Kochi,Premium Buyer,Books & Media,2025-08-23
5356,Edhitha Bath,58,Male,Delhi,Premium Buyer,Sports & Outdoors,2024-11-11
5357,Amaira Doctor,28,Male,Hyderabad,Mainstream Buyer,Toys & Games,2024-11-01
5358,Bhanumati Chahal,25,Female,Lucknow,Value Seeker,Beauty & Personal Care,2025-08-02
5359,Irya Goel,29,Male,Delhi,Value Seeker,Electronics,2026-03-04
5360,Leela Wadhwa,54,Female,Kochi,Premium Buyer,Electronics,2024-07-17
5361,Urvashi Bhasin,25,Male,Ahmedabad,Mainstream Buyer,Sports & Outdoors,2024-04-07
5362,Vanya Ahuja,18,Female,Ahmedabad,Budget Shopper,Health & Wellness,2025-01-02
5363,Jalsa Dayal,46,Female,Chandigarh,Budget Shopper,Home & Kitchen,2024-05-02
5364,Yoshita Vyas,45,Male,Chennai,Premium Buyer,Books & Media,2025-11-13
5365,Neelima Gaba,47,Female,Indore,Premium Buyer,Fashion,2024-05-10
5366,Ganga Sangha,45,Male,Indore,Luxury Enthusiast,Toys & Games,2024-06-29
5367,Dalbir Nair,36,Female,Nagpur,Value Seeker,Fashion,2024-04-05
5368,Shivani Yohannan,29,Male,Chandigarh,Premium Buyer,Sports & Outdoors,2024-03-09
5369,Ati Misra,35,Female,Jaipur,Premium Buyer,Automotive,2025-08-22
5370,Lakshit Tailor,32,Male,Kolkata,Value Seeker,Beauty & Personal Care,2026-03-14
5371,Yashvi Nazareth,18,Female,Indore,Budget Shopper,Health & Wellness,2024-08-22
5372,Harinakshi Sami,44,Male,Bhubaneswar,Luxury Enthusiast,Electronics,2024-11-01
5373,Edhitha Mani,23,Female,Chennai,Budget Shopper,Electronics,2024-11-21
5374,Yadavi Dave,34,Male,Kolkata,Mainstream Buyer,Fashion,2024-12-07
5375,Jagat Butala,32,Male,Ahmedabad,Mainstream Buyer,Home & Kitchen,2026-05-25
5376,Gaurangi Bal,28,Female,Delhi,Mainstream Buyer,Sports & Outdoors,2024-11-01
5377,Abeer Baral,18,Male,Kolkata,Budget Shopper,Health & Wellness,2025-04-18
5378,Nachiket Mohanty,38,Female,Bengaluru,Mainstream Buyer,Home & Kitchen,2026-06-02
5379,Victor Kata,24,Female,Indore,Budget Shopper,Beauty & Personal Care,2024-05-17
5380,Warjas Deep,30,Male,Ahmedabad,Premium Buyer,Electronics,2026-06-05
5381,Eshana Nadig,27,Female,Kochi,Budget Shopper,Grocery & Gourmet,2025-12-01
5382,Sathvik Ahluwalia,34,Male,Delhi,Mainstream Buyer,Books & Media,2025-10-07
5383,Harini Srivastava,38,Female,Kochi,Premium Buyer,Electronics,2024-07-22
5384,Samar Sandal,18,Female,Lucknow,Budget Shopper,Sports & Outdoors,2026-04-19
5385,Harish Mander,33,Male,Lucknow,Budget Shopper,Home & Kitchen,2025-07-18
5386,Bhavani Venkatesh,25,Male,Indore,Mainstream Buyer,Sports & Outdoors,2025-08-03
5387,Libni Swaminathan,27,Female,Delhi,Budget Shopper,Home & Kitchen,2025-06-20
5388,Xalak Kapadia,19,Female,Jaipur,Budget Shopper,Grocery & Gourmet,2024-05-02
5389,Saumya Sastry,28,Male,Ahmedabad,Value Seeker,Electronics,2025-09-09
5390,Odika Doctor,57,Male,Bhubaneswar,Luxury Enthusiast,Books & Media,2025-08-14
5391,Kai Peri,41,Male,Lucknow,Mainstream Buyer,Grocery & Gourmet,2025-06-25
5392,Jyoti Mani,42,Female,Nagpur,Value Seeker,Electronics,2025-07-10
5393,Ekaraj Vora,49,Female,Mumbai,Luxury Enthusiast,Health & Wellness,2024-02-18
5394,Oscar Cherian,35,Male,Ahmedabad,Value Seeker,Grocery & Gourmet,2025-10-31
5395,Ranveer Bhatnagar,18,Female,Lucknow,Value Seeker,Home & Kitchen,2026-03-20
5396,Ryan Dhar,29,Female,Delhi,Value Seeker,Sports & Outdoors,2025-06-14
5397,Dalaja Chanda,29,Female,Coimbatore,Value Seeker,Toys & Games,2026-04-16
5398,Krishna Anand,43,Male,Hyderabad,Value Seeker,Books & Media,2024-07-09
5399,Zinal Konda,32,Male,Delhi,Mainstream Buyer,Grocery & Gourmet,2024-04-14
5400,Adweta Suri,29,Male,Coimbatore,Budget Shopper,Automotive,2024-06-09
5401,Samar Sheth,39,Female,Pune,Mainstream Buyer,Beauty & Personal Care,2024-07-02
5402,Arjun Walia,37,Male,Pune,Budget Shopper,Fashion,2025-06-14
5403,Urishilla Raval,30,Male,Kolkata,Value Seeker,Sports & Outdoors,2024-10-06
5404,Tamanna Goel,34,Female,Coimbatore,Budget Shopper,Books & Media,2025-07-06
5405,Inaya Srinivasan,21,Female,Kochi,Mainstream Buyer,Grocery & Gourmet,2024-05-18
5406,Ekani Lad,22,Male,Coimbatore,Mainstream Buyer,Home & Kitchen,2026-01-05
5407,Amaira Sule,18,Male,Indore,Value Seeker,Health & Wellness,2026-02-23
5408,Ladli Dubey,34,Male,Kochi,Budget Shopper,Electronics,2024-01-30
5409,Eshana Dhar,33,Male,Delhi,Budget Shopper,Books & Media,2025-08-08
5410,Yasti Setty,51,Male,Bengaluru,Premium Buyer,Sports & Outdoors,2025-09-22
5411,Wridesh Chaudry,25,Male,Nagpur,Value Seeker,Toys & Games,2024-11-03
5412,Chatresh Gopal,31,Male,Chennai,Mainstream Buyer,Home & Kitchen,2025-08-24
5413,Jai Singh,30,Female,Pune,Value Seeker,Health & Wellness,2024-08-23
5414,Dev Shankar,39,Female,Pune,Budget Shopper,Electronics,2025-06-06
5415,Rushil Savant,52,Male,Nagpur,Mainstream Buyer,Automotive,2024-07-21
5416,Quincy Balakrishnan,39,Female,Chandigarh,Value Seeker,Sports & Outdoors,2026-04-19
5417,Qabil Gera,29,Male,Ahmedabad,Budget Shopper,Books & Media,2024-09-10
5418,Tanish Sabharwal,59,Female,Coimbatore,Luxury Enthusiast,Beauty & Personal Care,2025-09-06
5419,Harrison Sane,24,Female,Jaipur,Budget Shopper,Beauty & Personal Care,2025-06-13
5420,Faqid Mitter,28,Female,Coimbatore,Value Seeker,Sports & Outdoors,2024-03-10
5421,Maanas Khalsa,30,Female,Nagpur,Value Seeker,Beauty & Personal Care,2025-04-20
5422,Ekta Patla,23,Male,Coimbatore,Value Seeker,Electronics,2026-04-24
5423,Samar Nagarajan,41,Male,Delhi,Premium Buyer,Sports & Outdoors,2025-05-12
5424,Amara Sahni,18,Female,Jaipur,Budget Shopper,Sports & Outdoors,2025-11-25
5425,Vrinda Sheth,56,Male,Chandigarh,Luxury Enthusiast,Grocery & Gourmet,2025-04-27
5426,Theodore Edwin,41,Female,Mumbai,Mainstream Buyer,Sports & Outdoors,2025-12-15
5427,Bimala Kota,59,Male,Kolkata,Luxury Enthusiast,Books & Media,2024-11-26
5428,Gaurangi Lal,28,Male,Hyderabad,Premium Buyer,Sports & Outdoors,2025-11-30
5429,Wishi Dada,60,Female,Lucknow,Premium Buyer,Sports & Outdoors,2025-05-05
5430,Sanya Sarna,22,Female,Bengaluru,Mainstream Buyer,Grocery & Gourmet,2024-02-18
5431,Rachit Ghosh,21,Female,Kochi,Value Seeker,Toys & Games,2024-11-30
5432,Ekaraj Edwin,26,Female,Delhi,Value Seeker,Health & Wellness,2024-09-27
5433,Garima Koshy,48,Female,Bhubaneswar,Mainstream Buyer,Sports & Outdoors,2024-08-01
5434,Widisha Chowdhury,34,Male,Kolkata,Value Seeker,Electronics,2024-03-20
5435,Vritti Narain,34,Female,Pune,Mainstream Buyer,Books & Media,2024-04-20
5436,Zilmil Kibe,19,Male,Indore,Budget Shopper,Beauty & Personal Care,2024-05-15
5437,Manthan Bala,30,Male,Pune,Premium Buyer,Electronics,2025-08-26
5438,Krish Patla,37,Other,Delhi,Budget Shopper,Automotive,2024-12-12
5439,Chatura Guha,54,Male,Bhubaneswar,Luxury Enthusiast,Toys & Games,2024-06-20
5440,Baljiwan Basu,39,Male,Delhi,Budget Shopper,Toys & Games,2025-02-09
5441,Vrinda Shroff,30,Male,Ahmedabad,Budget Shopper,Toys & Games,2026-03-07
5442,Ikshita Kade,19,Other,Delhi,Premium Buyer,Health & Wellness,2025-03-27
5443,Yoshita Parikh,31,Female,Lucknow,Premium Buyer,Toys & Games,2025-12-17
5444,Warjas Warrior,41,Male,Chennai,Mainstream Buyer,Grocery & Gourmet,2024-10-14
5445,Darsh Baria,43,Female,Bhubaneswar,Luxury Enthusiast,Grocery & Gourmet,2024-05-14
5446,Anay Mall,26,Male,Hyderabad,Value Seeker,Grocery & Gourmet,2024-10-03
5447,Warinder Rama,33,Female,Coimbatore,Premium Buyer,Grocery & Gourmet,2025-02-17
5448,Ekani Choudhary,40,Female,Mumbai,Value Seeker,Electronics,2025-01-04
5449,Ekalinga Palan,36,Male,Delhi,Value Seeker,Sports & Outdoors,2025-02-28
5450,Shivansh Chander,36,Female,Chennai,Value Seeker,Home & Kitchen,2025-05-20
5451,Manthan Ganesh,21,Female,Bhubaneswar,Budget Shopper,Automotive,2025-12-07
5452,Arjun Chanda,38,Male,Nagpur,Mainstream Buyer,Books & Media,2024-10-27
5453,Rushil Sridhar,24,Male,Kochi,Mainstream Buyer,Books & Media,2025-08-18
5454,Yasti Hans,25,Female,Kolkata,Budget Shopper,Books & Media,2026-02-09
5455,Ronith Ahluwalia,24,Male,Chennai,Luxury Enthusiast,Toys & Games,2024-07-06
5456,Upma Butala,18,Male,Hyderabad,Value Seeker,Grocery & Gourmet,2025-02-16
5457,Xalak Chander,24,Female,Kolkata,Budget Shopper,Home & Kitchen,2025-03-17
5458,Maanav Rao,58,Male,Ahmedabad,Mainstream Buyer,Health & Wellness,2025-03-18
5459,Matthew Doshi,18,Male,Coimbatore,Budget Shopper,Grocery & Gourmet,2026-04-21
5460,Sarthak Dugar,18,Male,Hyderabad,Budget Shopper,Home & Kitchen,2025-03-04
5461,Triveni Rout,38,Male,Mumbai,Mainstream Buyer,Toys & Games,2025-02-24
5462,Liam Bera,42,Female,Jaipur,Budget Shopper,Sports & Outdoors,2025-03-25
5463,Gaurav D’Alia,28,Female,Hyderabad,Budget Shopper,Beauty & Personal Care,2026-06-24
5464,Lavanya Rau,43,Male,Pune,Mainstream Buyer,Automotive,2024-08-21
5465,Kai Golla,23,Female,Lucknow,Budget Shopper,Home & Kitchen,2024-12-22
5466,Jai Balay,38,Male,Bhubaneswar,Premium Buyer,Automotive,2024-08-14
5467,Laban Oza,43,Male,Jaipur,Premium Buyer,Toys & Games,2025-04-01
5468,Yuvraj Hora,21,Female,Bhubaneswar,Budget Shopper,Automotive,2025-09-05
5469,Balhaar Memon,38,Male,Chennai,Value Seeker,Grocery & Gourmet,2024-06-06
5470,Raagini Rai,18,Female,Lucknow,Budget Shopper,Toys & Games,2025-08-17
5471,Sathvik Yadav,45,Male,Nagpur,Mainstream Buyer,Fashion,2025-05-16
5472,Praneel Shah,27,Female,Hyderabad,Budget Shopper,Health & Wellness,2026-06-16
5473,Hemang Doctor,45,Female,Lucknow,Luxury Enthusiast,Toys & Games,2026-02-03
5474,Patrick Chaudhry,18,Male,Ahmedabad,Budget Shopper,Beauty & Personal Care,2026-03-20
5475,Bhavani Bajaj,28,Female,Bhubaneswar,Mainstream Buyer,Home & Kitchen,2025-06-12
5476,Logan Nazareth,37,Male,Chennai,Budget Shopper,Fashion,2025-11-05
5477,Eta Desai,25,Male,Nagpur,Budget Shopper,Beauty & Personal Care,2025-09-03
5478,Bhavini Prashad,34,Male,Indore,Value Seeker,Fashion,2024-08-07
5479,Anay Hari,29,Female,Lucknow,Mainstream Buyer,Automotive,2024-10-20
5480,Inaya Rai,46,Female,Mumbai,Luxury Enthusiast,Sports & Outdoors,2024-07-08
5481,Aarav Kala,18,Other,Delhi,Budget Shopper,Toys & Games,2024-06-22
5482,Kabir Taneja,27,Female,Coimbatore,Budget Shopper,Automotive,2025-11-18
5483,Gunbir Karnik,35,Male,Ahmedabad,Value Seeker,Health & Wellness,2024-12-20
5484,Jagat Dhar,34,Female,Kolkata,Value Seeker,Sports & Outdoors,2024-05-04
5485,Rayaan Samra,34,Female,Chandigarh,Premium Buyer,Electronics,2025-09-28
5486,Eta Zacharia,39,Female,Ahmedabad,Premium Buyer,Toys & Games,2025-07-25
5487,Lila Mohanty,47,Female,Ahmedabad,Premium Buyer,Health & Wellness,2025-03-07
5488,Simon Bala,25,Female,Kolkata,Budget Shopper,Beauty & Personal Care,2024-07-08
5489,Falan Dugal,29,Male,Nagpur,Value Seeker,Fashion,2026-02-17
5490,Lohit Subramaniam,54,Female,Kolkata,Mainstream Buyer,Grocery & Gourmet,2025-05-04
5491,Pahal Dasgupta,23,Other,Chennai,Value Seeker,Toys & Games,2025-11-23
5492,Neel Srinivas,46,Female,Coimbatore,Mainstream Buyer,Fashion,2024-09-24
5493,Warda Mall,18,Male,Mumbai,Budget Shopper,Electronics,2025-11-24
5494,Ojas Bhat,37,Male,Kochi,Value Seeker,Books & Media,2025-08-12
5495,Frederick Sankar,49,Female,Kochi,Premium Buyer,Fashion,2025-08-21
5496,Anthony Sachar,22,Female,Hyderabad,Budget Shopper,Fashion,2026-04-28
5497,Kalpit Date,36,Female,Indore,Luxury Enthusiast,Beauty & Personal Care,2024-11-03
5498,Hredhaan Oommen,18,Female,Mumbai,Value Seeker,Sports & Outdoors,2025-11-13
5499,Advika Dutt,21,Female,Nagpur,Budget Shopper,Automotive,2025-04-12
5500,Tristan Mangal,31,Female,Chandigarh,Budget Shopper,Sports & Outdoors,2024-10-08
5501,Zaid Bhargava,18,Male,Bengaluru,Budget Shopper,Automotive,2024-07-18
5502,Anay Patil,32,Male,Ahmedabad,Value Seeker,Toys & Games,2024-03-22
5503,Watika Seth,18,Female,Hyderabad,Budget Shopper,Beauty & Personal Care,2026-03-08
5504,Pallavi Morar,34,Male,Kochi,Mainstream Buyer,Books & Media,2024-12-09
5505,Kamala Savant,32,Male,Kolkata,Premium Buyer,Fashion,2025-09-06
5506,Kamya Mane,31,Female,Ahmedabad,Value Seeker,Health & Wellness,2024-08-04
5507,Orinder Koshy,22,Male,Nagpur,Budget Shopper,Beauty & Personal Care,2025-07-14
5508,Varsha Cherian,21,Female,Kochi,Value Seeker,Health & Wellness,2026-06-18
5509,Zayan Shenoy,37,Male,Chandigarh,Premium Buyer,Toys & Games,2024-05-17
5510,Aarnav Choudhry,28,Female,Coimbatore,Mainstream Buyer,Home & Kitchen,2024-08-12
5511,Daniel Dani,18,Male,Ahmedabad,Budget Shopper,Sports & Outdoors,2025-09-04
5512,Balvan Johal,41,Female,Mumbai,Value Seeker,Fashion,2024-06-04
5513,Nitara Karpe,28,Female,Delhi,Value Seeker,Toys & Games,2025-06-24
5514,Shivani Rastogi,18,Male,Jaipur,Value Seeker,Electronics,2025-06-22
5515,Gautam Suresh,21,Male,Jaipur,Budget Shopper,Toys & Games,2025-10-02
5516,Pallavi Varty,55,Male,Jaipur,Luxury Enthusiast,Fashion,2025-04-10
5517,Agastya Varughese,20,Male,Chandigarh,Budget Shopper,Fashion,2024-01-12
5518,Jeevika Sem,40,Male,Delhi,Budget Shopper,Home & Kitchen,2026-05-14
5519,Manbir Balasubramanian,19,Male,Coimbatore,Budget Shopper,Electronics,2025-01-10
5520,Hema Bhat,41,Female,Lucknow,Mainstream Buyer,Automotive,2026-01-23
5521,Frado Hayre,41,Male,Coimbatore,Value Seeker,Health & Wellness,2026-03-10
5522,Nilima Sethi,31,Male,Hyderabad,Budget Shopper,Health & Wellness,2026-05-10
5523,Yatin Bhagat,19,Male,Pune,Value Seeker,Grocery & Gourmet,2025-10-26
5524,Veer Natarajan,28,Male,Mumbai,Mainstream Buyer,Home & Kitchen,2024-09-07
5525,Champak Mani,42,Female,Bengaluru,Value Seeker,Grocery & Gourmet,2024-09-02
5526,Anya Swamy,35,Female,Indore,Premium Buyer,Grocery & Gourmet,2024-07-07
5527,Ryan Rattan,40,Female,Kochi,Value Seeker,Home & Kitchen,2026-02-19
5528,Ishaan Hegde,23,Female,Chandigarh,Budget Shopper,Automotive,2026-03-24
5529,Anay Saran,48,Male,Lucknow,Luxury Enthusiast,Health & Wellness,2024-01-24
5530,Ikshita Wali,30,Male,Hyderabad,Premium Buyer,Beauty & Personal Care,2024-03-18
5531,Sanya Sandhu,26,Female,Chandigarh,Value Seeker,Books & Media,2024-10-05
5532,Zehaan Taneja,35,Male,Lucknow,Premium Buyer,Automotive,2024-06-01
5533,Samarth Dara,34,Female,Hyderabad,Value Seeker,Home & Kitchen,2024-07-03
5534,Gauri Issac,32,Female,Mumbai,Value Seeker,Health & Wellness,2025-01-25
5535,Neha Dugar,47,Female,Indore,Premium Buyer,Beauty & Personal Care,2025-04-26
5536,Aachal Sarkar,32,Female,Lucknow,Mainstream Buyer,Health & Wellness,2024-01-27
5537,Rajeshri Dixit,23,Female,Delhi,Value Seeker,Home & Kitchen,2024-10-26
5538,Ira Bhatt,38,Male,Ahmedabad,Mainstream Buyer,Grocery & Gourmet,2024-04-23
5539,Lakshit Soman,22,Male,Bhubaneswar,Value Seeker,Books & Media,2025-12-25
5540,Azad Bhandari,36,Female,Indore,Budget Shopper,Beauty & Personal Care,2025-12-11
5541,Neha Sachdeva,45,Female,Chandigarh,Luxury Enthusiast,Sports & Outdoors,2024-12-08
5542,Harish Mukhopadhyay,34,Male,Pune,Mainstream Buyer,Home & Kitchen,2024-02-18
5543,Aryan Bir,41,Male,Delhi,Mainstream Buyer,Toys & Games,2024-12-16
5544,Chandresh Sekhon,36,Male,Kolkata,Mainstream Buyer,Health & Wellness,2025-05-26
5545,Unni Dash,22,Female,Coimbatore,Mainstream Buyer,Books & Media,2026-06-08
5546,Baljiwan Bahri,22,Male,Chandigarh,Value Seeker,Home & Kitchen,2026-02-10
5547,Warinder Bir,56,Male,Coimbatore,Luxury Enthusiast,Toys & Games,2025-12-04
5548,Aarush Murty,37,Male,Mumbai,Mainstream Buyer,Sports & Outdoors,2025-12-31
5549,Dominic Nadig,21,Other,Kochi,Mainstream Buyer,Health & Wellness,2024-10-03
5550,Brijesh Kumer,35,Female,Bengaluru,Value Seeker,Home & Kitchen,2024-10-19
5551,Chameli Taneja,26,Female,Kochi,Value Seeker,Books & Media,2025-07-22
5552,Waida Kapur,19,Female,Pune,Budget Shopper,Sports & Outdoors,2024-01-19
5553,Rushil Sheth,21,Male,Jaipur,Value Seeker,Automotive,2025-07-09
5554,Jai Sachdeva,35,Female,Kochi,Budget Shopper,Fashion,2025-05-24
5555,Brinda Chaudry,19,Female,Coimbatore,Mainstream Buyer,Toys & Games,2025-03-11
5556,Lavanya Chaudhary,35,Male,Mumbai,Premium Buyer,Automotive,2025-01-28
5557,Tarak Sundaram,33,Female,Nagpur,Value Seeker,Beauty & Personal Care,2026-01-09
5558,Chandran Sundaram,46,Female,Kochi,Value Seeker,Books & Media,2025-10-02
5559,Amaira Kothari,41,Male,Jaipur,Mainstream Buyer,Home & Kitchen,2024-10-16
5560,Owen Naidu,19,Male,Pune,Budget Shopper,Sports & Outdoors,2024-05-26
5561,Qadim Kade,56,Female,Delhi,Premium Buyer,Health & Wellness,2025-06-12
5562,Ishaan Sehgal,19,Male,Coimbatore,Value Seeker,Beauty & Personal Care,2026-03-18
5563,Ekalinga Lalla,29,Female,Kolkata,Budget Shopper,Home & Kitchen,2024-05-21
5564,Raagini Dewan,31,Male,Bhubaneswar,Budget Shopper,Books & Media,2025-01-20
5565,Tanish Sibal,39,Female,Coimbatore,Luxury Enthusiast,Sports & Outdoors,2025-06-01
5566,Yutika Sharma,33,Female,Ahmedabad,Budget Shopper,Grocery & Gourmet,2025-01-16
5567,Hitesh Chakraborty,32,Female,Mumbai,Mainstream Buyer,Electronics,2024-06-16
5568,Christopher Dutt,33,Male,Jaipur,Budget Shopper,Health & Wellness,2026-06-29
5569,Aashi Chandran,18,Other,Chandigarh,Budget Shopper,Grocery & Gourmet,2025-08-09
5570,Wahab Pingle,46,Female,Ahmedabad,Premium Buyer,Automotive,2024-03-01
5571,Manan Choudhury,23,Female,Coimbatore,Budget Shopper,Sports & Outdoors,2025-10-01
5572,Sai Bains,37,Female,Delhi,Budget Shopper,Sports & Outdoors,2024-01-31
5573,Yashoda Balasubramanian,31,Female,Pune,Value Seeker,Beauty & Personal Care,2025-10-19
5574,Mohini Lad,54,Female,Indore,Premium Buyer,Automotive,2025-05-03
5575,Lakshit Dyal,36,Male,Pune,Value Seeker,Electronics,2026-04-28
5576,Siya Parekh,25,Male,Bhubaneswar,Budget Shopper,Books & Media,2024-09-12
5577,Ria Tripathi,54,Female,Pune,Luxury Enthusiast,Home & Kitchen,2025-11-26
5578,Raksha Apte,44,Male,Indore,Mainstream Buyer,Toys & Games,2024-05-23
5579,David Bal,47,Female,Coimbatore,Premium Buyer,Health & Wellness,2026-03-05
5580,Chakradhar Sahota,18,Male,Nagpur,Mainstream Buyer,Toys & Games,2026-03-17
5581,Ekaja Solanki,28,Male,Jaipur,Mainstream Buyer,Electronics,2025-05-02
5582,Pranit Gulati,44,Female,Ahmedabad,Value Seeker,Beauty & Personal Care,2026-04-15
5583,Frederick Mistry,20,Male,Kolkata,Value Seeker,Electronics,2025-09-06
5584,Gavin Chad,44,Female,Coimbatore,Mainstream Buyer,Sports & Outdoors,2024-10-15
5585,Yasti Tata,43,Other,Nagpur,Mainstream Buyer,Fashion,2025-03-31
5586,Noah Sampath,40,Male,Bengaluru,Luxury Enthusiast,Toys & Games,2025-02-09
5587,Ubika Ramanathan,19,Male,Bhubaneswar,Mainstream Buyer,Books & Media,2026-04-09
5588,Chandresh Loke,26,Male,Nagpur,Value Seeker,Beauty & Personal Care,2024-10-24
5589,Isha Karnik,50,Female,Indore,Value Seeker,Automotive,2026-04-09
5590,Aarna Chakrabarti,29,Male,Kochi,Mainstream Buyer,Grocery & Gourmet,2025-01-29
5591,Isaiah Pant,24,Female,Chandigarh,Value Seeker,Toys & Games,2024-07-15
5592,Chaitanya Talwar,34,Other,Chennai,Premium Buyer,Beauty & Personal Care,2024-09-11
5593,Peter Sura,47,Male,Coimbatore,Mainstream Buyer,Home & Kitchen,2025-08-15
5594,Udarsh Nath,24,Female,Indore,Budget Shopper,Books & Media,2026-02-10
5595,Irya Chhabra,31,Male,Indore,Mainstream Buyer,Grocery & Gourmet,2024-06-09
5596,Mitali Gopal,49,Female,Kochi,Mainstream Buyer,Automotive,2025-12-17
5597,Chakradev Sama,48,Male,Pune,Premium Buyer,Grocery & Gourmet,2025-04-08
5598,Krisha Rajagopal,23,Female,Nagpur,Value Seeker,Electronics,2025-11-28
5599,Alka Sanghvi,25,Male,Coimbatore,Mainstream Buyer,Health & Wellness,2026-06-04
5600,Amaira Sethi,42,Female,Indore,Value Seeker,Home & Kitchen,2025-06-19
5601,Max Bhattacharyya,32,Male,Kochi,Value Seeker,Electronics,2025-02-17
5602,Advay Dua,18,Female,Bhubaneswar,Budget Shopper,Books & Media,2024-08-12
5603,Harsh Raju,26,Female,Ahmedabad,Premium Buyer,Sports & Outdoors,2024-09-12
5604,Nathaniel Parekh,32,Female,Jaipur,Premium Buyer,Fashion,2024-06-08
5605,Niharika Maharaj,25,Female,Indore,Mainstream Buyer,Home & Kitchen,2024-06-24
5606,Aadi Thakkar,18,Male,Jaipur,Mainstream Buyer,Home & Kitchen,2025-07-02
5607,Amaira Warrior,18,Male,Hyderabad,Budget Shopper,Sports & Outdoors,2025-08-26
5608,Yachana Kari,28,Male,Indore,Mainstream Buyer,Grocery & Gourmet,2025-01-02
5609,Rajata Devan,27,Female,Pune,Value Seeker,Toys & Games,2025-04-22
5610,Megha Srinivasan,52,Male,Delhi,Mainstream Buyer,Electronics,2025-10-06
5611,Sai Bir,24,Male,Kolkata,Budget Shopper,Fashion,2026-06-02
5612,Anthony Bhatnagar,35,Female,Mumbai,Mainstream Buyer,Toys & Games,2025-04-26
5613,Charita Borah,36,Male,Bhubaneswar,Value Seeker,Automotive,2025-05-02
5614,Isaiah Kothari,34,Female,Nagpur,Mainstream Buyer,Electronics,2024-03-01
5615,Nihal Jayaraman,40,Male,Chennai,Mainstream Buyer,Beauty & Personal Care,2024-06-25
5616,Hritik Kaul,29,Male,Bhubaneswar,Budget Shopper,Fashion,2025-10-30
5617,Vaishnavi Reddy,33,Female,Lucknow,Value Seeker,Sports & Outdoors,2026-03-23
5618,Harita Grover,67,Female,Nagpur,Premium Buyer,Beauty & Personal Care,2024-07-17
5619,Caleb Kumar,45,Female,Bengaluru,Mainstream Buyer,Fashion,2025-04-16
5620,Yasti Chandra,18,Male,Mumbai,Budget Shopper,Health & Wellness,2026-05-23
5621,Gaurangi Bains,35,Male,Bhubaneswar,Value Seeker,Grocery & Gourmet,2024-08-17
5622,Jagvi Mallick,24,Male,Chennai,Value Seeker,Books & Media,2025-08-22
5623,Warhi Dhillon,41,Male,Kochi,Mainstream Buyer,Grocery & Gourmet,2026-01-27
5624,Jeet Chatterjee,24,Female,Bhubaneswar,Mainstream Buyer,Beauty & Personal Care,2024-11-11
5625,Eesha Balay,18,Male,Kolkata,Budget Shopper,Health & Wellness,2024-07-20
5626,Bimala Mahal,40,Female,Delhi,Mainstream Buyer,Sports & Outdoors,2024-07-28
5627,Omaja Ratti,45,Female,Indore,Mainstream Buyer,Beauty & Personal Care,2025-10-25
5628,Upma Sule,41,Male,Ahmedabad,Mainstream Buyer,Books & Media,2025-01-11
5629,Zaitra Date,34,Female,Mumbai,Budget Shopper,Books & Media,2025-05-05
5630,Benjamin Agate,35,Male,Kolkata,Value Seeker,Toys & Games,2024-05-05
5631,Triya Dhillon,33,Female,Jaipur,Value Seeker,Automotive,2026-01-10
5632,Anita Buch,22,Male,Bhubaneswar,Budget Shopper,Home & Kitchen,2024-06-18
5633,Anika Sachdev,39,Female,Hyderabad,Value Seeker,Grocery & Gourmet,2025-08-21
5634,Upkaar Narain,36,Male,Jaipur,Budget Shopper,Fashion,2024-12-19
5635,Meera Puri,26,Male,Bengaluru,Budget Shopper,Home & Kitchen,2025-04-02
5636,Pahal Yohannan,35,Male,Chennai,Mainstream Buyer,Sports & Outdoors,2025-08-19
5637,Meghana Sarraf,46,Male,Chennai,Value Seeker,Books & Media,2025-12-03
5638,Yashawini Raj,36,Female,Jaipur,Mainstream Buyer,Toys & Games,2025-08-05
5639,Gautam Narang,27,Male,Coimbatore,Budget Shopper,Fashion,2024-12-28
5640,Advika Murthy,41,Other,Delhi,Mainstream Buyer,Automotive,2024-12-21
5641,Indrajit Dash,31,Female,Delhi,Value Seeker,Books & Media,2024-12-13
5642,Pranit Bhardwaj,35,Male,Lucknow,Premium Buyer,Books & Media,2024-11-13
5643,Jalsa Koshy,46,Male,Chennai,Premium Buyer,Grocery & Gourmet,2026-05-15
5644,Chaitanya Panchal,31,Male,Kochi,Value Seeker,Toys & Games,2025-07-08
5645,Ekavir Som,53,Female,Delhi,Mainstream Buyer,Sports & Outdoors,2025-09-18
5646,Pahal Bhatia,34,Male,Kochi,Budget Shopper,Sports & Outdoors,2025-07-06
5647,Megha Johal,31,Female,Bhubaneswar,Mainstream Buyer,Home & Kitchen,2025-07-20
5648,Dipta Kothari,33,Male,Ahmedabad,Budget Shopper,Books & Media,2026-01-22
5649,Jeremiah Chaudhry,34,Male,Kochi,Value Seeker,Home & Kitchen,2024-02-08
5650,Falak Pradhan,38,Male,Chennai,Budget Shopper,Toys & Games,2026-06-30
5651,Ladli Sunder,38,Female,Chennai,Premium Buyer,Sports & Outdoors,2025-01-07
5652,Chandran Bakshi,33,Female,Delhi,Value Seeker,Home & Kitchen,2025-05-09
5653,Laban Misra,36,Female,Ahmedabad,Mainstream Buyer,Sports & Outdoors,2024-10-02
5654,Praneel Batta,32,Male,Nagpur,Value Seeker,Health & Wellness,2024-06-09
5655,Krisha Prashad,24,Male,Delhi,Value Seeker,Books & Media,2024-11-20
5656,Radhika Sankar,32,Female,Pune,Budget Shopper,Beauty & Personal Care,2024-08-06
5657,Nirja Bedi,46,Female,Chandigarh,Premium Buyer,Sports & Outdoors,2025-10-26
5658,Rajata Lala,54,Female,Ahmedabad,Premium Buyer,Toys & Games,2024-01-13
5659,Akshay Mukhopadhyay,26,Male,Indore,Budget Shopper,Fashion,2026-04-13
5660,Pallavi Patla,33,Female,Pune,Mainstream Buyer,Books & Media,2024-11-02
5661,Saanvi Oak,39,Male,Kochi,Value Seeker,Electronics,2026-02-18
5662,Shravya Morar,19,Other,Nagpur,Budget Shopper,Automotive,2025-12-01
5663,Timothy Handa,41,Male,Kochi,Value Seeker,Toys & Games,2024-06-14
5664,Pavani De,36,Female,Indore,Budget Shopper,Fashion,2024-10-25
5665,Kala Kuruvilla,38,Male,Lucknow,Budget Shopper,Sports & Outdoors,2024-12-04
5666,Lakshmi De,40,Female,Delhi,Mainstream Buyer,Automotive,2024-06-11
5667,Omya Nayar,22,Female,Bengaluru,Budget Shopper,Health & Wellness,2025-10-22
5668,Chatura Chopra,43,Female,Kochi,Premium Buyer,Fashion,2024-11-27
5669,Gaurika Palan,40,Male,Kolkata,Mainstream Buyer,Home & Kitchen,2025-12-30
5670,Chatresh Andra,37,Male,Ahmedabad,Premium Buyer,Fashion,2025-04-21
5671,Naveen Grover,48,Female,Ahmedabad,Mainstream Buyer,Beauty & Personal Care,2025-06-29
5672,Parth Doshi,48,Female,Indore,Premium Buyer,Automotive,2024-12-18
5673,Pratyush Seth,23,Female,Nagpur,Value Seeker,Grocery & Gourmet,2026-05-03
5674,Vanya Som,53,Male,Nagpur,Mainstream Buyer,Home & Kitchen,2026-06-07
5675,Nandini Desai,32,Male,Delhi,Value Seeker,Beauty & Personal Care,2026-06-02
5676,Ekalinga Ramakrishnan,33,Male,Lucknow,Premium Buyer,Toys & Games,2025-11-03
5677,Hemang Brar,19,Female,Lucknow,Budget Shopper,Books & Media,2025-01-25
5678,Avni Chaudhry,50,Male,Chandigarh,Mainstream Buyer,Sports & Outdoors,2026-02-08
5679,Kashish Thakur,53,Male,Pune,Mainstream Buyer,Sports & Outdoors,2024-01-15
5680,Zansi Rama,41,Female,Jaipur,Value Seeker,Health & Wellness,2025-06-21
5681,Abeer Yadav,54,Female,Ahmedabad,Premium Buyer,Books & Media,2025-09-29
5682,Hritik Som,42,Female,Kolkata,Value Seeker,Grocery & Gourmet,2024-04-13
5683,Vasana Talwar,32,Male,Hyderabad,Budget Shopper,Health & Wellness,2026-01-23
5684,Rohan Buch,39,Male,Coimbatore,Mainstream Buyer,Beauty & Personal Care,2026-01-11
5685,Ishita Sawhney,36,Female,Mumbai,Value Seeker,Grocery & Gourmet,2025-07-21
5686,Anjali Sehgal,33,Male,Lucknow,Budget Shopper,Automotive,2026-04-27
5687,Nilima Lall,20,Female,Chandigarh,Budget Shopper,Home & Kitchen,2024-10-22
5688,Pavani Borra,33,Male,Hyderabad,Budget Shopper,Home & Kitchen,2024-07-27
5689,Indrajit Gala,50,Female,Hyderabad,Mainstream Buyer,Fashion,2025-08-15
5690,Samar Wadhwa,41,Male,Jaipur,Premium Buyer,Toys & Games,2024-05-06
5691,Veer Srinivas,34,Female,Chandigarh,Mainstream Buyer,Grocery & Gourmet,2026-06-24
5692,Vedant Sani,31,Female,Delhi,Budget Shopper,Grocery & Gourmet,2025-03-07
5693,Libni Walia,26,Male,Pune,Value Seeker,Beauty & Personal Care,2024-09-08
5694,Triya Palla,31,Male,Hyderabad,Premium Buyer,Grocery & Gourmet,2025-07-25
5695,Jyoti Lanka,47,Female,Chandigarh,Mainstream Buyer,Electronics,2024-02-25
5696,Dayita Datta,27,Female,Bhubaneswar,Value Seeker,Toys & Games,2025-06-06
5697,Viraj Thakur,27,Male,Delhi,Budget Shopper,Sports & Outdoors,2024-03-22
5698,Zehaan Pathak,37,Male,Bengaluru,Premium Buyer,Automotive,2024-11-11
5699,Champak Balay,54,Female,Bengaluru,Premium Buyer,Health & Wellness,2025-12-04
5700,Aachal Mody,34,Female,Indore,Budget Shopper,Books & Media,2024-06-08
5701,Bhavika Sibal,40,Female,Bhubaneswar,Premium Buyer,Toys & Games,2026-06-03
5702,Madhav Hegde,18,Male,Kolkata,Budget Shopper,Health & Wellness,2026-01-10
5703,Isaac Dey,23,Female,Bengaluru,Budget Shopper,Beauty & Personal Care,2024-07-25
5704,Mitesh Sem,42,Male,Coimbatore,Mainstream Buyer,Fashion,2024-04-05
5705,Vyanjana Chad,33,Male,Bhubaneswar,Value Seeker,Books & Media,2025-07-14
5706,Raksha Rao,32,Female,Bhubaneswar,Value Seeker,Beauty & Personal Care,2024-11-13
5707,Xavier Memon,44,Male,Ahmedabad,Premium Buyer,Toys & Games,2024-10-07
5708,Vrishti Gara,49,Female,Indore,Premium Buyer,Grocery & Gourmet,2024-08-31
5709,Rehaan Yohannan,26,Male,Nagpur,Budget Shopper,Books & Media,2024-04-02
5710,Omkaar Bora,41,Male,Chandigarh,Mainstream Buyer,Beauty & Personal Care,2026-04-13
5711,Irya Arora,28,Female,Ahmedabad,Mainstream Buyer,Books & Media,2026-01-07
5712,Ekalinga Ram,59,Male,Chennai,Mainstream Buyer,Sports & Outdoors,2024-03-21
5713,Benjamin Kumer,44,Female,Kolkata,Luxury Enthusiast,Fashion,2025-02-23
5714,Robert Bali,38,Female,Kolkata,Mainstream Buyer,Grocery & Gourmet,2025-03-09
5715,Victor Nair,32,Male,Nagpur,Budget Shopper,Beauty & Personal Care,2025-07-01
5716,Amara Karnik,23,Female,Lucknow,Budget Shopper,Books & Media,2025-08-07
5717,Victor Mody,43,Female,Chandigarh,Premium Buyer,Health & Wellness,2025-11-21
5718,Balendra Chawla,46,Female,Indore,Luxury Enthusiast,Fashion,2025-07-04
5719,Meghana Sastry,18,Male,Ahmedabad,Budget Shopper,Sports & Outdoors,2026-04-25
5720,Yashasvi Mangat,30,Female,Indore,Budget Shopper,Fashion,2025-10-08
5721,Pavani Pai,22,Female,Coimbatore,Mainstream Buyer,Sports & Outdoors,2024-01-13
5722,Arya Kumar,42,Female,Lucknow,Budget Shopper,Beauty & Personal Care,2026-02-03
5723,Jagvi Lal,34,Male,Chennai,Budget Shopper,Health & Wellness,2024-09-06
5724,Prisha Bera,48,Male,Hyderabad,Premium Buyer,Beauty & Personal Care,2026-05-30
5725,Janaki Bhatti,27,Female,Bengaluru,Premium Buyer,Toys & Games,2024-09-04
5726,Teerth Seshadri,35,Female,Chennai,Premium Buyer,Fashion,2025-11-03
5727,Alexander Nagi,49,Female,Nagpur,Mainstream Buyer,Sports & Outdoors,2024-10-03
5728,Jatin Din,69,Female,Nagpur,Value Seeker,Automotive,2025-04-07
5729,Yadavi Vala,53,Male,Bengaluru,Premium Buyer,Toys & Games,2024-07-29
5730,Libni Sandal,41,Female,Jaipur,Value Seeker,Home & Kitchen,2024-11-04
5731,Darsh Mohan,36,Male,Nagpur,Value Seeker,Health & Wellness,2025-02-10
5732,Vasana Deol,35,Male,Indore,Premium Buyer,Automotive,2024-09-05
5733,Henry Mahal,45,Male,Kochi,Mainstream Buyer,Sports & Outdoors,2024-02-07
5734,Laksh Kulkarni,33,Female,Kochi,Premium Buyer,Health & Wellness,2025-01-07
5735,Viraj Bansal,18,Male,Kolkata,Budget Shopper,Fashion,2026-01-24
5736,Lakshmi Krishnan,35,Female,Bhubaneswar,Luxury Enthusiast,Beauty & Personal Care,2026-03-17
5737,Amrita Deo,45,Male,Delhi,Mainstream Buyer,Health & Wellness,2025-02-20
5738,Upkaar Sengupta,36,Male,Chandigarh,Mainstream Buyer,Health & Wellness,2025-06-05
5739,Warinder Khanna,43,Female,Chandigarh,Premium Buyer,Automotive,2024-12-27
5740,Matthew Chowdhury,31,Male,Chennai,Value Seeker,Fashion,2024-11-03
5741,Ayushman Ramanathan,26,Male,Jaipur,Mainstream Buyer,Home & Kitchen,2026-01-12
5742,Shivansh Gera,30,Male,Bhubaneswar,Mainstream Buyer,Toys & Games,2024-08-27
5743,Simon Ganesh,37,Female,Ahmedabad,Premium Buyer,Electronics,2024-01-15
5744,Jairaj Basu,30,Female,Chennai,Premium Buyer,Health & Wellness,2025-09-10
5745,Alexander Goyal,32,Female,Delhi,Mainstream Buyer,Health & Wellness,2024-03-12
5746,Parth Agate,18,Male,Ahmedabad,Budget Shopper,Automotive,2024-03-12
5747,Dev Vig,32,Male,Chennai,Budget Shopper,Health & Wellness,2025-06-17
5748,Triya Saraf,52,Male,Chandigarh,Luxury Enthusiast,Home & Kitchen,2024-07-11
5749,Ishwar Bath,35,Female,Chandigarh,Luxury Enthusiast,Automotive,2024-03-09
5750,Yashoda Srivastava,44,Male,Kolkata,Luxury Enthusiast,Home & Kitchen,2024-05-21
5751,Jairaj Apte,43,Male,Hyderabad,Budget Shopper,Fashion,2025-07-14
5752,Chakrika Gulati,23,Female,Chennai,Value Seeker,Home & Kitchen,2024-11-04
5753,Leela Chander,40,Female,Pune,Mainstream Buyer,Grocery & Gourmet,2025-01-10
5754,David Keer,37,Male,Coimbatore,Mainstream Buyer,Health & Wellness,2025-06-21
5755,Eiravati Kohli,36,Female,Bengaluru,Budget Shopper,Toys & Games,2024-11-29
5756,Yashvi Batta,39,Male,Nagpur,Mainstream Buyer,Home & Kitchen,2024-03-07
5757,Anya Sama,23,Female,Lucknow,Budget Shopper,Toys & Games,2026-06-07
5758,Robert Murty,32,Female,Bengaluru,Value Seeker,Books & Media,2024-04-06
5759,Nilima Mutti,27,Female,Kolkata,Budget Shopper,Books & Media,2025-08-01
5760,Bakhshi Aggarwal,26,Male,Lucknow,Budget Shopper,Beauty & Personal Care,2024-06-11
5761,Anay Shankar,18,Female,Jaipur,Budget Shopper,Fashion,2026-03-25
5762,Qabil Aggarwal,54,Male,Jaipur,Premium Buyer,Beauty & Personal Care,2024-04-15
5763,Arya Narayan,46,Female,Mumbai,Mainstream Buyer,Automotive,2025-05-21
5764,Raksha Borde,37,Female,Pune,Luxury Enthusiast,Sports & Outdoors,2024-03-23
5765,Anmol Batra,29,Female,Kochi,Value Seeker,Electronics,2025-06-08
5766,Rachita Ramakrishnan,29,Female,Lucknow,Value Seeker,Beauty & Personal Care,2024-08-24
5767,Amruta Chanda,21,Female,Ahmedabad,Value Seeker,Sports & Outdoors,2025-01-07
5768,Agastya Ramaswamy,20,Female,Jaipur,Mainstream Buyer,Books & Media,2025-12-31
5769,Chandani Chadha,25,Male,Hyderabad,Value Seeker,Toys & Games,2025-11-17
5770,Umang Manda,33,Other,Indore,Mainstream Buyer,Sports & Outdoors,2025-02-28
5771,Sanya Naik,30,Male,Lucknow,Premium Buyer,Fashion,2025-04-16
5772,Mohini Luthra,44,Male,Lucknow,Premium Buyer,Sports & Outdoors,2024-12-20
5773,Benjamin Virk,37,Female,Coimbatore,Budget Shopper,Electronics,2024-06-30
5774,Jhalak Hayer,39,Male,Nagpur,Value Seeker,Books & Media,2024-07-31
5775,Oni Jain,25,Female,Bhubaneswar,Budget Shopper,Sports & Outdoors,2026-05-08
5776,Lohit Purohit,18,Male,Indore,Budget Shopper,Beauty & Personal Care,2025-04-08
5777,Nathaniel Rama,43,Male,Kolkata,Mainstream Buyer,Toys & Games,2026-02-16
5778,Alexander Wable,38,Female,Delhi,Mainstream Buyer,Grocery & Gourmet,2025-03-23
5779,Rachita Venkatesh,40,Female,Mumbai,Mainstream Buyer,Home & Kitchen,2025-03-02
5780,Urmi Wadhwa,44,Female,Indore,Budget Shopper,Books & Media,2024-01-12
5781,Elijah Patla,39,Female,Bhubaneswar,Luxury Enthusiast,Books & Media,2025-07-14
5782,Kamala Sanghvi,21,Male,Coimbatore,Luxury Enthusiast,Books & Media,2025-05-17
5783,Janani Setty,22,Male,Lucknow,Value Seeker,Sports & Outdoors,2025-03-25
5784,Suhani Purohit,47,Female,Delhi,Premium Buyer,Home & Kitchen,2026-03-05
5785,Warjas Date,27,Female,Kochi,Budget Shopper,Fashion,2026-05-07
5786,Gagan Deo,26,Female,Kochi,Mainstream Buyer,Electronics,2024-09-26
5787,Jagrati Sha,30,Male,Bengaluru,Premium Buyer,Electronics,2025-10-01
5788,Lajita Aurora,39,Male,Indore,Premium Buyer,Automotive,2025-08-06
5789,Farhan Ahluwalia,31,Male,Kolkata,Premium Buyer,Electronics,2024-01-15
5790,Liam Bora,36,Female,Hyderabad,Value Seeker,Automotive,2025-11-18
5791,Jalsa Nayak,39,Male,Lucknow,Premium Buyer,Automotive,2024-04-03
5792,Jacob Sharma,31,Female,Pune,Mainstream Buyer,Home & Kitchen,2024-12-09
5793,Tanmayi Mannan,20,Male,Jaipur,Budget Shopper,Sports & Outdoors,2025-11-03
5794,Lakshit Sura,29,Female,Jaipur,Budget Shopper,Beauty & Personal Care,2024-02-18
5795,Lekha Goyal,37,Male,Kochi,Mainstream Buyer,Beauty & Personal Care,2024-12-14
5796,Gopal Dhillon,38,Female,Pune,Mainstream Buyer,Beauty & Personal Care,2025-09-20
5797,George Rau,33,Female,Chandigarh,Value Seeker,Beauty & Personal Care,2025-05-18
5798,Rajata Lata,42,Male,Bhubaneswar,Premium Buyer,Toys & Games,2025-07-29
5799,Nicholas Dhaliwal,27,Male,Ahmedabad,Mainstream Buyer,Sports & Outdoors,2024-05-26
5800,Gaurika Vala,25,Male,Bengaluru,Value Seeker,Fashion,2025-05-05
5801,Shivani Bera,28,Female,Chennai,Value Seeker,Beauty & Personal Care,2026-05-28
5802,Jeevika Lata,55,Female,Indore,Mainstream Buyer,Health & Wellness,2024-10-16
5803,Henry Pal,24,Male,Chennai,Mainstream Buyer,Health & Wellness,2024-08-14
5804,Kashish Sunder,33,Female,Indore,Mainstream Buyer,Electronics,2025-07-07
5805,Eiravati Saran,32,Male,Coimbatore,Value Seeker,Books & Media,2024-03-18
5806,Aarnav Dhaliwal,34,Female,Ahmedabad,Mainstream Buyer,Health & Wellness,2025-06-11
5807,Jeevika Taneja,46,Female,Bengaluru,Mainstream Buyer,Fashion,2025-11-03
5808,Andrew Bawa,40,Female,Jaipur,Premium Buyer,Electronics,2024-10-04
5809,Mohini Kanda,24,Male,Lucknow,Budget Shopper,Home & Kitchen,2026-03-07
5810,Nimrat Maharaj,44,Male,Bengaluru,Mainstream Buyer,Beauty & Personal Care,2024-01-21
5811,Tripti Garg,48,Other,Chandigarh,Value Seeker,Health & Wellness,2024-10-20
5812,Laban Mallick,39,Male,Hyderabad,Budget Shopper,Home & Kitchen,2025-09-17
5813,Peter Thakur,35,Female,Pune,Mainstream Buyer,Beauty & Personal Care,2026-04-18
5814,Falak Mammen,36,Female,Jaipur,Mainstream Buyer,Home & Kitchen,2025-01-17
5815,Dalbir Chakraborty,32,Female,Lucknow,Value Seeker,Beauty & Personal Care,2025-01-16
5816,Zinal Varughese,44,Female,Hyderabad,Premium Buyer,Health & Wellness,2024-07-12
5817,Naveen Lala,24,Female,Kolkata,Value Seeker,Electronics,2025-10-17
5818,Wridesh Chana,35,Female,Indore,Budget Shopper,Sports & Outdoors,2025-12-21
5819,Oni Bora,33,Male,Kolkata,Value Seeker,Toys & Games,2025-06-22
5820,Kashvi Ahuja,31,Female,Kochi,Value Seeker,Fashion,2024-06-20
5821,Dominic Bhargava,25,Male,Pune,Mainstream Buyer,Electronics,2024-03-31
5822,Daniel Chand,43,Female,Mumbai,Premium Buyer,Health & Wellness,2025-08-13
5823,Kamya Agarwal,19,Female,Jaipur,Mainstream Buyer,Home & Kitchen,2026-05-18
5824,Ubika Chopra,21,Female,Kolkata,Budget Shopper,Home & Kitchen,2026-03-22
5825,Divya Grewal,26,Male,Chennai,Value Seeker,Beauty & Personal Care,2025-02-23
5826,Faris Bassi,29,Male,Chandigarh,Budget Shopper,Electronics,2026-06-08
5827,Utkarsh Sastry,53,Female,Indore,Mainstream Buyer,Fashion,2024-09-13
5828,Laban Iyengar,32,Female,Chennai,Budget Shopper,Electronics,2026-06-01
5829,Bachittar Shere,45,Male,Jaipur,Value Seeker,Books & Media,2025-06-12
5830,Qushi Murthy,48,Female,Lucknow,Premium Buyer,Sports & Outdoors,2024-07-09
5831,Aayush Sule,47,Female,Mumbai,Mainstream Buyer,Home & Kitchen,2025-05-03
5832,Gabriel Thaman,48,Female,Delhi,Value Seeker,Health & Wellness,2024-10-28
5833,Falak Memon,25,Female,Jaipur,Value Seeker,Beauty & Personal Care,2025-09-01
5834,Lohit Vig,29,Other,Bhubaneswar,Mainstream Buyer,Electronics,2024-07-12
5835,Odika Kala,43,Female,Bhubaneswar,Mainstream Buyer,Electronics,2025-06-09
5836,Hemangini Deep,26,Male,Ahmedabad,Budget Shopper,Grocery & Gourmet,2024-08-18
5837,Arya Sodhi,44,Other,Lucknow,Premium Buyer,Books & Media,2024-02-20
5838,Odika Chakrabarti,29,Female,Ahmedabad,Value Seeker,Home & Kitchen,2025-07-21
5839,Urvi Jain,26,Female,Bhubaneswar,Value Seeker,Home & Kitchen,2025-12-03
5840,Fitan Kala,41,Female,Kochi,Budget Shopper,Home & Kitchen,2024-03-08
5841,Balendra Kuruvilla,22,Female,Bhubaneswar,Value Seeker,Sports & Outdoors,2024-10-22
5842,Chakradev Dube,38,Male,Kolkata,Value Seeker,Grocery & Gourmet,2024-04-27
5843,Neha Kapadia,36,Male,Bhubaneswar,Value Seeker,Toys & Games,2025-07-23
5844,Ekapad Sidhu,22,Male,Lucknow,Mainstream Buyer,Grocery & Gourmet,2025-08-19
5845,Tanay Parsa,24,Female,Indore,Value Seeker,Electronics,2026-03-10
5846,Aahana Viswanathan,37,Female,Mumbai,Premium Buyer,Books & Media,2024-07-31
5847,Geetika Doshi,52,Male,Indore,Luxury Enthusiast,Grocery & Gourmet,2024-05-28
5848,Darpan Ravi,23,Male,Bengaluru,Budget Shopper,Home & Kitchen,2024-06-19
5849,Radhika Barad,26,Female,Bhubaneswar,Budget Shopper,Books & Media,2025-10-10
5850,Sara Hari,29,Male,Hyderabad,Premium Buyer,Electronics,2025-04-14
5851,Zayan Mistry,67,Male,Chandigarh,Luxury Enthusiast,Health & Wellness,2025-04-10
5852,Chavvi Goel,43,Male,Coimbatore,Premium Buyer,Grocery & Gourmet,2026-03-14
5853,Vedant Raja,31,Female,Pune,Budget Shopper,Toys & Games,2026-06-30
5854,Nidra Devi,22,Female,Bhubaneswar,Budget Shopper,Books & Media,2025-09-01
5855,Ganga Natt,21,Female,Pune,Budget Shopper,Toys & Games,2025-03-26
5856,Sanaya Sawhney,60,Male,Delhi,Premium Buyer,Sports & Outdoors,2024-01-18
5857,Chandresh Ramaswamy,19,Male,Delhi,Mainstream Buyer,Health & Wellness,2024-05-01
5858,Saumya Nayak,34,Female,Chandigarh,Value Seeker,Home & Kitchen,2024-09-21
5859,Fariq Patla,26,Other,Pune,Mainstream Buyer,Automotive,2024-02-10
5860,Nathaniel Jha,23,Male,Chandigarh,Budget Shopper,Grocery & Gourmet,2024-07-29
5861,Aditya Bandi,31,Female,Mumbai,Mainstream Buyer,Automotive,2025-03-11
5862,Ekta Chhabra,18,Female,Delhi,Budget Shopper,Electronics,2024-03-27
5863,Wakeeta More,37,Female,Nagpur,Mainstream Buyer,Sports & Outdoors,2024-03-20
5864,Harsh Kaur,18,Male,Bengaluru,Mainstream Buyer,Toys & Games,2025-12-29
5865,Fiyaz Chaudhry,34,Male,Lucknow,Mainstream Buyer,Toys & Games,2025-10-18
5866,Yashica Rama,31,Male,Kolkata,Value Seeker,Toys & Games,2024-02-05
5867,Anirudh Dhar,30,Female,Jaipur,Premium Buyer,Toys & Games,2026-06-25
5868,Chakrika Saxena,50,Female,Delhi,Mainstream Buyer,Home & Kitchen,2025-03-19
5869,Chatura Goel,21,Male,Chennai,Budget Shopper,Automotive,2025-07-19
5870,Arjun Ravi,24,Male,Indore,Budget Shopper,Sports & Outdoors,2024-08-26
5871,Vivaan Murty,31,Male,Jaipur,Mainstream Buyer,Health & Wellness,2024-02-14
5872,Fiyaz Goel,31,Female,Jaipur,Value Seeker,Books & Media,2025-09-16
5873,Fitan Deshmukh,38,Female,Nagpur,Budget Shopper,Books & Media,2025-12-13
5874,Raksha Murthy,49,Male,Pune,Budget Shopper,Books & Media,2025-09-05
5875,Daniel Anne,33,Female,Indore,Budget Shopper,Automotive,2024-09-21
5876,Omisha Bedi,41,Female,Lucknow,Value Seeker,Health & Wellness,2025-08-09
5877,Ekaja Choudhry,52,Female,Ahmedabad,Mainstream Buyer,Books & Media,2024-11-26
5878,Tanish Goswami,29,Female,Chennai,Budget Shopper,Books & Media,2025-08-20
5879,Aashi Sarraf,51,Male,Kolkata,Mainstream Buyer,Electronics,2024-08-29
5880,Azad Sarma,39,Female,Chandigarh,Value Seeker,Electronics,2026-05-05
5881,Caleb Tailor,33,Female,Chennai,Value Seeker,Grocery & Gourmet,2025-08-24
5882,Saanvi Halder,30,Female,Coimbatore,Budget Shopper,Beauty & Personal Care,2025-09-23
5883,Ubika Bawa,26,Female,Delhi,Premium Buyer,Sports & Outdoors,2025-01-05
5884,Jasmit Bala,49,Male,Kolkata,Luxury Enthusiast,Toys & Games,2024-11-22
5885,Dominic Bava,18,Female,Bhubaneswar,Value Seeker,Home & Kitchen,2024-09-10
5886,Maya Mani,18,Female,Jaipur,Budget Shopper,Beauty & Personal Care,2024-04-05
5887,Daksha Arora,33,Male,Chandigarh,Value Seeker,Electronics,2024-07-10
5888,Jagat Aggarwal,18,Other,Chennai,Budget Shopper,Grocery & Gourmet,2026-05-24
5889,Ijaya Date,42,Male,Indore,Premium Buyer,Books & Media,2024-10-25
5890,Tanish Sangha,28,Female,Nagpur,Budget Shopper,Fashion,2026-06-15
5891,Yashawini Mane,48,Male,Bhubaneswar,Luxury Enthusiast,Books & Media,2025-06-21
5892,Ekbal Mital,28,Male,Pune,Mainstream Buyer,Fashion,2025-01-10
5893,Timothy Nayar,40,Female,Coimbatore,Value Seeker,Grocery & Gourmet,2025-09-15
5894,Jagrati Pal,42,Female,Bhubaneswar,Premium Buyer,Home & Kitchen,2024-10-05
5895,Kashvi Oak,30,Female,Chandigarh,Budget Shopper,Home & Kitchen,2024-07-10
5896,Chakradev Pathak,26,Female,Nagpur,Mainstream Buyer,Automotive,2024-12-27
5897,Ekavir Bandi,25,Male,Mumbai,Budget Shopper,Grocery & Gourmet,2025-03-12
5898,Nikita Sur,52,Female,Jaipur,Premium Buyer,Toys & Games,2024-02-01
5899,Anirudh Rao,40,Female,Indore,Value Seeker,Toys & Games,2024-11-17
5900,Daniel Borah,19,Male,Lucknow,Budget Shopper,Books & Media,2025-12-05
5901,Reva Sood,38,Female,Bengaluru,Premium Buyer,Fashion,2024-11-13
5902,Chaitanya Khurana,18,Male,Kochi,Budget Shopper,Beauty & Personal Care,2025-04-21
5903,Xiti Loke,21,Male,Bengaluru,Budget Shopper,Health & Wellness,2026-06-09
5904,Tejas Hari,30,Female,Delhi,Premium Buyer,Health & Wellness,2024-03-24
5905,Damyanti Prasad,30,Female,Delhi,Value Seeker,Grocery & Gourmet,2024-07-10
5906,Ansh Agate,48,Female,Nagpur,Premium Buyer,Automotive,2024-12-19
5907,Vritti Shanker,29,Female,Chennai,Mainstream Buyer,Automotive,2024-10-29
5908,Naksh Natt,36,Male,Ahmedabad,Mainstream Buyer,Beauty & Personal Care,2025-01-24
5909,Abhiram Kamdar,30,Other,Chennai,Value Seeker,Grocery & Gourmet,2025-08-24
5910,Ijaya Apte,36,Male,Bhubaneswar,Budget Shopper,Grocery & Gourmet,2024-03-08
5911,Wakeeta Kala,41,Male,Bhubaneswar,Luxury Enthusiast,Fashion,2025-02-15
5912,Dhriti Kumer,21,Male,Coimbatore,Budget Shopper,Health & Wellness,2025-08-28
5913,Mahika Gour,24,Male,Chandigarh,Value Seeker,Sports & Outdoors,2024-10-19
5914,Hitesh Sharaf,21,Male,Delhi,Value Seeker,Beauty & Personal Care,2026-02-08
5915,Qarin Bhat,36,Female,Nagpur,Value Seeker,Sports & Outdoors,2025-09-14
5916,Mason Kanda,35,Female,Pune,Mainstream Buyer,Beauty & Personal Care,2026-03-06
5917,Darika Narayanan,43,Female,Pune,Premium Buyer,Beauty & Personal Care,2026-04-15
5918,Ekaraj Aurora,48,Male,Hyderabad,Mainstream Buyer,Books & Media,2024-06-17
5919,Balveer Sama,54,Female,Bhubaneswar,Premium Buyer,Health & Wellness,2025-05-31
5920,Ishani Konda,18,Male,Bengaluru,Value Seeker,Sports & Outdoors,2024-05-16
5921,Odika Uppal,37,Female,Chandigarh,Value Seeker,Home & Kitchen,2024-12-01
5922,Xavier Atwal,29,Female,Lucknow,Budget Shopper,Grocery & Gourmet,2025-12-01
5923,Jackson Chakrabarti,32,Male,Indore,Mainstream Buyer,Home & Kitchen,2025-12-21
5924,Maya Sawhney,34,Female,Mumbai,Value Seeker,Books & Media,2025-05-13
5925,Laban Ahuja,21,Female,Lucknow,Mainstream Buyer,Home & Kitchen,2026-04-06
5926,Gaurika Shan,40,Male,Nagpur,Budget Shopper,Home & Kitchen,2025-01-17
5927,Shravya Naik,47,Female,Pune,Premium Buyer,Home & Kitchen,2025-05-11
5928,Gagan Garg,35,Female,Ahmedabad,Premium Buyer,Beauty & Personal Care,2026-02-25
5929,Devika Ganesh,37,Male,Delhi,Premium Buyer,Health & Wellness,2025-03-13
5930,Chakradhar Kashyap,18,Male,Ahmedabad,Budget Shopper,Toys & Games,2024-05-23
5931,Oni Gola,44,Male,Coimbatore,Luxury Enthusiast,Toys & Games,2024-03-30
5932,Lohit Shankar,22,Female,Chennai,Budget Shopper,Electronics,2025-06-16
5933,Irya Verma,20,Male,Lucknow,Value Seeker,Electronics,2026-04-25
5934,Faras Kumer,33,Female,Delhi,Budget Shopper,Beauty & Personal Care,2024-05-10
5935,Ubika Bakshi,43,Male,Coimbatore,Value Seeker,Automotive,2025-02-17
5936,Aarav Saxena,36,Other,Kochi,Mainstream Buyer,Electronics,2024-08-12
5937,Gavin Padmanabhan,24,Female,Hyderabad,Budget Shopper,Grocery & Gourmet,2026-05-21
5938,Upkaar Ahuja,35,Female,Kolkata,Value Seeker,Automotive,2025-10-07
5939,Ranbir Sankar,36,Female,Hyderabad,Mainstream Buyer,Home & Kitchen,2025-10-15
5940,Hardik Garg,33,Female,Kochi,Premium Buyer,Fashion,2024-09-20
5941,Ira Vohra,31,Female,Coimbatore,Mainstream Buyer,Fashion,2024-10-22
5942,Vrinda Agrawal,34,Male,Jaipur,Mainstream Buyer,Electronics,2024-08-29
5943,Girindra Saraf,29,Male,Hyderabad,Budget Shopper,Automotive,2025-07-06
5944,Isaac Thakur,43,Female,Hyderabad,Premium Buyer,Grocery & Gourmet,2025-09-22
5945,Siddharth Wason,28,Male,Indore,Budget Shopper,Toys & Games,2026-01-10
5946,Gaurangi Bumb,18,Male,Ahmedabad,Value Seeker,Electronics,2025-11-13
5947,Ubika Singhal,32,Female,Pune,Budget Shopper,Health & Wellness,2026-02-02
5948,Girindra Raj,37,Female,Chennai,Mainstream Buyer,Toys & Games,2024-06-15
5949,Chandresh Nori,54,Male,Bhubaneswar,Value Seeker,Automotive,2024-10-25
5950,Varenya Warrior,33,Male,Hyderabad,Mainstream Buyer,Beauty & Personal Care,2024-10-25
5951,Ekalinga Prashad,34,Male,Indore,Value Seeker,Fashion,2024-04-20
5952,Yashoda Srinivasan,57,Male,Indore,Value Seeker,Automotive,2024-08-30
5953,Yashodhara Majumdar,33,Male,Hyderabad,Value Seeker,Electronics,2025-09-13
5954,Deepa Bera,26,Female,Mumbai,Budget Shopper,Fashion,2025-09-20
5955,Yoshita Devi,23,Female,Hyderabad,Value Seeker,Fashion,2026-03-07
5956,Vansha Gaba,50,Male,Chennai,Mainstream Buyer,Electronics,2024-09-15
5957,Chatura Goel,26,Male,Lucknow,Mainstream Buyer,Books & Media,2024-04-30
5958,Chaitaly Yadav,30,Female,Jaipur,Budget Shopper,Home & Kitchen,2024-09-22
5959,Veer Deshmukh,32,Male,Pune,Mainstream Buyer,Health & Wellness,2025-05-01
5960,Daniel Krishnan,30,Male,Ahmedabad,Value Seeker,Health & Wellness,2025-09-02
5961,Arunima Mallick,18,Male,Nagpur,Budget Shopper,Fashion,2025-05-30
5962,Arya Kakar,39,Female,Nagpur,Budget Shopper,Automotive,2025-10-29
5963,Imaran Bhatti,29,Male,Mumbai,Value Seeker,Electronics,2026-02-01
5964,Jagvi Hayre,21,Male,Chandigarh,Value Seeker,Home & Kitchen,2025-06-05
5965,Jonathan Arya,48,Female,Kolkata,Mainstream Buyer,Toys & Games,2025-11-28
5966,Balendra Johal,22,Female,Indore,Budget Shopper,Home & Kitchen,2024-08-31
5967,Aradhana Dixit,40,Female,Nagpur,Mainstream Buyer,Electronics,2024-04-01
5968,Karan De,39,Female,Jaipur,Value Seeker,Fashion,2026-01-06
5969,Widisha Parmer,41,Female,Kochi,Mainstream Buyer,Toys & Games,2026-06-25
5970,Harshil Kohli,23,Male,Pune,Premium Buyer,Home & Kitchen,2024-04-30
5971,Rishi Barman,38,Male,Delhi,Value Seeker,Home & Kitchen,2025-10-07
5972,Yahvi Chander,26,Male,Mumbai,Budget Shopper,Home & Kitchen,2025-11-11
5973,Gautami Batta,29,Male,Kolkata,Value Seeker,Automotive,2024-05-17
5974,Zehaan Randhawa,46,Male,Chandigarh,Luxury Enthusiast,Automotive,2024-06-01
5975,Aarnav Bhandari,32,Male,Kolkata,Luxury Enthusiast,Automotive,2025-01-21
5976,Vihaan Sarraf,28,Female,Pune,Budget Shopper,Electronics,2026-02-09
5977,Tripti Parekh,24,Female,Jaipur,Mainstream Buyer,Home & Kitchen,2024-09-30
5978,Gopal Yogi,29,Male,Kolkata,Value Seeker,Automotive,2024-08-30
5979,Kevin Bobal,28,Female,Ahmedabad,Budget Shopper,Books & Media,2025-05-25
5980,Neel Chakraborty,46,Male,Kochi,Mainstream Buyer,Electronics,2025-02-07
5981,Ethan Singh,24,Female,Chandigarh,Value Seeker,Home & Kitchen,2025-03-02
5982,Kritika Baria,45,Female,Indore,Value Seeker,Automotive,2024-11-09
5983,Tejas Dar,51,Male,Chandigarh,Premium Buyer,Automotive,2025-03-21
5984,Adya Kota,28,Male,Jaipur,Value Seeker,Sports & Outdoors,2024-01-31
5985,Ekalinga Ram,27,Other,Lucknow,Mainstream Buyer,Fashion,2026-05-30
5986,Nicholas Dora,19,Female,Bengaluru,Value Seeker,Electronics,2026-05-14
5987,Samaksh Dani,29,Female,Bengaluru,Budget Shopper,Home & Kitchen,2026-02-14
5988,Vidhi Atwal,25,Male,Bhubaneswar,Value Seeker,Grocery & Gourmet,2026-02-16
5989,Jeevika Ravi,57,Male,Kochi,Luxury Enthusiast,Automotive,2025-04-05
5990,Omisha Ramaswamy,25,Male,Delhi,Value Seeker,Home & Kitchen,2026-04-20
5991,Banjeet Rajagopal,18,Female,Pune,Budget Shopper,Health & Wellness,2026-01-08
5992,Meera Dua,39,Male,Nagpur,Mainstream Buyer,Automotive,2025-03-17
5993,Yauvani Ramesh,40,Male,Mumbai,Luxury Enthusiast,Health & Wellness,2024-04-07
5994,Janaki Bhasin,43,Other,Ahmedabad,Premium Buyer,Grocery & Gourmet,2024-07-04
5995,Bhavini Kumar,45,Female,Chandigarh,Mainstream Buyer,Books & Media,2025-12-16
5996,Balhaar Sastry,33,Male,Nagpur,Value Seeker,Health & Wellness,2026-05-12
5997,Mahika Hegde,38,Female,Kolkata,Mainstream Buyer,Toys & Games,2024-08-31
5998,Ranbir Kar,44,Female,Bhubaneswar,Premium Buyer,Automotive,2024-07-25
5999,Hemangini Anand,27,Female,Lucknow,Premium Buyer,Sports & Outdoors,2024-03-12
6000,Krisha Ganesh,46,Male,Pune,Premium Buyer,Home & Kitchen,2025-06-04
